run: results/1790875091168839545-3035313
step user start 15791: %_2.i2.i = alloca [96 x i8], align 16
step user start 15792: %_2.i.i = alloca [96 x i8], align 16
step user start 15793: %_4.i.i.i.i = alloca [24 x i8], align 8
step user start 15794: %_12.i = alloca [32 x i8], align 8
step user start 15795: %node.i = alloca [32 x i8], align 8
step user start 15796: %s.i = alloca [40 x i8], align 8
step user start 15797: %_5.i = alloca [24 x i8], align 8
step user start 15798: %state.i = alloca [192 x i8], align 8
step user start 15799: call void @llvm.lifetime.start.p0(i64 192, ptr nonnull %state.i)
step user start 15800: tail call void @llvm.experimental.noalias.scope.decl(metadata !17833)
step user start 15801: %_3.i.i.i.i.i.i = tail call align 8 ptr @llvm.threadlocal.address.p0(ptr @"_ZN3std4hash6random11RandomState3new4KEYS29_$u7b$$u7b$constant$u7d$$u7d$28_$u7b$$u7b$closure$u7d$$u7d$23__RUST_STD_INTERNAL_VAL17hd84561f74b55d637E")
step user start 15802: %_12.i.i.i.i.i.i.i = getelementptr inbounds nuw i8, ptr %_3.i.i.i.i.i.i, i64 16
step user start 15803: %0 = load i8, ptr %_12.i.i.i.i.i.i.i, align 8
step user start 15804: %_4.i.i.i1.i.i.i.i = trunc nuw i8 %0 to i1
step user start 15805: br i1 %_4.i.i.i1.i.i.i.i, label %"_ZN96_$LT$std..collections..hash..map..HashMap$LT$K$C$V$C$S$GT$$u20$as$u20$core..default..Default$GT$7default17h705377acd2cc3649E.exit.i.i", label %bb2.i.i.i.i.i.i.i
step user bb2.i.i.i.i.i.i.i 15809: %1 = tail call { i64, i64 } @_ZN3std3sys6random5linux19hashmap_random_keys17hfa8be8b76fbdbfc1E() #40
step std 0 90060: %1 = alloca [16 x i8], align 1
step std 0 90061: call void @llvm.lifetime.start.p0(i64 16, ptr nonnull %1)
step std 0 90062: call void @llvm.memset.p0.i64(ptr noundef nonnull align 1 dereferenceable(16) %1, i8 0, i64 16, i1 false)
step std 0 90063: call fastcc void @_ZN3std3sys6random5linux9getrandom17h403b88ff8b43d2d3E(ptr noalias noundef nonnull align 1 %1, i64 noundef 16, i1 noundef zeroext true)
step std 3 90075: %4 = alloca [8 x i8], align 8
step std 3 90076: %5 = alloca [8 x i8], align 8
step std 3 90077: %6 = alloca [24 x i8], align 8
step std 3 90078: %7 = alloca [384 x i8], align 1
step std 3 90079: %8 = alloca [16 x i8], align 8
step std 3 90080: %9 = alloca [16 x i8], align 4
step std 3 90081: %10 = alloca [8 x i8], align 4
step std 3 90082: %11 = load atomic i8, ptr @_ZN3std3sys6random5linux9getrandom19GETRANDOM_AVAILABLE17h8cfca5359503d428E.0 monotonic, align 1
step std 3 90083: %12 = icmp eq i8 %11, 0
step std 3 90084: br i1 %12, label %77, label %13
step std 13 90087: %14 = icmp eq i64 %1, 0
step std 13 90088: br i1 %14, label %83, label %15
step std 15 90091: %16 = icmp eq i64 ptrtoint (ptr @getrandom to i64), 0
step std 15 90092: %17 = icmp ne ptr @getrandom, null
step std 15 90093: br i1 %16, label %18, label %55
step std 55 90172: tail call void @llvm.assume(i1 %17)
step std 55 90173: br i1 %2, label %56, label %196
step std 56 90178: br label %65
step std 65 90191: %66 = load atomic i8, ptr @_ZN3std3sys6random5linux9getrandom23GRND_INSECURE_AVAILABLE17hbf84d3795def3979E.0 monotonic, align 1
step std 65 90192: %67 = icmp eq i8 %66, 0
step std 65 90193: %68 = select i1 %67, i32 1, i32 4
step std 65 90194: %69 = tail call noundef i64 @getrandom(ptr noundef nonnull %57, i64 noundef range(i64 1, -9223372036854775808) %58, i32 noundef range(i32 0, 5) %68) #29
step std 65 90195: %70 = icmp eq i64 %69, -1
step std 65 90196: br i1 %70, label %71, label %63
step std 63 90187: %64 = icmp ugt i64 %69, %58
step std 63 90188: br i1 %64, label %199, label %59
step std 59 90181: %60 = sub nuw nsw i64 %58, %69
step std 59 90182: %61 = getelementptr inbounds nuw i8, ptr %57, i64 %69
step std 59 90183: %62 = icmp eq i64 %60, 0
step std 59 90184: br i1 %62, label %83, label %56
step std 83 90230: ret void
step std 0 90064: %2 = load i64, ptr %1, align 1
step std 0 90065: %3 = getelementptr inbounds nuw i8, ptr %1, i64 8
step std 0 90066: %4 = load i64, ptr %3, align 1
step std 0 90067: call void @llvm.lifetime.end.p0(i64 16, ptr nonnull %1)
step std 0 90068: %5 = insertvalue { i64, i64 } poison, i64 %2, 0
step std 0 90069: %6 = insertvalue { i64, i64 } %5, i64 %4, 1
step std 0 90070: ret { i64, i64 } %6
step user bb2.i.i.i.i.i.i.i 15810: %2 = extractvalue { i64, i64 } %1, 0
step user bb2.i.i.i.i.i.i.i 15811: %3 = extractvalue { i64, i64 } %1, 1
step user bb2.i.i.i.i.i.i.i 15812: %4 = getelementptr inbounds nuw i8, ptr %_3.i.i.i.i.i.i, i64 8
step user bb2.i.i.i.i.i.i.i 15813: store i64 %2, ptr %_3.i.i.i.i.i.i, align 8
step user bb2.i.i.i.i.i.i.i 15814: store i64 %3, ptr %4, align 8
step user bb2.i.i.i.i.i.i.i 15815: store i8 1, ptr %_12.i.i.i.i.i.i.i, align 8
step user bb2.i.i.i.i.i.i.i 15816: br label %"_ZN96_$LT$std..collections..hash..map..HashMap$LT$K$C$V$C$S$GT$$u20$as$u20$core..default..Default$GT$7default17h705377acd2cc3649E.exit.i.i"
step user "_ZN96_$LT$std..collections..hash..map..HashMap$LT$K$C$V$C$S$GT$$u20$as$u20$core..default..Default$GT$7default17h705377acd2cc3649E.exit.i.i" 15819: %_9.i.i.i.i.i.i.i = load i64, ptr %_3.i.i.i.i.i.i, align 8
step user "_ZN96_$LT$std..collections..hash..map..HashMap$LT$K$C$V$C$S$GT$$u20$as$u20$core..default..Default$GT$7default17h705377acd2cc3649E.exit.i.i" 15820: %5 = getelementptr inbounds nuw i8, ptr %_3.i.i.i.i.i.i, i64 8
step user "_ZN96_$LT$std..collections..hash..map..HashMap$LT$K$C$V$C$S$GT$$u20$as$u20$core..default..Default$GT$7default17h705377acd2cc3649E.exit.i.i" 15821: %_10.i.i.i.i.i.i.i = load i64, ptr %5, align 8
step user "_ZN96_$LT$std..collections..hash..map..HashMap$LT$K$C$V$C$S$GT$$u20$as$u20$core..default..Default$GT$7default17h705377acd2cc3649E.exit.i.i" 15822: %_4.i.i.i.i.i.i.i = add i64 %_9.i.i.i.i.i.i.i, 1
step user "_ZN96_$LT$std..collections..hash..map..HashMap$LT$K$C$V$C$S$GT$$u20$as$u20$core..default..Default$GT$7default17h705377acd2cc3649E.exit.i.i" 15823: store i64 %_4.i.i.i.i.i.i.i, ptr %_3.i.i.i.i.i.i, align 8
step user "_ZN96_$LT$std..collections..hash..map..HashMap$LT$K$C$V$C$S$GT$$u20$as$u20$core..default..Default$GT$7default17h705377acd2cc3649E.exit.i.i" 15824: %6 = load i8, ptr %_12.i.i.i.i.i.i.i, align 8
step user "_ZN96_$LT$std..collections..hash..map..HashMap$LT$K$C$V$C$S$GT$$u20$as$u20$core..default..Default$GT$7default17h705377acd2cc3649E.exit.i.i" 15825: %_4.i.i.i1.i.i3.i.i = trunc nuw i8 %6 to i1
step user "_ZN96_$LT$std..collections..hash..map..HashMap$LT$K$C$V$C$S$GT$$u20$as$u20$core..default..Default$GT$7default17h705377acd2cc3649E.exit.i.i" 15826: br i1 %_4.i.i.i1.i.i3.i.i, label %"_ZN96_$LT$std..collections..hash..map..HashMap$LT$K$C$V$C$S$GT$$u20$as$u20$core..default..Default$GT$7default17hd6dadc789f87bfeaE.exit.i.i", label %bb2.i.i.i.i.i4.i.i
step user "_ZN96_$LT$std..collections..hash..map..HashMap$LT$K$C$V$C$S$GT$$u20$as$u20$core..default..Default$GT$7default17hd6dadc789f87bfeaE.exit.i.i" 15839: %_9.i.i.i.i.i5.i.i = load i64, ptr %_3.i.i.i.i.i.i, align 8
step user "_ZN96_$LT$std..collections..hash..map..HashMap$LT$K$C$V$C$S$GT$$u20$as$u20$core..default..Default$GT$7default17hd6dadc789f87bfeaE.exit.i.i" 15840: %_10.i.i.i.i.i6.i.i = load i64, ptr %5, align 8
step user "_ZN96_$LT$std..collections..hash..map..HashMap$LT$K$C$V$C$S$GT$$u20$as$u20$core..default..Default$GT$7default17hd6dadc789f87bfeaE.exit.i.i" 15841: %_4.i.i.i.i.i7.i.i = add i64 %_9.i.i.i.i.i5.i.i, 1
step user "_ZN96_$LT$std..collections..hash..map..HashMap$LT$K$C$V$C$S$GT$$u20$as$u20$core..default..Default$GT$7default17hd6dadc789f87bfeaE.exit.i.i" 15842: store i64 %_4.i.i.i.i.i7.i.i, ptr %_3.i.i.i.i.i.i, align 8
step user "_ZN96_$LT$std..collections..hash..map..HashMap$LT$K$C$V$C$S$GT$$u20$as$u20$core..default..Default$GT$7default17hd6dadc789f87bfeaE.exit.i.i" 15843: %10 = load i8, ptr %_12.i.i.i.i.i.i.i, align 8
step user "_ZN96_$LT$std..collections..hash..map..HashMap$LT$K$C$V$C$S$GT$$u20$as$u20$core..default..Default$GT$7default17hd6dadc789f87bfeaE.exit.i.i" 15844: %_4.i.i.i1.i.i12.i.i = trunc nuw i8 %10 to i1
step user "_ZN96_$LT$std..collections..hash..map..HashMap$LT$K$C$V$C$S$GT$$u20$as$u20$core..default..Default$GT$7default17hd6dadc789f87bfeaE.exit.i.i" 15845: br i1 %_4.i.i.i1.i.i12.i.i, label %"_ZN96_$LT$std..collections..hash..map..HashMap$LT$K$C$V$C$S$GT$$u20$as$u20$core..default..Default$GT$7default17hc6dc1a572a6272f4E.exit.i.i", label %bb2.i.i.i.i.i13.i.i
step user "_ZN96_$LT$std..collections..hash..map..HashMap$LT$K$C$V$C$S$GT$$u20$as$u20$core..default..Default$GT$7default17hc6dc1a572a6272f4E.exit.i.i" 15858: %_9.i.i.i.i.i14.i.i = load i64, ptr %_3.i.i.i.i.i.i, align 8
step user "_ZN96_$LT$std..collections..hash..map..HashMap$LT$K$C$V$C$S$GT$$u20$as$u20$core..default..Default$GT$7default17hc6dc1a572a6272f4E.exit.i.i" 15859: %_10.i.i.i.i.i15.i.i = load i64, ptr %5, align 8
step user "_ZN96_$LT$std..collections..hash..map..HashMap$LT$K$C$V$C$S$GT$$u20$as$u20$core..default..Default$GT$7default17hc6dc1a572a6272f4E.exit.i.i" 15860: %_4.i.i.i.i.i16.i.i = add i64 %_9.i.i.i.i.i14.i.i, 1
step user "_ZN96_$LT$std..collections..hash..map..HashMap$LT$K$C$V$C$S$GT$$u20$as$u20$core..default..Default$GT$7default17hc6dc1a572a6272f4E.exit.i.i" 15861: store i64 %_4.i.i.i.i.i16.i.i, ptr %_3.i.i.i.i.i.i, align 8
step user "_ZN96_$LT$std..collections..hash..map..HashMap$LT$K$C$V$C$S$GT$$u20$as$u20$core..default..Default$GT$7default17hc6dc1a572a6272f4E.exit.i.i" 15862: %14 = load i8, ptr %_12.i.i.i.i.i.i.i, align 8
step user "_ZN96_$LT$std..collections..hash..map..HashMap$LT$K$C$V$C$S$GT$$u20$as$u20$core..default..Default$GT$7default17hc6dc1a572a6272f4E.exit.i.i" 15863: %_4.i.i.i1.i.i21.i.i = trunc nuw i8 %14 to i1
step user "_ZN96_$LT$std..collections..hash..map..HashMap$LT$K$C$V$C$S$GT$$u20$as$u20$core..default..Default$GT$7default17hc6dc1a572a6272f4E.exit.i.i" 15864: br i1 %_4.i.i.i1.i.i21.i.i, label %"_ZN66_$LT$check..knownbits..State$u20$as$u20$core..default..Default$GT$7default17h7418203c09cc558dE.exit.i", label %bb2.i.i.i.i.i22.i.i
step user "_ZN66_$LT$check..knownbits..State$u20$as$u20$core..default..Default$GT$7default17h7418203c09cc558dE.exit.i" 15877: %_9.i.i.i.i.i23.i.i = load i64, ptr %_3.i.i.i.i.i.i, align 8
step user "_ZN66_$LT$check..knownbits..State$u20$as$u20$core..default..Default$GT$7default17h7418203c09cc558dE.exit.i" 15878: %_10.i.i.i.i.i24.i.i = load i64, ptr %5, align 8
step user "_ZN66_$LT$check..knownbits..State$u20$as$u20$core..default..Default$GT$7default17h7418203c09cc558dE.exit.i" 15879: %_4.i.i.i.i.i25.i.i = add i64 %_9.i.i.i.i.i23.i.i, 1
step user "_ZN66_$LT$check..knownbits..State$u20$as$u20$core..default..Default$GT$7default17h7418203c09cc558dE.exit.i" 15880: store i64 %_4.i.i.i.i.i25.i.i, ptr %_3.i.i.i.i.i.i, align 8
step user "_ZN66_$LT$check..knownbits..State$u20$as$u20$core..default..Default$GT$7default17h7418203c09cc558dE.exit.i" 15881: call void @llvm.memcpy.p0.p0.i64(ptr noundef nonnull align 8 dereferenceable(192) %state.i, ptr noundef nonnull align 8 dereferenceable(32) @anon.9a53eaacaf277037e58b5c86348e2bf2.0, i64 32, i1 false)
step user "_ZN66_$LT$check..knownbits..State$u20$as$u20$core..default..Default$GT$7default17h7418203c09cc558dE.exit.i" 15882: %_1.sroa.4.0._0.sroa_idx.i.i = getelementptr inbounds nuw i8, ptr %state.i, i64 32
step user "_ZN66_$LT$check..knownbits..State$u20$as$u20$core..default..Default$GT$7default17h7418203c09cc558dE.exit.i" 15883: store i64 %_9.i.i.i.i.i.i.i, ptr %_1.sroa.4.0._0.sroa_idx.i.i, align 8
step user "_ZN66_$LT$check..knownbits..State$u20$as$u20$core..default..Default$GT$7default17h7418203c09cc558dE.exit.i" 15884: %_1.sroa.5.0._0.sroa_idx.i.i = getelementptr inbounds nuw i8, ptr %state.i, i64 40
step user "_ZN66_$LT$check..knownbits..State$u20$as$u20$core..default..Default$GT$7default17h7418203c09cc558dE.exit.i" 15885: store i64 %_10.i.i.i.i.i.i.i, ptr %_1.sroa.5.0._0.sroa_idx.i.i, align 8
step user "_ZN66_$LT$check..knownbits..State$u20$as$u20$core..default..Default$GT$7default17h7418203c09cc558dE.exit.i" 15886: %18 = getelementptr inbounds nuw i8, ptr %state.i, i64 48
step user "_ZN66_$LT$check..knownbits..State$u20$as$u20$core..default..Default$GT$7default17h7418203c09cc558dE.exit.i" 15887: call void @llvm.memcpy.p0.p0.i64(ptr noundef nonnull align 8 dereferenceable(32) %18, ptr noundef nonnull align 8 dereferenceable(32) @anon.9a53eaacaf277037e58b5c86348e2bf2.0, i64 32, i1 false)
step user "_ZN66_$LT$check..knownbits..State$u20$as$u20$core..default..Default$GT$7default17h7418203c09cc558dE.exit.i" 15888: %_2.sroa.4.0..sroa_idx.i.i = getelementptr inbounds nuw i8, ptr %state.i, i64 80
step user "_ZN66_$LT$check..knownbits..State$u20$as$u20$core..default..Default$GT$7default17h7418203c09cc558dE.exit.i" 15889: store i64 %_9.i.i.i.i.i5.i.i, ptr %_2.sroa.4.0..sroa_idx.i.i, align 8
step user "_ZN66_$LT$check..knownbits..State$u20$as$u20$core..default..Default$GT$7default17h7418203c09cc558dE.exit.i" 15890: %_2.sroa.5.0..sroa_idx.i.i = getelementptr inbounds nuw i8, ptr %state.i, i64 88
step user "_ZN66_$LT$check..knownbits..State$u20$as$u20$core..default..Default$GT$7default17h7418203c09cc558dE.exit.i" 15891: store i64 %_10.i.i.i.i.i6.i.i, ptr %_2.sroa.5.0..sroa_idx.i.i, align 8
step user "_ZN66_$LT$check..knownbits..State$u20$as$u20$core..default..Default$GT$7default17h7418203c09cc558dE.exit.i" 15892: %19 = getelementptr inbounds nuw i8, ptr %state.i, i64 96
step user "_ZN66_$LT$check..knownbits..State$u20$as$u20$core..default..Default$GT$7default17h7418203c09cc558dE.exit.i" 15893: call void @llvm.memcpy.p0.p0.i64(ptr noundef nonnull align 8 dereferenceable(32) %19, ptr noundef nonnull align 8 dereferenceable(32) @anon.9a53eaacaf277037e58b5c86348e2bf2.0, i64 32, i1 false)
step user "_ZN66_$LT$check..knownbits..State$u20$as$u20$core..default..Default$GT$7default17h7418203c09cc558dE.exit.i" 15894: %_3.sroa.4.0..sroa_idx.i.i = getelementptr inbounds nuw i8, ptr %state.i, i64 128
step user "_ZN66_$LT$check..knownbits..State$u20$as$u20$core..default..Default$GT$7default17h7418203c09cc558dE.exit.i" 15895: store i64 %_9.i.i.i.i.i14.i.i, ptr %_3.sroa.4.0..sroa_idx.i.i, align 8
step user "_ZN66_$LT$check..knownbits..State$u20$as$u20$core..default..Default$GT$7default17h7418203c09cc558dE.exit.i" 15896: %_3.sroa.5.0..sroa_idx.i.i = getelementptr inbounds nuw i8, ptr %state.i, i64 136
step user "_ZN66_$LT$check..knownbits..State$u20$as$u20$core..default..Default$GT$7default17h7418203c09cc558dE.exit.i" 15897: store i64 %_10.i.i.i.i.i15.i.i, ptr %_3.sroa.5.0..sroa_idx.i.i, align 8
step user "_ZN66_$LT$check..knownbits..State$u20$as$u20$core..default..Default$GT$7default17h7418203c09cc558dE.exit.i" 15898: %20 = getelementptr inbounds nuw i8, ptr %state.i, i64 144
step user "_ZN66_$LT$check..knownbits..State$u20$as$u20$core..default..Default$GT$7default17h7418203c09cc558dE.exit.i" 15899: call void @llvm.memcpy.p0.p0.i64(ptr noundef nonnull align 8 dereferenceable(32) %20, ptr noundef nonnull align 8 dereferenceable(32) @anon.9a53eaacaf277037e58b5c86348e2bf2.0, i64 32, i1 false)
step user "_ZN66_$LT$check..knownbits..State$u20$as$u20$core..default..Default$GT$7default17h7418203c09cc558dE.exit.i" 15900: %_4.sroa.4.0..sroa_idx.i.i = getelementptr inbounds nuw i8, ptr %state.i, i64 176
step user "_ZN66_$LT$check..knownbits..State$u20$as$u20$core..default..Default$GT$7default17h7418203c09cc558dE.exit.i" 15901: store i64 %_9.i.i.i.i.i23.i.i, ptr %_4.sroa.4.0..sroa_idx.i.i, align 8
step user "_ZN66_$LT$check..knownbits..State$u20$as$u20$core..default..Default$GT$7default17h7418203c09cc558dE.exit.i" 15902: %_4.sroa.5.0..sroa_idx.i.i = getelementptr inbounds nuw i8, ptr %state.i, i64 184
step user "_ZN66_$LT$check..knownbits..State$u20$as$u20$core..default..Default$GT$7default17h7418203c09cc558dE.exit.i" 15903: store i64 %_10.i.i.i.i.i24.i.i, ptr %_4.sroa.5.0..sroa_idx.i.i, align 8
step user "_ZN66_$LT$check..knownbits..State$u20$as$u20$core..default..Default$GT$7default17h7418203c09cc558dE.exit.i" 15904: call void @llvm.lifetime.start.p0(i64 24, ptr nonnull %_5.i)
step user "_ZN66_$LT$check..knownbits..State$u20$as$u20$core..default..Default$GT$7default17h7418203c09cc558dE.exit.i" 15905: tail call void @llvm.experimental.noalias.scope.decl(metadata !18071)
step user "_ZN66_$LT$check..knownbits..State$u20$as$u20$core..default..Default$GT$7default17h7418203c09cc558dE.exit.i" 15906: call void @llvm.lifetime.start.p0(i64 24, ptr nonnull %_4.i.i.i.i)
step user "_ZN66_$LT$check..knownbits..State$u20$as$u20$core..default..Default$GT$7default17h7418203c09cc558dE.exit.i" 15908: call void @"_ZN5alloc7raw_vec20RawVecInner$LT$A$GT$15try_allocate_in17hc67d7bda7bd87c69E"(ptr noalias noundef sret([24 x i8]) align 8 captures(none) dereferenceable(24) %_4.i.i.i.i, i64 noundef range(i64 0, -9223372036854775808) 1, i1 noundef zeroext false, i64 noundef 1, i64 noundef 1) #40
step gimli 5 4126: %6 = add i64 %3, -1
step gimli 5 4127: %7 = add nuw i64 %6, %4
step gimli 5 4128: %8 = sub i64 0, %3
step gimli 5 4129: %9 = and i64 %7, %8
step gimli 5 4130: %10 = tail call { i64, i1 } @llvm.umul.with.overflow.i64(i64 %9, i64 %1)
step gimli 5 4131: %11 = extractvalue { i64, i1 } %10, 0
step gimli 5 4132: %12 = extractvalue { i64, i1 } %10, 1
step gimli 5 4133: %13 = sub nuw i64 -9223372036854775808, %3
step gimli 5 4134: %14 = icmp ugt i64 %11, %13
step gimli 5 4135: %15 = select i1 %12, i1 true, i1 %14
step gimli 5 4136: br i1 %15, label %16, label %18
step gimli 18 4144: %19 = icmp eq i64 %11, 0
step gimli 18 4145: br i1 %19, label %20, label %24
step gimli 24 4156: tail call void @_RNvCs1Y7DaGC1cwg_7___rustc35___rust_no_alloc_shim_is_unstable_v2() #37
step gimli 24 4157: br i1 %2, label %27, label %29
step gimli 29 4169: %30 = tail call noundef ptr @_RNvCs1Y7DaGC1cwg_7___rustc12___rust_alloc(i64 noundef %11, i64 noundef range(i64 1, -9223372036854775807) %3) #37
step gimli 29 4170: br label %31
step gimli 31 4174: %33 = icmp eq ptr %32, null
step gimli 31 4175: br i1 %33, label %34, label %37
step gimli 37 4185: %38 = icmp sgt i64 %1, -1
step gimli 37 4186: tail call void @llvm.assume(i1 %38)
step gimli 37 4187: %39 = getelementptr inbounds nuw i8, ptr %0, i64 8
step gimli 37 4188: store i64 %1, ptr %39, align 8
step gimli 37 4189: %40 = getelementptr inbounds nuw i8, ptr %0, i64 16
step gimli 37 4190: store ptr %32, ptr %40, align 8
step gimli 37 4191: br label %25
step gimli 25 4161: store i64 %26, ptr %0, align 8
step gimli 25 4162: ret void
step user "_ZN66_$LT$check..knownbits..State$u20$as$u20$core..default..Default$GT$7default17h7418203c09cc558dE.exit.i" 15909: %_5.i.i.i.i = load i64, ptr %_4.i.i.i.i, align 8
step user "_ZN66_$LT$check..knownbits..State$u20$as$u20$core..default..Default$GT$7default17h7418203c09cc558dE.exit.i" 15910: %21 = trunc nuw i64 %_5.i.i.i.i to i1
step user "_ZN66_$LT$check..knownbits..State$u20$as$u20$core..default..Default$GT$7default17h7418203c09cc558dE.exit.i" 15911: %22 = getelementptr inbounds nuw i8, ptr %_4.i.i.i.i, i64 8
step user "_ZN66_$LT$check..knownbits..State$u20$as$u20$core..default..Default$GT$7default17h7418203c09cc558dE.exit.i" 15912: %err.0.i.i.i.i = load i64, ptr %22, align 8
step user "_ZN66_$LT$check..knownbits..State$u20$as$u20$core..default..Default$GT$7default17h7418203c09cc558dE.exit.i" 15913: %23 = getelementptr inbounds nuw i8, ptr %_4.i.i.i.i, i64 16
step user "_ZN66_$LT$check..knownbits..State$u20$as$u20$core..default..Default$GT$7default17h7418203c09cc558dE.exit.i" 15914: br i1 %21, label %bb3.i.i.i.i, label %"_ZN5alloc3str56_$LT$impl$u20$alloc..borrow..ToOwned$u20$for$u20$str$GT$8to_owned17hfd8770c0e3926be2E.exit.i"
step user "_ZN5alloc3str56_$LT$impl$u20$alloc..borrow..ToOwned$u20$for$u20$str$GT$8to_owned17hfd8770c0e3926be2E.exit.i" 15923: %this.1.i.i.i.i = load ptr, ptr %23, align 8
step user "_ZN5alloc3str56_$LT$impl$u20$alloc..borrow..ToOwned$u20$for$u20$str$GT$8to_owned17hfd8770c0e3926be2E.exit.i" 15924: %_7.i.i.i.i = icmp ne i64 %err.0.i.i.i.i, 0
step user "_ZN5alloc3str56_$LT$impl$u20$alloc..borrow..ToOwned$u20$for$u20$str$GT$8to_owned17hfd8770c0e3926be2E.exit.i" 15925: tail call void @llvm.assume(i1 %_7.i.i.i.i)
step user "_ZN5alloc3str56_$LT$impl$u20$alloc..borrow..ToOwned$u20$for$u20$str$GT$8to_owned17hfd8770c0e3926be2E.exit.i" 15926: call void @llvm.lifetime.end.p0(i64 24, ptr nonnull %_4.i.i.i.i)
step user "_ZN5alloc3str56_$LT$impl$u20$alloc..borrow..ToOwned$u20$for$u20$str$GT$8to_owned17hfd8770c0e3926be2E.exit.i" 15927: store i8 120, ptr %this.1.i.i.i.i, align 1
step user "_ZN5alloc3str56_$LT$impl$u20$alloc..borrow..ToOwned$u20$for$u20$str$GT$8to_owned17hfd8770c0e3926be2E.exit.i" 15928: store i64 %err.0.i.i.i.i, ptr %_5.i, align 8
step user "_ZN5alloc3str56_$LT$impl$u20$alloc..borrow..ToOwned$u20$for$u20$str$GT$8to_owned17hfd8770c0e3926be2E.exit.i" 15929: %bytes.sroa.4.0._0.sroa_idx.i.i = getelementptr inbounds nuw i8, ptr %_5.i, i64 8
step user "_ZN5alloc3str56_$LT$impl$u20$alloc..borrow..ToOwned$u20$for$u20$str$GT$8to_owned17hfd8770c0e3926be2E.exit.i" 15930: store ptr %this.1.i.i.i.i, ptr %bytes.sroa.4.0._0.sroa_idx.i.i, align 8
step user "_ZN5alloc3str56_$LT$impl$u20$alloc..borrow..ToOwned$u20$for$u20$str$GT$8to_owned17hfd8770c0e3926be2E.exit.i" 15931: %bytes.sroa.5.0._0.sroa_idx.i.i = getelementptr inbounds nuw i8, ptr %_5.i, i64 16
step user "_ZN5alloc3str56_$LT$impl$u20$alloc..borrow..ToOwned$u20$for$u20$str$GT$8to_owned17hfd8770c0e3926be2E.exit.i" 15932: store i64 1, ptr %bytes.sroa.5.0._0.sroa_idx.i.i, align 8
step user "_ZN5alloc3str56_$LT$impl$u20$alloc..borrow..ToOwned$u20$for$u20$str$GT$8to_owned17hfd8770c0e3926be2E.exit.i" 15934: %24 = call { i32, i32 } @"_ZN9hashbrown3map28HashMap$LT$K$C$V$C$S$C$A$GT$6insert17hb334c70055450109E"(ptr noalias noundef nonnull align 8 dereferenceable(48) %18, ptr noalias noundef nonnull align 8 captures(address) dereferenceable(24) %_5.i, i32 noundef 8) #40
step user start 13036: %hash_builder = getelementptr inbounds nuw i8, ptr %self, i64 32
step user start 13038: %hash = tail call noundef i64 @_ZN4core4hash11BuildHasher8hash_one17h7c3ba384182a16edE(ptr noalias noundef readonly align 8 captures(address, read_provenance) dereferenceable(16) %hash_builder, ptr noalias noundef readonly align 8 captures(address, read_provenance) dereferenceable(24) %k) #40
step user start 1886: %_8.i.i.i.i = alloca [1 x i8], align 1
step user start 1887: %hasher = alloca [72 x i8], align 8
step user start 1888: call void @llvm.lifetime.start.p0(i64 72, ptr nonnull %hasher)
step user start 1889: tail call void @llvm.experimental.noalias.scope.decl(metadata !2416)
step user start 1890: tail call void @llvm.experimental.noalias.scope.decl(metadata !2420)
step user start 1891: %key0.i = load i64, ptr %self, align 8
step user start 1892: %1 = getelementptr inbounds nuw i8, ptr %self, i64 8
step user start 1893: %key1.i = load i64, ptr %1, align 8
step user start 1894: %2 = xor i64 %key0.i, 8317987319222330741
step user start 1895: %3 = xor i64 %key1.i, 7237128888997146477
step user start 1896: %4 = xor i64 %key0.i, 7816392313619706465
step user start 1897: %5 = xor i64 %key1.i, 8387220255154660723
step user start 1898: store i64 %2, ptr %hasher, align 8
step user start 1899: %_2.sroa.4.0._0.sroa_idx.i = getelementptr inbounds nuw i8, ptr %hasher, i64 8
step user start 1900: store i64 %4, ptr %_2.sroa.4.0._0.sroa_idx.i, align 8
step user start 1901: %_2.sroa.5.0._0.sroa_idx.i = getelementptr inbounds nuw i8, ptr %hasher, i64 16
step user start 1902: store i64 %3, ptr %_2.sroa.5.0._0.sroa_idx.i, align 8
step user start 1903: %_2.sroa.6.0._0.sroa_idx.i = getelementptr inbounds nuw i8, ptr %hasher, i64 24
step user start 1904: store i64 %5, ptr %_2.sroa.6.0._0.sroa_idx.i, align 8
step user start 1905: %_2.sroa.7.0._0.sroa_idx.i = getelementptr inbounds nuw i8, ptr %hasher, i64 32
step user start 1906: store i64 %key0.i, ptr %_2.sroa.7.0._0.sroa_idx.i, align 8
step user start 1907: %_2.sroa.8.0._0.sroa_idx.i = getelementptr inbounds nuw i8, ptr %hasher, i64 40
step user start 1908: store i64 %key1.i, ptr %_2.sroa.8.0._0.sroa_idx.i, align 8
step user start 1909: %_2.sroa.9.0._0.sroa_idx.i = getelementptr inbounds nuw i8, ptr %hasher, i64 48
step user start 1910: call void @llvm.memset.p0.i64(ptr noundef nonnull align 8 dereferenceable(24) %_2.sroa.9.0._0.sroa_idx.i, i8 0, i64 24, i1 false)
step user start 1911: tail call void @llvm.experimental.noalias.scope.decl(metadata !2433)
step user start 1912: %6 = getelementptr inbounds nuw i8, ptr %0, i64 8
step user start 1913: %_8.i.i = load ptr, ptr %6, align 8
step user start 1914: %7 = getelementptr inbounds nuw i8, ptr %0, i64 16
step user start 1915: %_7.i.i = load i64, ptr %7, align 8
step user start 1917: call fastcc void @"_ZN71_$LT$core..hash..sip..Hasher$LT$S$GT$$u20$as$u20$core..hash..Hasher$GT$5write17hba117e9134b59eddE"(ptr noalias noundef nonnull align 8 dereferenceable(72) %hasher, ptr noalias noundef nonnull readonly align 1 captures(address, read_provenance) %_8.i.i, i64 noundef %_7.i.i) #43
step user start 11798: %0 = getelementptr inbounds nuw i8, ptr %self, i64 48
step user start 11799: %1 = load i64, ptr %0, align 8
step user start 11800: %2 = add i64 %1, %msg.1
step user start 11801: store i64 %2, ptr %0, align 8
step user start 11802: %3 = getelementptr inbounds nuw i8, ptr %self, i64 64
step user start 11803: %_5 = load i64, ptr %3, align 8
step user start 11804: %4 = icmp eq i64 %_5, 0
step user start 11805: br i1 %4, label %bb7, label %bb1
step user bb7 11864: %len = sub i64 %msg.1, %needed.sroa.0.0
step user bb7 11865: %left = and i64 %len, 7
step user bb7 11866: %_24 = and i64 %len, -8
step user bb7 11867: %_2245 = icmp ult i64 %needed.sroa.0.0, %_24
step user bb7 11868: br i1 %_2245, label %bb9.lr.ph, label %bb11
step user bb11 11932: %_5.i10 = icmp samesign ugt i64 %left, 3
step user bb11 11933: br i1 %_5.i10, label %bb1.i33, label %bb3.i11
step user bb3.i11 11944: %_17.i14 = or disjoint i64 %i.sroa.0.0.i12, 1
step user bb3.i11 11945: %_16.i15 = icmp samesign ult i64 %_17.i14, %left
step user bb3.i11 11946: br i1 %_16.i15, label %bb4.i27, label %bb6.i16
step user bb6.i16 11962: %_31.i19 = icmp ult i64 %i.sroa.0.1.i17, %left
step user bb6.i16 11963: br i1 %_31.i19, label %bb7.i21, label %_ZN4core4hash3sip9u8to64_le17h273682197a8b0fbbE.exit35
step user bb7.i21 11966: %index.i = add i64 %i.sroa.0.1.i17, %needed.sroa.0.1.lcssa
step user bb7.i21 11967: %_51.i = icmp ult i64 %index.i, %msg.1
step user bb7.i21 11968: tail call void @llvm.assume(i1 %_51.i)
step user bb7.i21 11969: %_48.i22 = getelementptr inbounds nuw i8, ptr %msg.0, i64 %index.i
step user bb7.i21 11970: %_35.i23 = load i8, ptr %_48.i22, align 1
step user bb7.i21 11971: %_34.i24 = zext i8 %_35.i23 to i64
step user bb7.i21 11972: %_38.i25 = shl nuw nsw i64 %i.sroa.0.1.i17, 3
step user bb7.i21 11973: %_33.i26 = shl nuw nsw i64 %_34.i24, %_38.i25
step user bb7.i21 11974: %38 = or i64 %_33.i26, %out.sroa.0.1.i18
step user bb7.i21 11975: br label %_ZN4core4hash3sip9u8to64_le17h273682197a8b0fbbE.exit35
step user _ZN4core4hash3sip9u8to64_le17h273682197a8b0fbbE.exit35 11979: %39 = getelementptr inbounds nuw i8, ptr %self, i64 56
step user _ZN4core4hash3sip9u8to64_le17h273682197a8b0fbbE.exit35 11980: store i64 %out.sroa.0.2.i20, ptr %39, align 8
step user _ZN4core4hash3sip9u8to64_le17h273682197a8b0fbbE.exit35 11981: br label %bb13
step user bb13 12013: store i64 %storemerge, ptr %3, align 8
step user bb13 12014: ret void
step user start 1918: call void @llvm.lifetime.start.p0(i64 1, ptr nonnull %_8.i.i.i.i)
step user start 1919: store i8 -1, ptr %_8.i.i.i.i, align 1
step user start 1921: call fastcc void @"_ZN71_$LT$core..hash..sip..Hasher$LT$S$GT$$u20$as$u20$core..hash..Hasher$GT$5write17hba117e9134b59eddE"(ptr noalias noundef nonnull align 8 dereferenceable(72) %hasher, ptr noalias noundef nonnull readonly align 1 captures(address, read_provenance) %_8.i.i.i.i, i64 noundef 1) #43
step user start 11798: %0 = getelementptr inbounds nuw i8, ptr %self, i64 48
step user start 11799: %1 = load i64, ptr %0, align 8
step user start 11800: %2 = add i64 %1, %msg.1
step user start 11801: store i64 %2, ptr %0, align 8
step user start 11802: %3 = getelementptr inbounds nuw i8, ptr %self, i64 64
step user start 11803: %_5 = load i64, ptr %3, align 8
step user start 11804: %4 = icmp eq i64 %_5, 0
step user start 11805: br i1 %4, label %bb7, label %bb1
step user bb1 11808: %5 = sub i64 8, %_5
step user bb1 11809: %..i = tail call noundef i64 @llvm.umin.i64(i64 %5, i64 %msg.1)
step user bb1 11810: %_5.i = icmp samesign ugt i64 %..i, 3
step user bb1 11811: br i1 %_5.i, label %bb1.i, label %bb3.i
step user bb3.i 11821: %_17.i = or disjoint i64 %i.sroa.0.0.i, 1
step user bb3.i 11822: %_16.i = icmp samesign ult i64 %_17.i, %..i
step user bb3.i 11823: br i1 %_16.i, label %bb4.i, label %bb6.i
step user bb6.i 11838: %_31.i = icmp ult i64 %i.sroa.0.1.i, %..i
step user bb6.i 11839: br i1 %_31.i, label %bb7.i, label %_ZN4core4hash3sip9u8to64_le17h273682197a8b0fbbE.exit
step user bb7.i 11842: %_48.i = getelementptr inbounds nuw i8, ptr %msg.0, i64 %i.sroa.0.1.i
step user bb7.i 11843: %_35.i = load i8, ptr %_48.i, align 1
step user bb7.i 11844: %_34.i = zext i8 %_35.i to i64
step user bb7.i 11845: %_38.i = shl nuw nsw i64 %i.sroa.0.1.i, 3
step user bb7.i 11846: %_33.i = shl nuw nsw i64 %_34.i, %_38.i
step user bb7.i 11847: %9 = or i64 %_33.i, %out.sroa.0.1.i
step user bb7.i 11848: br label %_ZN4core4hash3sip9u8to64_le17h273682197a8b0fbbE.exit
step user _ZN4core4hash3sip9u8to64_le17h273682197a8b0fbbE.exit 11852: %_11 = shl i64 %_5, 3
step user _ZN4core4hash3sip9u8to64_le17h273682197a8b0fbbE.exit 11853: %10 = and i64 %_11, 56
step user _ZN4core4hash3sip9u8to64_le17h273682197a8b0fbbE.exit 11854: %_7 = shl i64 %out.sroa.0.2.i, %10
step user _ZN4core4hash3sip9u8to64_le17h273682197a8b0fbbE.exit 11855: %11 = getelementptr inbounds nuw i8, ptr %self, i64 56
step user _ZN4core4hash3sip9u8to64_le17h273682197a8b0fbbE.exit 11856: %12 = load i64, ptr %11, align 8
step user _ZN4core4hash3sip9u8to64_le17h273682197a8b0fbbE.exit 11857: %13 = or i64 %12, %_7
step user _ZN4core4hash3sip9u8to64_le17h273682197a8b0fbbE.exit 11858: store i64 %13, ptr %11, align 8
step user _ZN4core4hash3sip9u8to64_le17h273682197a8b0fbbE.exit 11859: %_13 = icmp ult i64 %msg.1, %5
step user _ZN4core4hash3sip9u8to64_le17h273682197a8b0fbbE.exit 11860: br i1 %_13, label %bb3, label %bb4
step user bb3 11920: %33 = add i64 %_5, %msg.1
step user bb3 11921: br label %bb13
step user bb13 12013: store i64 %storemerge, ptr %3, align 8
step user bb13 12014: ret void
step user start 1922: call void @llvm.lifetime.end.p0(i64 1, ptr nonnull %_8.i.i.i.i)
step user start 1923: %state.sroa.0.0.copyload.i.i = load i64, ptr %hasher, align 8
step user start 1924: %state.sroa.20.0.copyload.i.i = load i64, ptr %_2.sroa.4.0._0.sroa_idx.i, align 8
step user start 1925: %state.sroa.37.0.copyload.i.i = load i64, ptr %_2.sroa.5.0._0.sroa_idx.i, align 8
step user start 1926: %state.sroa.48.0.copyload.i.i = load i64, ptr %_2.sroa.6.0._0.sroa_idx.i, align 8
step user start 1927: %_7.i.i1 = load i64, ptr %_2.sroa.9.0._0.sroa_idx.i, align 8
step user start 1928: %_5.i.i = shl i64 %_7.i.i1, 56
step user start 1929: %8 = getelementptr inbounds nuw i8, ptr %hasher, i64 56
step user start 1930: %_8.i.i2 = load i64, ptr %8, align 8
step user start 1931: %b.i.i = or i64 %_5.i.i, %_8.i.i2
step user start 1932: %9 = xor i64 %b.i.i, %state.sroa.48.0.copyload.i.i
step user start 1933: %_2.i.i.i = add i64 %state.sroa.37.0.copyload.i.i, %state.sroa.0.0.copyload.i.i
step user start 1934: %_5.i.i.i = add i64 %9, %state.sroa.20.0.copyload.i.i
step user start 1935: %10 = tail call noundef i64 @llvm.fshl.i64(i64 %state.sroa.37.0.copyload.i.i, i64 %state.sroa.37.0.copyload.i.i, i64 13)
step user start 1936: %11 = xor i64 %10, %_2.i.i.i
step user start 1937: %12 = tail call noundef i64 @llvm.fshl.i64(i64 %9, i64 %9, i64 16)
step user start 1938: %13 = xor i64 %12, %_5.i.i.i
step user start 1939: %14 = tail call noundef i64 @llvm.fshl.i64(i64 %_2.i.i.i, i64 %_2.i.i.i, i64 32)
step user start 1940: %_16.i.i.i = add i64 %_5.i.i.i, %11
step user start 1941: %_19.i.i.i = add i64 %13, %14
step user start 1942: %15 = tail call noundef i64 @llvm.fshl.i64(i64 %11, i64 %11, i64 17)
step user start 1943: %16 = xor i64 %_16.i.i.i, %15
step user start 1944: %17 = tail call noundef i64 @llvm.fshl.i64(i64 %13, i64 %13, i64 21)
step user start 1945: %18 = xor i64 %17, %_19.i.i.i
step user start 1946: %19 = tail call noundef i64 @llvm.fshl.i64(i64 %_16.i.i.i, i64 %_16.i.i.i, i64 32)
step user start 1947: %20 = xor i64 %_19.i.i.i, %b.i.i
step user start 1948: %21 = xor i64 %19, 255
step user start 1949: %_2.i3.i.i = add i64 %20, %16
step user start 1950: %_5.i6.i.i = add i64 %18, %21
step user start 1951: %22 = tail call noundef i64 @llvm.fshl.i64(i64 %16, i64 %16, i64 13)
step user start 1952: %23 = xor i64 %_2.i3.i.i, %22
step user start 1953: %24 = tail call noundef i64 @llvm.fshl.i64(i64 %18, i64 %18, i64 16)
step user start 1954: %25 = xor i64 %24, %_5.i6.i.i
step user start 1955: %26 = tail call noundef i64 @llvm.fshl.i64(i64 %_2.i3.i.i, i64 %_2.i3.i.i, i64 32)
step user start 1956: %_16.i7.i.i = add i64 %23, %_5.i6.i.i
step user start 1957: %_19.i8.i.i = add i64 %25, %26
step user start 1958: %27 = tail call noundef i64 @llvm.fshl.i64(i64 %23, i64 %23, i64 17)
step user start 1959: %28 = xor i64 %_16.i7.i.i, %27
step user start 1960: %29 = tail call noundef i64 @llvm.fshl.i64(i64 %25, i64 %25, i64 21)
step user start 1961: %30 = xor i64 %29, %_19.i8.i.i
step user start 1962: %31 = tail call noundef i64 @llvm.fshl.i64(i64 %_16.i7.i.i, i64 %_16.i7.i.i, i64 32)
step user start 1963: %_30.i.i.i = add i64 %28, %_19.i8.i.i
step user start 1964: %_33.i.i.i = add i64 %30, %31
step user start 1965: %32 = tail call noundef i64 @llvm.fshl.i64(i64 %28, i64 %28, i64 13)
step user start 1966: %33 = xor i64 %32, %_30.i.i.i
step user start 1967: %34 = tail call noundef i64 @llvm.fshl.i64(i64 %30, i64 %30, i64 16)
step user start 1968: %35 = xor i64 %34, %_33.i.i.i
step user start 1969: %36 = tail call noundef i64 @llvm.fshl.i64(i64 %_30.i.i.i, i64 %_30.i.i.i, i64 32)
step user start 1970: %_44.i.i.i = add i64 %33, %_33.i.i.i
step user start 1971: %_47.i.i.i = add i64 %35, %36
step user start 1972: %37 = tail call noundef i64 @llvm.fshl.i64(i64 %33, i64 %33, i64 17)
step user start 1973: %38 = xor i64 %37, %_44.i.i.i
step user start 1974: %39 = tail call noundef i64 @llvm.fshl.i64(i64 %35, i64 %35, i64 21)
step user start 1975: %40 = xor i64 %39, %_47.i.i.i
step user start 1976: %41 = tail call noundef i64 @llvm.fshl.i64(i64 %_44.i.i.i, i64 %_44.i.i.i, i64 32)
step user start 1977: %_58.i.i.i = add i64 %38, %_47.i.i.i
step user start 1978: %_61.i.i.i = add i64 %40, %41
step user start 1979: %42 = tail call noundef i64 @llvm.fshl.i64(i64 %38, i64 %38, i64 13)
step user start 1980: %43 = xor i64 %42, %_58.i.i.i
step user start 1981: %44 = tail call noundef i64 @llvm.fshl.i64(i64 %40, i64 %40, i64 16)
step user start 1982: %45 = xor i64 %44, %_61.i.i.i
step user start 1983: %_72.i.i.i = add i64 %43, %_61.i.i.i
step user start 1984: %46 = tail call noundef i64 @llvm.fshl.i64(i64 %43, i64 %43, i64 17)
step user start 1985: %47 = tail call noundef i64 @llvm.fshl.i64(i64 %45, i64 %45, i64 21)
step user start 1986: %48 = tail call noundef i64 @llvm.fshl.i64(i64 %_72.i.i.i, i64 %_72.i.i.i, i64 32)
step user start 1987: %49 = xor i64 %47, %46
step user start 1988: %50 = xor i64 %49, %48
step user start 1989: %_0.i.i = xor i64 %50, %_72.i.i.i
step user start 1990: call void @llvm.lifetime.end.p0(i64 72, ptr nonnull %hasher)
step user start 1991: ret i64 %_0.i.i
step user start 13039: tail call void @llvm.experimental.noalias.scope.decl(metadata !14386)
step user start 13040: tail call void @llvm.experimental.noalias.scope.decl(metadata !14393)
step user start 13041: %0 = getelementptr inbounds nuw i8, ptr %self, i64 16
step user start 13042: %_5.i.i = load i64, ptr %0, align 8
step user start 13043: %b.i.i = icmp eq i64 %_5.i.i, 0
step user start 13044: br i1 %b.i.i, label %bb8.i.i, label %"_ZN9hashbrown3raw21RawTable$LT$T$C$A$GT$7reserve17he00624400cdecaf9E.exit.i"
step user bb8.i.i 13048: %1 = tail call { i64, i64 } @"_ZN9hashbrown3raw21RawTable$LT$T$C$A$GT$14reserve_rehash17h0a94010da653d7fdE"(ptr noalias noundef nonnull align 8 dereferenceable(32) %self, i64 noundef 1, ptr noalias noundef nonnull readonly align 8 captures(address, read_provenance) dereferenceable(16) %hash_builder, i1 noundef zeroext true) #44
step user start 14847: %self3.i.i = alloca [32 x i8], align 8
step user start 14848: %new_table.i.i = alloca [56 x i8], align 8
step user start 14849: %_9 = alloca [8 x i8], align 8
step user start 14850: %hasher = alloca [8 x i8], align 8
step user start 14851: store ptr %0, ptr %hasher, align 8
step user start 14852: %_6 = getelementptr inbounds nuw i8, ptr %self, i64 32
step user start 14853: call void @llvm.lifetime.start.p0(i64 8, ptr nonnull %_9)
step user start 14854: store ptr %hasher, ptr %_9, align 8
step user start 14855: call void @llvm.experimental.noalias.scope.decl(metadata !16702)
step user start 14856: %1 = getelementptr inbounds nuw i8, ptr %self, i64 24
step user start 14857: %self1.i = load i64, ptr %1, align 8
step user start 14858: %_21.0.i = add i64 %self1.i, %additional
step user start 14859: %_21.1.i = icmp ult i64 %_21.0.i, %self1.i
step user start 14860: br i1 %_21.1.i, label %bb9.i, label %bb11.i
step user bb11.i 14863: %2 = getelementptr inbounds nuw i8, ptr %self, i64 8
step user bb11.i 14864: %3 = load i64, ptr %2, align 8
step user bb11.i 14865: %_24.i = icmp ult i64 %3, 8
step user bb11.i 14866: %_26.i = add i64 %3, 1
step user bb11.i 14867: %_255.i = lshr i64 %_26.i, 3
step user bb11.i 14868: %4 = mul nuw i64 %_255.i, 7
step user bb11.i 14869: %full_capacity.sroa.0.0.i = select i1 %_24.i, i64 %3, i64 %4
step user bb11.i 14870: %_146.i = lshr i64 %full_capacity.sroa.0.0.i, 1
step user bb11.i 14871: %_13.not.i = icmp ugt i64 %_21.0.i, %_146.i
step user bb11.i 14872: br i1 %_13.not.i, label %bb4.i, label %bb2.i
step user bb4.i 14882: %_19.i = add nuw i64 %full_capacity.sroa.0.0.i, 1
step user bb4.i 14883: %..i = call noundef range(i64 1, 0) i64 @llvm.umax.i64(i64 range(i64 1, 0) %_19.i, i64 range(i64 1, 0) %_21.0.i)
step user bb4.i 14884: call void @llvm.experimental.noalias.scope.decl(metadata !16733)
step user bb4.i 14885: call void @llvm.lifetime.start.p0(i64 56, ptr nonnull %new_table.i.i)
step user bb4.i 14886: call void @llvm.lifetime.start.p0(i64 32, ptr nonnull %self3.i.i)
step user bb4.i 14888: call fastcc void @_ZN9hashbrown3raw13RawTableInner22fallible_with_capacity17hdfe1e52d8d891aebE(ptr noalias noundef sret([32 x i8]) align 8 captures(none) dereferenceable(32) %self3.i.i, i64 noundef range(i64 32, 129) 32, i64 noundef range(i64 1, 0) %..i, i1 noundef zeroext %fallibility) #43
step user start 14435: %_6.i = icmp ult i64 %capacity, 15
step user start 14436: br i1 %_6.i, label %bb8.i, label %bb16.i
step user bb8.i 14452: %_15.i = icmp ult i64 %capacity, 4
step user bb8.i 14453: %3 = and i64 %capacity, 8
step user bb8.i 14454: %..i = add nuw nsw i64 %3, 8
step user bb8.i 14455: %buckets.sroa.0.0.i = select i1 %_15.i, i64 4, i64 %..i
step user bb8.i 14456: br label %_ZN9hashbrown3raw19capacity_to_buckets17h35845d405360d69eE.exit
step user _ZN9hashbrown3raw19capacity_to_buckets17h35845d405360d69eE.exit 14461: br i1 %_0.sroa.0.0.i, label %bb10, label %bb9
step user bb10 14464: %4 = tail call { i64, i1 } @llvm.umul.with.overflow.i64(i64 %table_layout.0, i64 %_0.sroa.4.0.i)
step user bb10 14465: %_25.1.i.i = extractvalue { i64, i1 } %4, 1
step user bb10 14466: br i1 %_25.1.i.i, label %_ZN9hashbrown3raw11TableLayout20calculate_layout_for17he05461673a20bd68E.exit.i, label %bb8.i.i
step user bb8.i.i 14469: %_25.0.i.i = extractvalue { i64, i1 } %4, 0
step user bb8.i.i 14470: %_32.1.i.i = icmp ugt i64 %_25.0.i.i, -16
step user bb8.i.i 14471: br i1 %_32.1.i.i, label %_ZN9hashbrown3raw11TableLayout20calculate_layout_for17he05461673a20bd68E.exit.i, label %bb11.i.i
step user bb11.i.i 14474: %_32.0.i.i = add i64 %_25.0.i.i, 15
step user bb11.i.i 14475: %ctrl_offset.i.i = and i64 %_32.0.i.i, -16
step user bb11.i.i 14476: %rhs5.i.i = add i64 %_0.sroa.4.0.i, 16
step user bb11.i.i 14477: %_37.0.i.i = add i64 %rhs5.i.i, %ctrl_offset.i.i
step user bb11.i.i 14478: %_37.1.i.i = icmp ult i64 %_37.0.i.i, %ctrl_offset.i.i
step user bb11.i.i 14479: %_19.i.i = icmp ugt i64 %_37.0.i.i, 9223372036854775792
step user bb11.i.i 14480: %or.cond.i = or i1 %_37.1.i.i, %_19.i.i
step user bb11.i.i 14481: br i1 %or.cond.i, label %_ZN9hashbrown3raw11TableLayout20calculate_layout_for17he05461673a20bd68E.exit.i, label %bb2.i.i
step user bb2.i.i 14484: br label %_ZN9hashbrown3raw11TableLayout20calculate_layout_for17he05461673a20bd68E.exit.i
step user _ZN9hashbrown3raw11TableLayout20calculate_layout_for17he05461673a20bd68E.exit.i 14491: br i1 %.not.i, label %bb3.i, label %bb4.i
step user bb4.i 14494: %5 = icmp eq i64 %_6.sroa.8.0.i, 0
step user bb4.i 14495: br i1 %5, label %bb2.i.i.i, label %bb4.i.i.i
step user bb4.i.i.i 14503: tail call void @_RNvCs1Y7DaGC1cwg_7___rustc35___rust_no_alloc_shim_is_unstable_v2() #40
step user bb4.i.i.i 14505: %6 = tail call noundef ptr @_RNvCs1Y7DaGC1cwg_7___rustc12___rust_alloc(i64 noundef %_6.sroa.8.0.i, i64 noundef range(i64 1, -9223372036854775807) %_6.sroa.0.0.i) #40
step user bb4.i.i.i 14506: br label %"_ZN63_$LT$alloc..alloc..Global$u20$as$u20$core..alloc..Allocator$GT$8allocate17h0da075f21210208dE.exit.i"
step user "_ZN63_$LT$alloc..alloc..Global$u20$as$u20$core..alloc..Allocator$GT$8allocate17h0da075f21210208dE.exit.i" 14510: %7 = icmp eq ptr %_0.sroa.0.0.i.i.i, null
step user "_ZN63_$LT$alloc..alloc..Global$u20$as$u20$core..alloc..Allocator$GT$8allocate17h0da075f21210208dE.exit.i" 14511: br i1 %7, label %bb14.i, label %bb10.i
step user bb10.i 14528: %ptr.i = getelementptr inbounds nuw i8, ptr %_0.sroa.0.0.i.i.i, i64 %_6.sroa.10.0.i
step user bb10.i 14529: %_26.i = add i64 %_0.sroa.4.0.i, -1
step user bb10.i 14530: %_43.i = icmp ult i64 %_26.i, 8
step user bb10.i 14531: %_447.i = lshr i64 %_0.sroa.4.0.i, 3
step user bb10.i 14532: %10 = mul nuw i64 %_447.i, 7
step user bb10.i 14533: %bucket_mask.sroa.0.0.i = select i1 %_43.i, i64 %_26.i, i64 %10
step user bb10.i 14534: br label %_ZN9hashbrown3raw13RawTableInner17new_uninitialized17h06dd3e52c24c4016E.exit
step user _ZN9hashbrown3raw13RawTableInner17new_uninitialized17h06dd3e52c24c4016E.exit 14540: %11 = icmp eq ptr %self2.sroa.0.0, null
step user _ZN9hashbrown3raw13RawTableInner17new_uninitialized17h06dd3e52c24c4016E.exit 14541: br i1 %11, label %bb12, label %bb13
step user bb13 14564: %count = add i64 %self2.sroa.7.0, 17
step user bb13 14565: tail call void @llvm.memset.p0.i64(ptr nonnull align 1 %self2.sroa.0.0, i8 -1, i64 %count, i1 false)
step user bb13 14566: store ptr %self2.sroa.0.0, ptr %_0, align 8
step user bb13 14567: %result.sroa.3.0._0.sroa_idx = getelementptr inbounds nuw i8, ptr %_0, i64 8
step user bb13 14568: store i64 %self2.sroa.7.0, ptr %result.sroa.3.0._0.sroa_idx, align 8
step user bb13 14569: %result.sroa.5.0._0.sroa_idx = getelementptr inbounds nuw i8, ptr %_0, i64 16
step user bb13 14570: store i64 %self2.sroa.12.0, ptr %result.sroa.5.0._0.sroa_idx, align 8
step user bb13 14571: %result.sroa.6.0._0.sroa_idx = getelementptr inbounds nuw i8, ptr %_0, i64 24
step user bb13 14572: store i64 0, ptr %result.sroa.6.0._0.sroa_idx, align 8
step user bb13 14573: br label %bb8
step user bb8 14576: ret void
step user bb4.i 14889: %6 = load ptr, ptr %self3.i.i, align 8
step user bb4.i 14890: %7 = icmp eq ptr %6, null
step user bb4.i 14891: %8 = getelementptr inbounds nuw i8, ptr %self3.i.i, i64 8
step user bb4.i 14892: %e.0.i.i = load i64, ptr %8, align 8
step user bb4.i 14893: %9 = getelementptr inbounds nuw i8, ptr %self3.i.i, i64 16
step user bb4.i 14894: %e.1.i.i = load i64, ptr %9, align 8
step user bb4.i 14895: br i1 %7, label %bb11.i.i, label %bb12.i.i
step user bb12.i.i 14903: %v.sroa.7.0.self3.sroa_idx.i.i = getelementptr inbounds nuw i8, ptr %self3.i.i, i64 24
step user bb12.i.i 14904: %v.sroa.7.0.copyload.i.i = load i64, ptr %v.sroa.7.0.self3.sroa_idx.i.i, align 8
step user bb12.i.i 14905: call void @llvm.lifetime.end.p0(i64 32, ptr nonnull %self3.i.i)
step user bb12.i.i 14906: store ptr %_6, ptr %new_table.i.i, align 8
step user bb12.i.i 14907: %val.sroa.4.0.new_table.sroa_idx.i.i = getelementptr inbounds nuw i8, ptr %new_table.i.i, i64 8
step user bb12.i.i 14908: store i64 32, ptr %val.sroa.4.0.new_table.sroa_idx.i.i, align 8
step user bb12.i.i 14909: %val.sroa.5.0.new_table.sroa_idx.i.i = getelementptr inbounds nuw i8, ptr %new_table.i.i, i64 16
step user bb12.i.i 14910: store i64 16, ptr %val.sroa.5.0.new_table.sroa_idx.i.i, align 8
step user bb12.i.i 14911: %val.sroa.6.0.new_table.sroa_idx.i.i = getelementptr inbounds nuw i8, ptr %new_table.i.i, i64 24
step user bb12.i.i 14912: store ptr %6, ptr %val.sroa.6.0.new_table.sroa_idx.i.i, align 8
step user bb12.i.i 14913: %val.sroa.6.sroa.4.0.val.sroa.6.0.new_table.sroa_idx.sroa_idx.i.i = getelementptr inbounds nuw i8, ptr %new_table.i.i, i64 32
step user bb12.i.i 14914: store i64 %e.0.i.i, ptr %val.sroa.6.sroa.4.0.val.sroa.6.0.new_table.sroa_idx.sroa_idx.i.i, align 8
step user bb12.i.i 14915: %val.sroa.6.sroa.5.0.val.sroa.6.0.new_table.sroa_idx.sroa_idx.i.i = getelementptr inbounds nuw i8, ptr %new_table.i.i, i64 40
step user bb12.i.i 14916: store i64 %e.1.i.i, ptr %val.sroa.6.sroa.5.0.val.sroa.6.0.new_table.sroa_idx.sroa_idx.i.i, align 8
step user bb12.i.i 14917: %val.sroa.6.sroa.6.0.val.sroa.6.0.new_table.sroa_idx.sroa_idx.i.i = getelementptr inbounds nuw i8, ptr %new_table.i.i, i64 48
step user bb12.i.i 14918: store i64 %v.sroa.7.0.copyload.i.i, ptr %val.sroa.6.sroa.6.0.val.sroa.6.0.new_table.sroa_idx.sroa_idx.i.i, align 8
step user bb12.i.i 14919: %invariant.gep = getelementptr i8, ptr %6, i64 16
step user bb12.i.i 14920: %10 = icmp eq i64 %self1.i, 0
step user bb12.i.i 14921: br i1 %10, label %bb4.i.i, label %bb1.i.preheader.lr.ph
step user bb4.i.i 15044: %_28.i.i = load i64, ptr %1, align 8
step user bb4.i.i 15045: %37 = sub i64 %e.1.i.i, %_28.i.i
step user bb4.i.i 15046: store i64 %37, ptr %val.sroa.6.sroa.5.0.val.sroa.6.0.new_table.sroa_idx.sroa_idx.i.i, align 8
step user bb4.i.i 15047: store i64 %_28.i.i, ptr %val.sroa.6.sroa.6.0.val.sroa.6.0.new_table.sroa_idx.sroa_idx.i.i, align 8
step user bb4.i.i 15048: br label %bb3.i.i.i.i
step user bb3.i.i.i.i 15052: %_18.i.i.i.i = or disjoint i64 %iter.sroa.0.02.i.i.i.i, 1
step user bb3.i.i.i.i 15053: %_11.i.i.i.i = getelementptr inbounds nuw %"core::mem::maybe_uninit::MaybeUninit<[u8; 8]>", ptr %self, i64 %iter.sroa.0.02.i.i.i.i
step user bb3.i.i.i.i 15054: %_13.i.i.i.i = getelementptr inbounds nuw %"core::mem::maybe_uninit::MaybeUninit<[u8; 8]>", ptr %val.sroa.6.0.new_table.sroa_idx.i.i, i64 %iter.sroa.0.02.i.i.i.i
step user bb3.i.i.i.i 15055: call void @llvm.experimental.noalias.scope.decl(metadata !17014)
step user bb3.i.i.i.i 15056: call void @llvm.experimental.noalias.scope.decl(metadata !17018)
step user bb3.i.i.i.i 15057: %_3.sroa.0.0.copyload.i.i.i.i.i = load i64, ptr %_11.i.i.i.i, align 8
step user bb3.i.i.i.i 15058: %_4.sroa.0.0.copyload.i.i.i.i.i = load i64, ptr %_13.i.i.i.i, align 8
step user bb3.i.i.i.i 15059: store i64 %_4.sroa.0.0.copyload.i.i.i.i.i, ptr %_11.i.i.i.i, align 8
step user bb3.i.i.i.i 15060: store i64 %_3.sroa.0.0.copyload.i.i.i.i.i, ptr %_13.i.i.i.i, align 8
step user bb3.i.i.i.i 15061: %_18.i.i.i.i.1 = add nuw nsw i64 %iter.sroa.0.02.i.i.i.i, 2
step user bb3.i.i.i.i 15062: %_11.i.i.i.i.1 = getelementptr inbounds nuw %"core::mem::maybe_uninit::MaybeUninit<[u8; 8]>", ptr %self, i64 %_18.i.i.i.i
step user bb3.i.i.i.i 15063: %_13.i.i.i.i.1 = getelementptr inbounds nuw %"core::mem::maybe_uninit::MaybeUninit<[u8; 8]>", ptr %val.sroa.6.0.new_table.sroa_idx.i.i, i64 %_18.i.i.i.i
step user bb3.i.i.i.i 15064: call void @llvm.experimental.noalias.scope.decl(metadata !17027)
step user bb3.i.i.i.i 15065: call void @llvm.experimental.noalias.scope.decl(metadata !17029)
step user bb3.i.i.i.i 15066: %_3.sroa.0.0.copyload.i.i.i.i.i.1 = load i64, ptr %_11.i.i.i.i.1, align 8
step user bb3.i.i.i.i 15067: %_4.sroa.0.0.copyload.i.i.i.i.i.1 = load i64, ptr %_13.i.i.i.i.1, align 8
step user bb3.i.i.i.i 15068: store i64 %_4.sroa.0.0.copyload.i.i.i.i.i.1, ptr %_11.i.i.i.i.1, align 8
step user bb3.i.i.i.i 15069: store i64 %_3.sroa.0.0.copyload.i.i.i.i.i.1, ptr %_13.i.i.i.i.1, align 8
step user bb3.i.i.i.i 15070: %exitcond.not.i.i.i.i.1 = icmp eq i64 %_18.i.i.i.i.1, 4
step user bb3.i.i.i.i 15071: br i1 %exitcond.not.i.i.i.i.1, label %_ZN4core10intrinsics25typed_swap_nonoverlapping17ha328028c16df2c5fE.exit, label %bb3.i.i.i.i
step user bb3.i.i.i.i 15052: %_18.i.i.i.i = or disjoint i64 %iter.sroa.0.02.i.i.i.i, 1
step user bb3.i.i.i.i 15053: %_11.i.i.i.i = getelementptr inbounds nuw %"core::mem::maybe_uninit::MaybeUninit<[u8; 8]>", ptr %self, i64 %iter.sroa.0.02.i.i.i.i
step user bb3.i.i.i.i 15054: %_13.i.i.i.i = getelementptr inbounds nuw %"core::mem::maybe_uninit::MaybeUninit<[u8; 8]>", ptr %val.sroa.6.0.new_table.sroa_idx.i.i, i64 %iter.sroa.0.02.i.i.i.i
step user bb3.i.i.i.i 15055: call void @llvm.experimental.noalias.scope.decl(metadata !17014)
step user bb3.i.i.i.i 15056: call void @llvm.experimental.noalias.scope.decl(metadata !17018)
step user bb3.i.i.i.i 15057: %_3.sroa.0.0.copyload.i.i.i.i.i = load i64, ptr %_11.i.i.i.i, align 8
step user bb3.i.i.i.i 15058: %_4.sroa.0.0.copyload.i.i.i.i.i = load i64, ptr %_13.i.i.i.i, align 8
step user bb3.i.i.i.i 15059: store i64 %_4.sroa.0.0.copyload.i.i.i.i.i, ptr %_11.i.i.i.i, align 8
step user bb3.i.i.i.i 15060: store i64 %_3.sroa.0.0.copyload.i.i.i.i.i, ptr %_13.i.i.i.i, align 8
step user bb3.i.i.i.i 15061: %_18.i.i.i.i.1 = add nuw nsw i64 %iter.sroa.0.02.i.i.i.i, 2
step user bb3.i.i.i.i 15062: %_11.i.i.i.i.1 = getelementptr inbounds nuw %"core::mem::maybe_uninit::MaybeUninit<[u8; 8]>", ptr %self, i64 %_18.i.i.i.i
step user bb3.i.i.i.i 15063: %_13.i.i.i.i.1 = getelementptr inbounds nuw %"core::mem::maybe_uninit::MaybeUninit<[u8; 8]>", ptr %val.sroa.6.0.new_table.sroa_idx.i.i, i64 %_18.i.i.i.i
step user bb3.i.i.i.i 15064: call void @llvm.experimental.noalias.scope.decl(metadata !17027)
step user bb3.i.i.i.i 15065: call void @llvm.experimental.noalias.scope.decl(metadata !17029)
step user bb3.i.i.i.i 15066: %_3.sroa.0.0.copyload.i.i.i.i.i.1 = load i64, ptr %_11.i.i.i.i.1, align 8
step user bb3.i.i.i.i 15067: %_4.sroa.0.0.copyload.i.i.i.i.i.1 = load i64, ptr %_13.i.i.i.i.1, align 8
step user bb3.i.i.i.i 15068: store i64 %_4.sroa.0.0.copyload.i.i.i.i.i.1, ptr %_11.i.i.i.i.1, align 8
step user bb3.i.i.i.i 15069: store i64 %_3.sroa.0.0.copyload.i.i.i.i.i.1, ptr %_13.i.i.i.i.1, align 8
step user bb3.i.i.i.i 15070: %exitcond.not.i.i.i.i.1 = icmp eq i64 %_18.i.i.i.i.1, 4
step user bb3.i.i.i.i 15071: br i1 %exitcond.not.i.i.i.i.1, label %_ZN4core10intrinsics25typed_swap_nonoverlapping17ha328028c16df2c5fE.exit, label %bb3.i.i.i.i
step user _ZN4core10intrinsics25typed_swap_nonoverlapping17ha328028c16df2c5fE.exit 15074: call void @llvm.experimental.noalias.scope.decl(metadata !17036)
step user _ZN4core10intrinsics25typed_swap_nonoverlapping17ha328028c16df2c5fE.exit 15075: call void @llvm.experimental.noalias.scope.decl(metadata !17039)
step user _ZN4core10intrinsics25typed_swap_nonoverlapping17ha328028c16df2c5fE.exit 15076: call void @llvm.experimental.noalias.scope.decl(metadata !17045)
step user _ZN4core10intrinsics25typed_swap_nonoverlapping17ha328028c16df2c5fE.exit 15077: %_5.i.i.i = load i64, ptr %val.sroa.6.sroa.4.0.val.sroa.6.0.new_table.sroa_idx.sroa_idx.i.i, align 8
step user _ZN4core10intrinsics25typed_swap_nonoverlapping17ha328028c16df2c5fE.exit 15078: %38 = icmp eq i64 %_5.i.i.i, 0
step user _ZN4core10intrinsics25typed_swap_nonoverlapping17ha328028c16df2c5fE.exit 15079: br i1 %38, label %"_ZN4core3ptr196drop_in_place$LT$hashbrown..scopeguard..ScopeGuard$LT$hashbrown..raw..RawTableInner$C$hashbrown..raw..RawTableInner..prepare_resize$LT$alloc..alloc..Global$GT$..$u7b$$u7b$closure$u7d$$u7d$$GT$$GT$17hcd4b0e96df1e24ebE.exit", label %bb2.i.i.i
step user "_ZN4core3ptr196drop_in_place$LT$hashbrown..scopeguard..ScopeGuard$LT$hashbrown..raw..RawTableInner$C$hashbrown..raw..RawTableInner..prepare_resize$LT$alloc..alloc..Global$GT$..$u7b$$u7b$closure$u7d$$u7d$$GT$$GT$17hcd4b0e96df1e24ebE.exit" 15104: call void @llvm.lifetime.end.p0(i64 56, ptr nonnull %new_table.i.i)
step user "_ZN4core3ptr196drop_in_place$LT$hashbrown..scopeguard..ScopeGuard$LT$hashbrown..raw..RawTableInner$C$hashbrown..raw..RawTableInner..prepare_resize$LT$alloc..alloc..Global$GT$..$u7b$$u7b$closure$u7d$$u7d$$GT$$GT$17hcd4b0e96df1e24ebE.exit" 15105: br label %_ZN9hashbrown3raw13RawTableInner20reserve_rehash_inner17hd2cffa3221b61e72E.exit
step user _ZN9hashbrown3raw13RawTableInner20reserve_rehash_inner17hd2cffa3221b61e72E.exit 15115: %40 = insertvalue { i64, i64 } poison, i64 %_0.sroa.0.0.i, 0
step user _ZN9hashbrown3raw13RawTableInner20reserve_rehash_inner17hd2cffa3221b61e72E.exit 15116: %41 = insertvalue { i64, i64 } %40, i64 %_0.sroa.4.0.i, 1
step user _ZN9hashbrown3raw13RawTableInner20reserve_rehash_inner17hd2cffa3221b61e72E.exit 15117: call void @llvm.lifetime.end.p0(i64 8, ptr nonnull %_9)
step user _ZN9hashbrown3raw13RawTableInner20reserve_rehash_inner17hd2cffa3221b61e72E.exit 15118: ret { i64, i64 } %41
step user bb8.i.i 13049: %_8.0.i.i = extractvalue { i64, i64 } %1, 0
step user bb8.i.i 13050: %2 = icmp eq i64 %_8.0.i.i, -9223372036854775807
step user bb8.i.i 13051: tail call void @llvm.assume(i1 %2)
step user bb8.i.i 13052: br label %"_ZN9hashbrown3raw21RawTable$LT$T$C$A$GT$7reserve17he00624400cdecaf9E.exit.i"
step user "_ZN9hashbrown3raw21RawTable$LT$T$C$A$GT$7reserve17he00624400cdecaf9E.exit.i" 13055: tail call void @llvm.experimental.noalias.scope.decl(metadata !14419)
step user "_ZN9hashbrown3raw21RawTable$LT$T$C$A$GT$7reserve17he00624400cdecaf9E.exit.i" 13056: %_30.i.i = lshr i64 %hash, 57
step user "_ZN9hashbrown3raw21RawTable$LT$T$C$A$GT$7reserve17he00624400cdecaf9E.exit.i" 13057: %tag_hash.i.i = trunc nuw nsw i64 %_30.i.i to i8
step user "_ZN9hashbrown3raw21RawTable$LT$T$C$A$GT$7reserve17he00624400cdecaf9E.exit.i" 13058: %3 = getelementptr inbounds nuw i8, ptr %self, i64 8
step user "_ZN9hashbrown3raw21RawTable$LT$T$C$A$GT$7reserve17he00624400cdecaf9E.exit.i" 13059: %_35.i.i = load i64, ptr %3, align 8
step user "_ZN9hashbrown3raw21RawTable$LT$T$C$A$GT$7reserve17he00624400cdecaf9E.exit.i" 13060: %_38.i.i = load ptr, ptr %self, align 8
step user "_ZN9hashbrown3raw21RawTable$LT$T$C$A$GT$7reserve17he00624400cdecaf9E.exit.i" 13061: %.sroa.0.0.vec.insert.i.i.i = insertelement <16 x i8> poison, i8 %tag_hash.i.i, i64 0
step user "_ZN9hashbrown3raw21RawTable$LT$T$C$A$GT$7reserve17he00624400cdecaf9E.exit.i" 13062: %.sroa.0.15.vec.insert.i.i.i = shufflevector <16 x i8> %.sroa.0.0.vec.insert.i.i.i, <16 x i8> poison, <16 x i32> zeroinitializer
step user "_ZN9hashbrown3raw21RawTable$LT$T$C$A$GT$7reserve17he00624400cdecaf9E.exit.i" 13063: %4 = getelementptr inbounds nuw i8, ptr %k, i64 16
step user "_ZN9hashbrown3raw21RawTable$LT$T$C$A$GT$7reserve17he00624400cdecaf9E.exit.i" 13064: %_6.i.i.i.i.i.i = load i64, ptr %4, align 8
step user "_ZN9hashbrown3raw21RawTable$LT$T$C$A$GT$7reserve17he00624400cdecaf9E.exit.i" 13065: %5 = getelementptr inbounds nuw i8, ptr %k, i64 8
step user "_ZN9hashbrown3raw21RawTable$LT$T$C$A$GT$7reserve17he00624400cdecaf9E.exit.i" 13066: %_7.i.i.i.i.i.i = load ptr, ptr %5, align 8
step user "_ZN9hashbrown3raw21RawTable$LT$T$C$A$GT$7reserve17he00624400cdecaf9E.exit.i" 13067: br label %bb1.i.i
step user bb1.i.i 13074: %probe_seq.sroa.0.0.i.i = and i64 %hash.pn.i.i, %_35.i.i
step user bb1.i.i 13075: %_36.i.i = getelementptr inbounds nuw i8, ptr %_38.i.i, i64 %probe_seq.sroa.0.0.i.i
step user bb1.i.i 13076: %dst.sroa.0.0.copyload.i34.i.i = load <16 x i8>, ptr %_36.i.i, align 1
step user bb1.i.i 13077: %7 = icmp eq <16 x i8> %dst.sroa.0.0.copyload.i34.i.i, %.sroa.0.15.vec.insert.i.i.i
step user bb1.i.i 13078: %8 = bitcast <16 x i1> %7 to i16
step user bb1.i.i 13079: %.not39.i.i = icmp eq i16 %8, 0
step user bb1.i.i 13080: br i1 %.not39.i.i, label %bb16.i.i, label %bb15.i.i
step user bb16.i.i 13107: %_64.not.i.i = icmp eq i64 %insert_index.sroa.0.0.i.i, 1
step user bb16.i.i 13108: br i1 %_64.not.i.i, label %bb6.i.i, label %bb21.i.i
step user bb21.i.i 13117: %15 = icmp slt <16 x i8> %dst.sroa.0.0.copyload.i34.i.i, zeroinitializer
step user bb21.i.i 13118: %16 = bitcast <16 x i1> %15 to i16
step user bb21.i.i 13119: %.not.i.i.i = icmp eq i16 %16, 0
step user bb21.i.i 13120: br i1 %.not.i.i.i, label %bb6.i.i, label %bb3.i.i.i
step user bb3.i.i.i 13123: %17 = tail call range(i16 0, 17) i16 @llvm.cttz.i16(i16 %16, i1 true)
step user bb3.i.i.i 13124: %_17.i.i.i = zext nneg i16 %17 to i64
step user bb3.i.i.i 13125: %_8.i.i.i = add i64 %probe_seq.sroa.0.0.i.i, %_17.i.i.i
step user bb3.i.i.i 13126: %_7.i.i.i = and i64 %_8.i.i.i, %_35.i.i
step user bb3.i.i.i 13127: br label %bb6.i.i
step user bb6.i.i 13132: %18 = trunc nuw i64 %insert_index.sroa.0.1.i.i to i1
step user bb6.i.i 13133: %19 = icmp eq <16 x i8> %dst.sroa.0.0.copyload.i34.i.i, splat (i8 -1)
step user bb6.i.i 13134: %20 = bitcast <16 x i1> %19 to i16
step user bb6.i.i 13135: %21 = icmp ne i16 %20, 0
step user bb6.i.i 13136: %or.cond.not.i.i = and i1 %21, %18
step user bb6.i.i 13137: br i1 %or.cond.not.i.i, label %bb27.i.i, label %bb9.i.i
step user bb27.i.i 13145: %_8.i19.i.i = getelementptr inbounds nuw i8, ptr %_38.i.i, i64 %insert_index.sroa.4.1.i.i
step user bb27.i.i 13146: %_12.i.i.i = load i8, ptr %_8.i19.i.i, align 1
step user bb27.i.i 13147: %24 = icmp sgt i8 %_12.i.i.i, -1
step user bb27.i.i 13148: br i1 %24, label %bb2.i.i.i, label %"_ZN9hashbrown3raw21RawTable$LT$T$C$A$GT$25find_or_find_insert_index17hb7512613bfe6c280E.exit"
step user "_ZN9hashbrown3raw21RawTable$LT$T$C$A$GT$25find_or_find_insert_index17hb7512613bfe6c280E.exit" 13163: %30 = inttoptr i64 %_0.sroa.3.0.i.i to ptr
step user "_ZN9hashbrown3raw21RawTable$LT$T$C$A$GT$25find_or_find_insert_index17hb7512613bfe6c280E.exit" 13164: %_27.i = sub nsw i64 0, %_0.sroa.3.0.i.i
step user "_ZN9hashbrown3raw21RawTable$LT$T$C$A$GT$25find_or_find_insert_index17hb7512613bfe6c280E.exit" 13165: %31 = getelementptr inbounds { %"alloc::string::String", i32, [1 x i32] }, ptr %_38.i.i, i64 %_27.i
step user "_ZN9hashbrown3raw21RawTable$LT$T$C$A$GT$25find_or_find_insert_index17hb7512613bfe6c280E.exit" 13166: %_0.sroa.3.0.i = select i1 %_0.sroa.0.0.i.i, ptr %30, ptr %31
step user "_ZN9hashbrown3raw21RawTable$LT$T$C$A$GT$25find_or_find_insert_index17hb7512613bfe6c280E.exit" 13167: br i1 %_0.sroa.0.0.i.i, label %bb2, label %bb3
step user bb2 13170: %32 = ptrtoint ptr %_0.sroa.3.0.i to i64
step user bb2 13171: tail call void @llvm.experimental.noalias.scope.decl(metadata !14577)
step user bb2 13172: %_9.i = getelementptr inbounds nuw i8, ptr %_38.i.i, i64 %32
step user bb2 13173: %old_ctrl.i = load i8, ptr %_9.i, align 1
step user bb2 13174: %_14.i = and i8 %old_ctrl.i, 1
step user bb2 13175: %_12.i = zext nneg i8 %_14.i to i64
step user bb2 13176: %33 = load i64, ptr %0, align 8
step user bb2 13177: %34 = sub i64 %33, %_12.i
step user bb2 13178: store i64 %34, ptr %0, align 8
step user bb2 13179: %_17.i = add i64 %32, -16
step user bb2 13180: %_16.i = and i64 %_17.i, %_35.i.i
step user bb2 13181: store i8 %tag_hash.i.i, ptr %_9.i, align 1
step user bb2 13182: %35 = getelementptr i8, ptr %_38.i.i, i64 %_16.i
step user bb2 13183: %_24.i = getelementptr i8, ptr %35, i64 16
step user bb2 13184: store i8 %tag_hash.i.i, ptr %_24.i, align 1
step user bb2 13185: %36 = getelementptr inbounds nuw i8, ptr %self, i64 24
step user bb2 13186: %37 = load i64, ptr %36, align 8
step user bb2 13187: %38 = add i64 %37, 1
step user bb2 13188: store i64 %38, ptr %36, align 8
step user bb2 13189: %_37.i = sub nsw i64 0, %32
step user bb2 13190: %39 = getelementptr inbounds { %"alloc::string::String", i32, [1 x i32] }, ptr %_38.i.i, i64 %_37.i
step user bb2 13191: %40 = getelementptr inbounds i8, ptr %39, i64 -32
step user bb2 13192: tail call void @llvm.memcpy.p0.p0.i64(ptr noundef nonnull align 8 dereferenceable(24) %40, ptr noundef nonnull align 8 dereferenceable(24) %k, i64 24, i1 false)
step user bb2 13193: %value.sroa.4.0..sroa_idx = getelementptr inbounds i8, ptr %39, i64 -8
step user bb2 13194: store i32 %v, ptr %value.sroa.4.0..sroa_idx, align 8
step user bb2 13195: br label %bb4
step user bb4 13212: %43 = insertvalue { i32, i32 } poison, i32 %_0.sroa.0.0, 0
step user bb4 13213: %44 = insertvalue { i32, i32 } %43, i32 %_0.sroa.3.0, 1
step user bb4 13214: ret { i32, i32 } %44
step user "_ZN5alloc3str56_$LT$impl$u20$alloc..borrow..ToOwned$u20$for$u20$str$GT$8to_owned17hfd8770c0e3926be2E.exit.i" 15935: call void @llvm.lifetime.end.p0(i64 24, ptr nonnull %_5.i)
step user "_ZN5alloc3str56_$LT$impl$u20$alloc..borrow..ToOwned$u20$for$u20$str$GT$8to_owned17hfd8770c0e3926be2E.exit.i" 15936: call void @llvm.lifetime.start.p0(i64 40, ptr nonnull %s.i)
step user "_ZN5alloc3str56_$LT$impl$u20$alloc..borrow..ToOwned$u20$for$u20$str$GT$8to_owned17hfd8770c0e3926be2E.exit.i" 15937: store ptr %state.i, ptr %s.i, align 8
step user "_ZN5alloc3str56_$LT$impl$u20$alloc..borrow..ToOwned$u20$for$u20$str$GT$8to_owned17hfd8770c0e3926be2E.exit.i" 15938: %25 = getelementptr inbounds nuw i8, ptr %s.i, i64 8
step user "_ZN5alloc3str56_$LT$impl$u20$alloc..borrow..ToOwned$u20$for$u20$str$GT$8to_owned17hfd8770c0e3926be2E.exit.i" 15939: store ptr %18, ptr %25, align 8
step user "_ZN5alloc3str56_$LT$impl$u20$alloc..borrow..ToOwned$u20$for$u20$str$GT$8to_owned17hfd8770c0e3926be2E.exit.i" 15940: %26 = getelementptr inbounds nuw i8, ptr %s.i, i64 16
step user "_ZN5alloc3str56_$LT$impl$u20$alloc..borrow..ToOwned$u20$for$u20$str$GT$8to_owned17hfd8770c0e3926be2E.exit.i" 15941: store ptr %19, ptr %26, align 8
step user "_ZN5alloc3str56_$LT$impl$u20$alloc..borrow..ToOwned$u20$for$u20$str$GT$8to_owned17hfd8770c0e3926be2E.exit.i" 15942: %27 = getelementptr inbounds nuw i8, ptr %s.i, i64 24
step user "_ZN5alloc3str56_$LT$impl$u20$alloc..borrow..ToOwned$u20$for$u20$str$GT$8to_owned17hfd8770c0e3926be2E.exit.i" 15943: store ptr %20, ptr %27, align 8
step user "_ZN5alloc3str56_$LT$impl$u20$alloc..borrow..ToOwned$u20$for$u20$str$GT$8to_owned17hfd8770c0e3926be2E.exit.i" 15944: %28 = getelementptr inbounds nuw i8, ptr %s.i, i64 32
step user "_ZN5alloc3str56_$LT$impl$u20$alloc..borrow..ToOwned$u20$for$u20$str$GT$8to_owned17hfd8770c0e3926be2E.exit.i" 15945: store i64 20000, ptr %28, align 8
step user "_ZN5alloc3str56_$LT$impl$u20$alloc..borrow..ToOwned$u20$for$u20$str$GT$8to_owned17hfd8770c0e3926be2E.exit.i" 15946: call void @llvm.lifetime.start.p0(i64 32, ptr nonnull %node.i)
step user "_ZN5alloc3str56_$LT$impl$u20$alloc..borrow..ToOwned$u20$for$u20$str$GT$8to_owned17hfd8770c0e3926be2E.exit.i" 15947: call void @llvm.lifetime.start.p0(i64 32, ptr nonnull %_12.i)
step user "_ZN5alloc3str56_$LT$impl$u20$alloc..borrow..ToOwned$u20$for$u20$str$GT$8to_owned17hfd8770c0e3926be2E.exit.i" 15949: call fastcc void @_ZN5check9knownbits5parse17hcdb53e7f514b0defE(ptr noalias noundef sret([32 x i8]) align 8 captures(address) dereferenceable(32) %_12.i, ptr noalias noundef nonnull readonly align 1 captures(address, read_provenance) @alloc_8a5143ea62996c0f9721d500333816ec, i64 noundef 18) #40
step user start 6685: %_11.sroa.4.i139 = alloca [24 x i8], align 8
step user start 6686: %_11.sroa.4.i77 = alloca [24 x i8], align 8
step user start 6687: %_11.sroa.4.i52 = alloca [24 x i8], align 8
step user start 6688: %_3.sroa.5.i = alloca [24 x i8], align 8
step user start 6689: %_11.sroa.4.i = alloca [24 x i8], align 8
step user start 6690: %_61.sroa.6 = alloca [16 x i8], align 8
step user start 6691: %_60.sroa.7 = alloca [16 x i8], align 8
step user start 6692: %top = alloca [24 x i8], align 8
step user start 6693: %_34.sroa.6 = alloca [16 x i8], align 8
step user start 6694: %_33.sroa.7 = alloca [16 x i8], align 8
step user start 6695: %list = alloca [24 x i8], align 8
step user start 6696: %atom = alloca [24 x i8], align 8
step user start 6697: %stack = alloca [24 x i8], align 8
step user start 6698: %_3.i.i.i = icmp samesign ult i64 %text.1, 16
step user start 6699: br i1 %_3.i.i.i, label %bb5.preheader.i.i.i, label %bb2.i.i.i
step user bb2.i.i.i 6707: %0 = tail call { i64, i64 } @_ZN4core5slice6memchr14memchr_aligned17h4e1086460a7e3f60E(i8 noundef range(i8 34, 125) 124, ptr noalias noundef nonnull readonly align 1 captures(address, read_provenance) %text.0, i64 noundef range(i64 0, -9223372036854775808) %text.1) #40
step core 3 28170: %4 = ptrtoint ptr %1 to i64
step core 3 28171: %5 = add i64 %4, 7
step core 3 28172: %6 = and i64 %5, -8
step core 3 28173: %7 = sub i64 %6, %4
step core 3 28174: %8 = icmp ult i64 %7, 8
step core 3 28175: tail call void @llvm.assume(i1 %8)
step core 3 28176: %9 = icmp eq i64 %6, %4
step core 3 28177: br i1 %9, label %10, label %12
step core 10 28180: %11 = add nsw i64 %2, -16
step core 10 28181: br label %18
step core 18 28196: %21 = zext i8 %0 to i64
step core 18 28197: %22 = mul nuw i64 %21, 72340172838076673
step core 18 28198: br label %23
step core 23 28202: %25 = getelementptr inbounds nuw i8, ptr %1, i64 %24
step core 23 28203: %26 = load i64, ptr %25, align 8
step core 23 28204: %27 = getelementptr i8, ptr %25, i64 8
step core 23 28205: %28 = load i64, ptr %27, align 8
step core 23 28206: %29 = xor i64 %26, %22
step core 23 28207: %30 = sub i64 72340172838076672, %29
step core 23 28208: %31 = or i64 %30, %29
step core 23 28209: %32 = xor i64 %28, %22
step core 23 28210: %33 = sub i64 72340172838076672, %32
step core 23 28211: %34 = or i64 %33, %32
step core 23 28212: %35 = and i64 %31, -9187201950435737472
step core 23 28213: %36 = and i64 %35, %34
step core 23 28214: %37 = icmp eq i64 %36, -9187201950435737472
step core 23 28215: br i1 %37, label %43, label %38
step core 43 28225: %44 = add i64 %24, 16
step core 43 28226: %45 = icmp ugt i64 %44, %19
step core 43 28227: br i1 %45, label %38, label %23
step core 38 28219: %40 = getelementptr inbounds nuw i8, ptr %1, i64 %39
step core 38 28220: %41 = sub i64 %2, %39
step core 38 28221: %42 = icmp eq i64 %2, %39
step core 38 28222: br i1 %42, label %64, label %46
step core 46 28231: %48 = getelementptr inbounds nuw i8, ptr %40, i64 %47
step core 46 28232: %49 = load i8, ptr %48, align 1
step core 46 28233: %50 = icmp eq i8 %49, %0
step core 46 28234: br i1 %50, label %54, label %51
step core 51 28237: %52 = add nuw i64 %47, 1
step core 51 28238: %53 = icmp eq i64 %52, %41
step core 51 28239: br i1 %53, label %64, label %46
step core 46 28231: %48 = getelementptr inbounds nuw i8, ptr %40, i64 %47
step core 46 28232: %49 = load i8, ptr %48, align 1
step core 46 28233: %50 = icmp eq i8 %49, %0
step core 46 28234: br i1 %50, label %54, label %51
step core 51 28237: %52 = add nuw i64 %47, 1
step core 51 28238: %53 = icmp eq i64 %52, %41
step core 51 28239: br i1 %53, label %64, label %46
step core 64 28260: %67 = insertvalue { i64, i64 } poison, i64 %66, 0
step core 64 28261: %68 = insertvalue { i64, i64 } %67, i64 %65, 1
step core 64 28262: ret { i64, i64 } %68
step user bb2.i.i.i 6708: %1 = extractvalue { i64, i64 } %0, 0
step user bb2.i.i.i 6709: %2 = icmp eq i64 %1, 1
step user bb2.i.i.i 6710: br label %"_ZN4core3str21_$LT$impl$u20$str$GT$8contains17h77be2daa577bf596E.exit"
step user "_ZN4core3str21_$LT$impl$u20$str$GT$8contains17h77be2daa577bf596E.exit" 6724: br i1 %.merged.i.i.i, label %bb4, label %bb2
step user bb2 6727: br i1 %_3.i.i.i, label %bb5.preheader.i.i.i7, label %bb2.i.i.i5
step user bb2.i.i.i5 6735: %5 = tail call { i64, i64 } @_ZN4core5slice6memchr14memchr_aligned17h4e1086460a7e3f60E(i8 noundef range(i8 34, 125) 34, ptr noalias noundef nonnull readonly align 1 captures(address, read_provenance) %text.0, i64 noundef range(i64 0, -9223372036854775808) %text.1) #40
step core 3 28170: %4 = ptrtoint ptr %1 to i64
step core 3 28171: %5 = add i64 %4, 7
step core 3 28172: %6 = and i64 %5, -8
step core 3 28173: %7 = sub i64 %6, %4
step core 3 28174: %8 = icmp ult i64 %7, 8
step core 3 28175: tail call void @llvm.assume(i1 %8)
step core 3 28176: %9 = icmp eq i64 %6, %4
step core 3 28177: br i1 %9, label %10, label %12
step core 10 28180: %11 = add nsw i64 %2, -16
step core 10 28181: br label %18
step core 18 28196: %21 = zext i8 %0 to i64
step core 18 28197: %22 = mul nuw i64 %21, 72340172838076673
step core 18 28198: br label %23
step core 23 28202: %25 = getelementptr inbounds nuw i8, ptr %1, i64 %24
step core 23 28203: %26 = load i64, ptr %25, align 8
step core 23 28204: %27 = getelementptr i8, ptr %25, i64 8
step core 23 28205: %28 = load i64, ptr %27, align 8
step core 23 28206: %29 = xor i64 %26, %22
step core 23 28207: %30 = sub i64 72340172838076672, %29
step core 23 28208: %31 = or i64 %30, %29
step core 23 28209: %32 = xor i64 %28, %22
step core 23 28210: %33 = sub i64 72340172838076672, %32
step core 23 28211: %34 = or i64 %33, %32
step core 23 28212: %35 = and i64 %31, -9187201950435737472
step core 23 28213: %36 = and i64 %35, %34
step core 23 28214: %37 = icmp eq i64 %36, -9187201950435737472
step core 23 28215: br i1 %37, label %43, label %38
step core 43 28225: %44 = add i64 %24, 16
step core 43 28226: %45 = icmp ugt i64 %44, %19
step core 43 28227: br i1 %45, label %38, label %23
step core 38 28219: %40 = getelementptr inbounds nuw i8, ptr %1, i64 %39
step core 38 28220: %41 = sub i64 %2, %39
step core 38 28221: %42 = icmp eq i64 %2, %39
step core 38 28222: br i1 %42, label %64, label %46
step core 46 28231: %48 = getelementptr inbounds nuw i8, ptr %40, i64 %47
step core 46 28232: %49 = load i8, ptr %48, align 1
step core 46 28233: %50 = icmp eq i8 %49, %0
step core 46 28234: br i1 %50, label %54, label %51
step core 51 28237: %52 = add nuw i64 %47, 1
step core 51 28238: %53 = icmp eq i64 %52, %41
step core 51 28239: br i1 %53, label %64, label %46
step core 46 28231: %48 = getelementptr inbounds nuw i8, ptr %40, i64 %47
step core 46 28232: %49 = load i8, ptr %48, align 1
step core 46 28233: %50 = icmp eq i8 %49, %0
step core 46 28234: br i1 %50, label %54, label %51
step core 51 28237: %52 = add nuw i64 %47, 1
step core 51 28238: %53 = icmp eq i64 %52, %41
step core 51 28239: br i1 %53, label %64, label %46
step core 64 28260: %67 = insertvalue { i64, i64 } poison, i64 %66, 0
step core 64 28261: %68 = insertvalue { i64, i64 } %67, i64 %65, 1
step core 64 28262: ret { i64, i64 } %68
step user bb2.i.i.i5 6736: %6 = extractvalue { i64, i64 } %5, 0
step user bb2.i.i.i5 6737: %7 = icmp eq i64 %6, 1
step user bb2.i.i.i5 6738: br label %"_ZN4core3str21_$LT$impl$u20$str$GT$8contains17h77be2daa577bf596E.exit15"
step user "_ZN4core3str21_$LT$impl$u20$str$GT$8contains17h77be2daa577bf596E.exit15" 6752: br i1 %.merged.i.i.i6, label %bb4, label %bb5
step user bb5 6759: call void @llvm.lifetime.start.p0(i64 24, ptr nonnull %stack)
step user bb5 6761: tail call void @_RNvCs1Y7DaGC1cwg_7___rustc35___rust_no_alloc_shim_is_unstable_v2() #40
step user bb5 6763: %10 = tail call noundef align 8 dereferenceable_or_null(24) ptr @_RNvCs1Y7DaGC1cwg_7___rustc12___rust_alloc(i64 noundef 24, i64 noundef 8) #40
step user bb5 6764: %11 = icmp eq ptr %10, null
step user bb5 6765: br i1 %11, label %bb2.i, label %_ZN5alloc5alloc15exchange_malloc17h6d8270e0470dde16E.exit
step user _ZN5alloc5alloc15exchange_malloc17h6d8270e0470dde16E.exit 6773: store i64 0, ptr %10, align 8
step user _ZN5alloc5alloc15exchange_malloc17h6d8270e0470dde16E.exit 6774: %_8.sroa.4.0..sroa_idx = getelementptr inbounds nuw i8, ptr %10, i64 8
step user _ZN5alloc5alloc15exchange_malloc17h6d8270e0470dde16E.exit 6775: store ptr inttoptr (i64 8 to ptr), ptr %_8.sroa.4.0..sroa_idx, align 8
step user _ZN5alloc5alloc15exchange_malloc17h6d8270e0470dde16E.exit 6776: %_8.sroa.5.0..sroa_idx = getelementptr inbounds nuw i8, ptr %10, i64 16
step user _ZN5alloc5alloc15exchange_malloc17h6d8270e0470dde16E.exit 6777: store i64 0, ptr %_8.sroa.5.0..sroa_idx, align 8
step user _ZN5alloc5alloc15exchange_malloc17h6d8270e0470dde16E.exit 6778: store i64 1, ptr %stack, align 8
step user _ZN5alloc5alloc15exchange_malloc17h6d8270e0470dde16E.exit 6779: %12 = getelementptr inbounds nuw i8, ptr %stack, i64 8
step user _ZN5alloc5alloc15exchange_malloc17h6d8270e0470dde16E.exit 6780: store ptr %10, ptr %12, align 8
step user _ZN5alloc5alloc15exchange_malloc17h6d8270e0470dde16E.exit 6781: %13 = getelementptr inbounds nuw i8, ptr %stack, i64 16
step user _ZN5alloc5alloc15exchange_malloc17h6d8270e0470dde16E.exit 6782: store i64 1, ptr %13, align 8
step user _ZN5alloc5alloc15exchange_malloc17h6d8270e0470dde16E.exit 6783: call void @llvm.lifetime.start.p0(i64 24, ptr nonnull %atom)
step user _ZN5alloc5alloc15exchange_malloc17h6d8270e0470dde16E.exit 6784: store i64 0, ptr %atom, align 8
step user _ZN5alloc5alloc15exchange_malloc17h6d8270e0470dde16E.exit 6785: %_1.sroa.4.0._0.sroa_idx.i = getelementptr inbounds nuw i8, ptr %atom, i64 8
step user _ZN5alloc5alloc15exchange_malloc17h6d8270e0470dde16E.exit 6786: store ptr inttoptr (i64 1 to ptr), ptr %_1.sroa.4.0._0.sroa_idx.i, align 8
step user _ZN5alloc5alloc15exchange_malloc17h6d8270e0470dde16E.exit 6787: %_1.sroa.5.0._0.sroa_idx.i = getelementptr inbounds nuw i8, ptr %atom, i64 16
step user _ZN5alloc5alloc15exchange_malloc17h6d8270e0470dde16E.exit 6788: store i64 0, ptr %_1.sroa.5.0._0.sroa_idx.i, align 8
step user _ZN5alloc5alloc15exchange_malloc17h6d8270e0470dde16E.exit 6789: %_7.i = getelementptr inbounds nuw i8, ptr %text.0, i64 %text.1
step user _ZN5alloc5alloc15exchange_malloc17h6d8270e0470dde16E.exit 6790: %val.sroa.4.0.list.sroa_idx = getelementptr inbounds nuw i8, ptr %list, i64 8
step user _ZN5alloc5alloc15exchange_malloc17h6d8270e0470dde16E.exit 6791: br label %bb12
step user bb12 6795: %_6.i.i.i = icmp ne ptr %iter.sroa.0.0, %_7.i
step user bb12 6796: %spec.select.idx = zext i1 %_6.i.i.i to i64
step user bb12 6797: %spec.select = getelementptr inbounds nuw i8, ptr %iter.sroa.0.0, i64 %spec.select.idx
step user bb12 6798: br i1 %_6.i.i.i, label %bb14.i.i, label %"_ZN81_$LT$core..str..iter..Chars$u20$as$u20$core..iter..traits..iterator..Iterator$GT$4next17h7cf24745601bba6cE.exit"
step user bb14.i.i 6801: %x.i.i = load i8, ptr %iter.sroa.0.0, align 1
step user bb14.i.i 6802: %_6.i.i = icmp sgt i8 %x.i.i, -1
step user bb14.i.i 6803: br i1 %_6.i.i, label %bb3.i.i, label %bb4.i.i
step user bb3.i.i 6820: %_7.i.i = zext nneg i8 %x.i.i to i32
step user bb3.i.i 6821: br label %"_ZN81_$LT$core..str..iter..Chars$u20$as$u20$core..iter..traits..iterator..Iterator$GT$4next17h7cf24745601bba6cE.exit"
step user "_ZN81_$LT$core..str..iter..Chars$u20$as$u20$core..iter..traits..iterator..Iterator$GT$4next17h7cf24745601bba6cE.exit" 6854: switch i32 %spec.select.i, label %bb1.i47 [ i32 1114112, label %bb16 i32 40, label %bb19 i32 41, label %bb18 i32 32, label %bb37 i32 13, label %bb37 i32 12, label %bb37 i32 11, label %bb37 i32 10, label %bb37 i32 9, label %bb37 ]
step user bb19 7150: call void @llvm.experimental.noalias.scope.decl(metadata !8469)
step user bb19 7151: call void @llvm.experimental.noalias.scope.decl(metadata !8473)
step user bb19 7152: %_2.i.i53 = load i64, ptr %_1.sroa.5.0._0.sroa_idx.i, align 8
step user bb19 7153: %_3.i.i54 = icmp sgt i64 %_2.i.i53, -1
step user bb19 7154: call void @llvm.assume(i1 %_3.i.i54)
step user bb19 7155: %_0.i.i55 = icmp eq i64 %_2.i.i53, 0
step user bb19 7156: br i1 %_0.i.i55, label %"_ZN5check9knownbits5parse28_$u7b$$u7b$closure$u7d$$u7d$17h742778b53c46d2b0E.exit73", label %bb3.i56
step user "_ZN5check9knownbits5parse28_$u7b$$u7b$closure$u7d$$u7d$17h742778b53c46d2b0E.exit73" 7198: %len.i.i74 = load i64, ptr %13, align 8
step user "_ZN5check9knownbits5parse28_$u7b$$u7b$closure$u7d$$u7d$17h742778b53c46d2b0E.exit73" 7199: %self1.i.i = load i64, ptr %stack, align 8
step user "_ZN5check9knownbits5parse28_$u7b$$u7b$closure$u7d$$u7d$17h742778b53c46d2b0E.exit73" 7200: %_4.i.i75 = icmp eq i64 %len.i.i74, %self1.i.i
step user "_ZN5check9knownbits5parse28_$u7b$$u7b$closure$u7d$$u7d$17h742778b53c46d2b0E.exit73" 7201: br i1 %_4.i.i75, label %bb1.i.i, label %"_ZN5alloc3vec16Vec$LT$T$C$A$GT$4push17ha6d006e8b0aaa14cE.exit"
step user bb1.i.i 7205: call void @"_ZN5alloc7raw_vec19RawVec$LT$T$C$A$GT$8grow_one17hbeadf315b87745e4E"(ptr noalias noundef nonnull align 8 dereferenceable(24) %stack) #44
step user start 3191: %self1 = load i64, ptr %self, align 8
step user start 3193: %0 = tail call { i64, i64 } @"_ZN5alloc7raw_vec20RawVecInner$LT$A$GT$14grow_amortized17h7368fa7136fd38e3E"(ptr noalias noundef align 8 dereferenceable(16) %self, i64 noundef %self1, i64 noundef 1, i64 noundef 8, i64 noundef 24) #40
step gimli 5 3925: %6 = alloca [24 x i8], align 8
step gimli 5 3926: %7 = icmp eq i64 %4, 0
step gimli 5 3927: br i1 %7, label %11, label %8
step gimli 8 3930: %9 = add i64 %2, %1
step gimli 8 3931: %10 = icmp ult i64 %9, %1
step gimli 8 3932: br i1 %10, label %11, label %16
step gimli 16 3942: %17 = load i64, ptr %0, align 8
step gimli 16 3943: %18 = shl nuw i64 %17, 1
step gimli 16 3944: %19 = tail call noundef i64 @llvm.umax.i64(i64 %9, i64 range(i64 0, -1) %18)
step gimli 16 3945: %20 = icmp eq i64 %4, 1
step gimli 16 3946: %21 = icmp ult i64 %4, 1025
step gimli 16 3947: %22 = select i1 %21, i64 4, i64 1
step gimli 16 3948: %23 = select i1 %20, i64 8, i64 %22
step gimli 16 3949: %24 = tail call noundef i64 @llvm.umax.i64(i64 %19, i64 range(i64 0, -1) %23)
step gimli 16 3950: call void @llvm.lifetime.start.p0(i64 24, ptr nonnull %6)
step gimli 16 3951: call void @"_ZN5alloc7raw_vec20RawVecInner$LT$A$GT$11finish_grow17h84db9033f8382205E"(ptr noalias noundef nonnull sret([24 x i8]) align 8 captures(none) dereferenceable(24) %6, ptr noalias noundef nonnull readonly align 8 captures(address, read_provenance) dereferenceable(16) %0, i64 noundef %24, i64 noundef %3, i64 noundef %4)
step gimli 5 3983: %6 = alloca i64, align 8
step gimli 5 3984: %7 = alloca i64, align 8
step gimli 5 3985: %8 = add i64 %3, -1
step gimli 5 3986: %9 = add nuw i64 %8, %4
step gimli 5 3987: %10 = sub i64 0, %3
step gimli 5 3988: %11 = and i64 %9, %10
step gimli 5 3989: %12 = tail call { i64, i1 } @llvm.umul.with.overflow.i64(i64 %11, i64 %2)
step gimli 5 3990: %13 = extractvalue { i64, i1 } %12, 0
step gimli 5 3991: %14 = extractvalue { i64, i1 } %12, 1
step gimli 5 3992: %15 = sub nuw i64 -9223372036854775808, %3
step gimli 5 3993: %16 = icmp ugt i64 %13, %15
step gimli 5 3994: %17 = select i1 %14, i1 true, i1 %16
step gimli 5 3995: br i1 %17, label %63, label %18
step gimli 18 3998: call void @llvm.lifetime.start.p0(i64 8, ptr nonnull %6)
step gimli 18 3999: call void @llvm.lifetime.start.p0(i64 8, ptr nonnull %7)
step gimli 18 4000: tail call void @llvm.experimental.noalias.scope.decl(metadata !272)
step gimli 18 4001: tail call void @llvm.experimental.noalias.scope.decl(metadata !275)
step gimli 18 4002: %19 = icmp eq i64 %4, 0
step gimli 18 4003: br i1 %19, label %27, label %20
step gimli 20 4006: %21 = load i64, ptr %1, align 8
step gimli 20 4007: %22 = icmp eq i64 %21, 0
step gimli 20 4008: br i1 %22, label %27, label %23
step gimli 23 4011: %24 = mul nuw i64 %21, %4
step gimli 23 4012: %25 = getelementptr inbounds nuw i8, ptr %1, i64 8
step gimli 23 4013: %26 = load ptr, ptr %25, align 8
step gimli 23 4014: store i64 %3, ptr %6, align 8
step gimli 23 4015: br label %27
step gimli 27 4021: store i64 %30, ptr %29, align 8
step gimli 27 4022: %31 = load i64, ptr %6, align 8
step gimli 27 4023: %32 = icmp eq i64 %31, 0
step gimli 27 4024: br i1 %32, label %49, label %33
step gimli 33 4027: %34 = icmp ne ptr %28, null
step gimli 33 4028: tail call void @llvm.assume(i1 %34)
step gimli 33 4029: %35 = load i64, ptr %7, align 8
step gimli 33 4030: %36 = icmp eq i64 %31, %3
step gimli 33 4031: tail call void @llvm.assume(i1 %36)
step gimli 33 4032: %37 = icmp eq i64 %35, 0
step gimli 33 4033: br i1 %37, label %38, label %44
step gimli 44 4049: %45 = icmp uge i64 %13, %35
step gimli 44 4050: tail call void @llvm.assume(i1 %45)
step gimli 44 4051: %46 = tail call noundef ptr @_RNvCs1Y7DaGC1cwg_7___rustc14___rust_realloc(ptr noundef nonnull %28, i64 noundef %35, i64 noundef range(i64 1, -9223372036854775807) %3, i64 noundef %13) #37
step gimli 44 4052: br label %47
step gimli 47 4056: call void @llvm.lifetime.end.p0(i64 8, ptr nonnull %6)
step gimli 47 4057: call void @llvm.lifetime.end.p0(i64 8, ptr nonnull %7)
step gimli 47 4058: br label %55
step gimli 55 4077: %57 = icmp eq ptr %56, null
step gimli 55 4078: br i1 %57, label %58, label %60
step gimli 60 4087: %62 = getelementptr inbounds nuw i8, ptr %0, i64 8
step gimli 60 4088: store ptr %61, ptr %62, align 8
step gimli 60 4089: br label %63
step gimli 63 4095: %67 = getelementptr inbounds nuw i8, ptr %0, i64 %64
step gimli 63 4096: store i64 %65, ptr %67, align 8
step gimli 63 4097: store i64 %66, ptr %0, align 8
step gimli 63 4098: ret void
step gimli 16 3952: %25 = load i64, ptr %6, align 8
step gimli 16 3953: %26 = trunc nuw i64 %25 to i1
step gimli 16 3954: %27 = getelementptr inbounds nuw i8, ptr %6, i64 8
step gimli 16 3955: br i1 %26, label %28, label %32
step gimli 32 3965: %33 = load ptr, ptr %27, align 8
step gimli 32 3966: call void @llvm.lifetime.end.p0(i64 24, ptr nonnull %6)
step gimli 32 3967: %34 = getelementptr inbounds nuw i8, ptr %0, i64 8
step gimli 32 3968: store ptr %33, ptr %34, align 8
step gimli 32 3969: %35 = icmp sgt i64 %24, -1
step gimli 32 3970: tail call void @llvm.assume(i1 %35)
step gimli 32 3971: store i64 %24, ptr %0, align 8
step gimli 32 3972: br label %11
step gimli 11 3937: %14 = insertvalue { i64, i64 } poison, i64 %13, 0
step gimli 11 3938: %15 = insertvalue { i64, i64 } %14, i64 %12, 1
step gimli 11 3939: ret { i64, i64 } %15
step user start 3194: %1 = extractvalue { i64, i64 } %0, 0
step user start 3195: %.not = icmp eq i64 %1, -9223372036854775807
step user start 3196: br i1 %.not, label %bb3, label %bb2
step user bb3 3205: ret void
step user bb1.i.i 7206: br label %"_ZN5alloc3vec16Vec$LT$T$C$A$GT$4push17ha6d006e8b0aaa14cE.exit"
step user "_ZN5alloc3vec16Vec$LT$T$C$A$GT$4push17ha6d006e8b0aaa14cE.exit" 7209: %_14.i.i76 = load ptr, ptr %12, align 8
step user "_ZN5alloc3vec16Vec$LT$T$C$A$GT$4push17ha6d006e8b0aaa14cE.exit" 7210: %end.i.i = getelementptr inbounds nuw %"alloc::vec::Vec<knownbits::Node>", ptr %_14.i.i76, i64 %len.i.i74
step user "_ZN5alloc3vec16Vec$LT$T$C$A$GT$4push17ha6d006e8b0aaa14cE.exit" 7211: store i64 0, ptr %end.i.i, align 8
step user "_ZN5alloc3vec16Vec$LT$T$C$A$GT$4push17ha6d006e8b0aaa14cE.exit" 7212: %_26.sroa.4.0.end.i.i.sroa_idx = getelementptr inbounds nuw i8, ptr %end.i.i, i64 8
step user "_ZN5alloc3vec16Vec$LT$T$C$A$GT$4push17ha6d006e8b0aaa14cE.exit" 7213: store ptr inttoptr (i64 8 to ptr), ptr %_26.sroa.4.0.end.i.i.sroa_idx, align 8
step user "_ZN5alloc3vec16Vec$LT$T$C$A$GT$4push17ha6d006e8b0aaa14cE.exit" 7214: %_26.sroa.5.0.end.i.i.sroa_idx = getelementptr inbounds nuw i8, ptr %end.i.i, i64 16
step user "_ZN5alloc3vec16Vec$LT$T$C$A$GT$4push17ha6d006e8b0aaa14cE.exit" 7215: store i64 0, ptr %_26.sroa.5.0.end.i.i.sroa_idx, align 8
step user "_ZN5alloc3vec16Vec$LT$T$C$A$GT$4push17ha6d006e8b0aaa14cE.exit" 7216: %49 = add i64 %len.i.i74, 1
step user "_ZN5alloc3vec16Vec$LT$T$C$A$GT$4push17ha6d006e8b0aaa14cE.exit" 7217: store i64 %49, ptr %13, align 8
step user "_ZN5alloc3vec16Vec$LT$T$C$A$GT$4push17ha6d006e8b0aaa14cE.exit" 7218: br label %bb12.backedge
step user bb12.backedge 7500: br label %bb12
step user bb12 6795: %_6.i.i.i = icmp ne ptr %iter.sroa.0.0, %_7.i
step user bb12 6796: %spec.select.idx = zext i1 %_6.i.i.i to i64
step user bb12 6797: %spec.select = getelementptr inbounds nuw i8, ptr %iter.sroa.0.0, i64 %spec.select.idx
step user bb12 6798: br i1 %_6.i.i.i, label %bb14.i.i, label %"_ZN81_$LT$core..str..iter..Chars$u20$as$u20$core..iter..traits..iterator..Iterator$GT$4next17h7cf24745601bba6cE.exit"
step user bb14.i.i 6801: %x.i.i = load i8, ptr %iter.sroa.0.0, align 1
step user bb14.i.i 6802: %_6.i.i = icmp sgt i8 %x.i.i, -1
step user bb14.i.i 6803: br i1 %_6.i.i, label %bb3.i.i, label %bb4.i.i
step user bb3.i.i 6820: %_7.i.i = zext nneg i8 %x.i.i to i32
step user bb3.i.i 6821: br label %"_ZN81_$LT$core..str..iter..Chars$u20$as$u20$core..iter..traits..iterator..Iterator$GT$4next17h7cf24745601bba6cE.exit"
step user "_ZN81_$LT$core..str..iter..Chars$u20$as$u20$core..iter..traits..iterator..Iterator$GT$4next17h7cf24745601bba6cE.exit" 6854: switch i32 %spec.select.i, label %bb1.i47 [ i32 1114112, label %bb16 i32 40, label %bb19 i32 41, label %bb18 i32 32, label %bb37 i32 13, label %bb37 i32 12, label %bb37 i32 11, label %bb37 i32 10, label %bb37 i32 9, label %bb37 ]
step user bb1.i47 7107: %_4.i = icmp samesign ugt i32 %spec.select.i, 127
step user bb1.i47 7108: br i1 %_4.i, label %bb5.i, label %bb38
step user bb38 7367: %len.i = load i64, ptr %_1.sroa.5.0._0.sroa_idx.i, align 8
step user bb38 7368: %_14.i123 = icmp sgt i64 %len.i, -1
step user bb38 7369: call void @llvm.assume(i1 %_14.i123)
step user bb38 7370: %_16.i = icmp samesign ult i32 %spec.select.i, 128
step user bb38 7371: br i1 %_16.i, label %bb2.i125, label %bb3.i124
step user bb2.i125 7385: call void @"_ZN5alloc3vec16Vec$LT$T$C$A$GT$7reserve17h2f692e8ba7e2c189E"(ptr noalias noundef nonnull align 8 dereferenceable(24) %atom, i64 noundef %ch_len.sroa.0.0.i) #40
step addr2line 2 48: %3 = getelementptr inbounds nuw i8, ptr %0, i64 16
step addr2line 2 49: %4 = load i64, ptr %3, align 8
step addr2line 2 50: %5 = load i64, ptr %0, align 8
step addr2line 2 51: %6 = sub i64 %5, %4
step addr2line 2 52: %7 = icmp ugt i64 %1, %6
step addr2line 2 53: br i1 %7, label %9, label %8
step addr2line 9 59: tail call void @"_ZN5alloc7raw_vec20RawVecInner$LT$A$GT$7reserve21do_reserve_and_handle17h175ca68f373c248bE"(ptr noalias noundef nonnull align 8 dereferenceable(16) %0, i64 noundef %4, i64 noundef %1, i64 noundef 1, i64 noundef 1)
step addr2line 5 65: %6 = tail call { i64, i64 } @"_ZN5alloc7raw_vec20RawVecInner$LT$A$GT$14grow_amortized17h7368fa7136fd38e3E"(ptr noalias noundef nonnull align 8 dereferenceable(16) %0, i64 noundef %1, i64 noundef %2, i64 noundef %3, i64 noundef %4)
step gimli 5 3925: %6 = alloca [24 x i8], align 8
step gimli 5 3926: %7 = icmp eq i64 %4, 0
step gimli 5 3927: br i1 %7, label %11, label %8
step gimli 8 3930: %9 = add i64 %2, %1
step gimli 8 3931: %10 = icmp ult i64 %9, %1
step gimli 8 3932: br i1 %10, label %11, label %16
step gimli 16 3942: %17 = load i64, ptr %0, align 8
step gimli 16 3943: %18 = shl nuw i64 %17, 1
step gimli 16 3944: %19 = tail call noundef i64 @llvm.umax.i64(i64 %9, i64 range(i64 0, -1) %18)
step gimli 16 3945: %20 = icmp eq i64 %4, 1
step gimli 16 3946: %21 = icmp ult i64 %4, 1025
step gimli 16 3947: %22 = select i1 %21, i64 4, i64 1
step gimli 16 3948: %23 = select i1 %20, i64 8, i64 %22
step gimli 16 3949: %24 = tail call noundef i64 @llvm.umax.i64(i64 %19, i64 range(i64 0, -1) %23)
step gimli 16 3950: call void @llvm.lifetime.start.p0(i64 24, ptr nonnull %6)
step gimli 16 3951: call void @"_ZN5alloc7raw_vec20RawVecInner$LT$A$GT$11finish_grow17h84db9033f8382205E"(ptr noalias noundef nonnull sret([24 x i8]) align 8 captures(none) dereferenceable(24) %6, ptr noalias noundef nonnull readonly align 8 captures(address, read_provenance) dereferenceable(16) %0, i64 noundef %24, i64 noundef %3, i64 noundef %4)
step gimli 5 3983: %6 = alloca i64, align 8
step gimli 5 3984: %7 = alloca i64, align 8
step gimli 5 3985: %8 = add i64 %3, -1
step gimli 5 3986: %9 = add nuw i64 %8, %4
step gimli 5 3987: %10 = sub i64 0, %3
step gimli 5 3988: %11 = and i64 %9, %10
step gimli 5 3989: %12 = tail call { i64, i1 } @llvm.umul.with.overflow.i64(i64 %11, i64 %2)
step gimli 5 3990: %13 = extractvalue { i64, i1 } %12, 0
step gimli 5 3991: %14 = extractvalue { i64, i1 } %12, 1
step gimli 5 3992: %15 = sub nuw i64 -9223372036854775808, %3
step gimli 5 3993: %16 = icmp ugt i64 %13, %15
step gimli 5 3994: %17 = select i1 %14, i1 true, i1 %16
step gimli 5 3995: br i1 %17, label %63, label %18
step gimli 18 3998: call void @llvm.lifetime.start.p0(i64 8, ptr nonnull %6)
step gimli 18 3999: call void @llvm.lifetime.start.p0(i64 8, ptr nonnull %7)
step gimli 18 4000: tail call void @llvm.experimental.noalias.scope.decl(metadata !272)
step gimli 18 4001: tail call void @llvm.experimental.noalias.scope.decl(metadata !275)
step gimli 18 4002: %19 = icmp eq i64 %4, 0
step gimli 18 4003: br i1 %19, label %27, label %20
step gimli 20 4006: %21 = load i64, ptr %1, align 8
step gimli 20 4007: %22 = icmp eq i64 %21, 0
step gimli 20 4008: br i1 %22, label %27, label %23
step gimli 27 4021: store i64 %30, ptr %29, align 8
step gimli 27 4022: %31 = load i64, ptr %6, align 8
step gimli 27 4023: %32 = icmp eq i64 %31, 0
step gimli 27 4024: br i1 %32, label %49, label %33
step gimli 49 4061: call void @llvm.lifetime.end.p0(i64 8, ptr nonnull %6)
step gimli 49 4062: call void @llvm.lifetime.end.p0(i64 8, ptr nonnull %7)
step gimli 49 4063: %50 = icmp eq i64 %13, 0
step gimli 49 4064: br i1 %50, label %51, label %53
step gimli 53 4071: tail call void @_RNvCs1Y7DaGC1cwg_7___rustc35___rust_no_alloc_shim_is_unstable_v2() #37
step gimli 53 4072: %54 = tail call noundef ptr @_RNvCs1Y7DaGC1cwg_7___rustc12___rust_alloc(i64 noundef %13, i64 noundef range(i64 1, -9223372036854775807) %3) #37
step gimli 53 4073: br label %55
step gimli 55 4077: %57 = icmp eq ptr %56, null
step gimli 55 4078: br i1 %57, label %58, label %60
step gimli 60 4087: %62 = getelementptr inbounds nuw i8, ptr %0, i64 8
step gimli 60 4088: store ptr %61, ptr %62, align 8
step gimli 60 4089: br label %63
step gimli 63 4095: %67 = getelementptr inbounds nuw i8, ptr %0, i64 %64
step gimli 63 4096: store i64 %65, ptr %67, align 8
step gimli 63 4097: store i64 %66, ptr %0, align 8
step gimli 63 4098: ret void
step gimli 16 3952: %25 = load i64, ptr %6, align 8
step gimli 16 3953: %26 = trunc nuw i64 %25 to i1
step gimli 16 3954: %27 = getelementptr inbounds nuw i8, ptr %6, i64 8
step gimli 16 3955: br i1 %26, label %28, label %32
step gimli 32 3965: %33 = load ptr, ptr %27, align 8
step gimli 32 3966: call void @llvm.lifetime.end.p0(i64 24, ptr nonnull %6)
step gimli 32 3967: %34 = getelementptr inbounds nuw i8, ptr %0, i64 8
step gimli 32 3968: store ptr %33, ptr %34, align 8
step gimli 32 3969: %35 = icmp sgt i64 %24, -1
step gimli 32 3970: tail call void @llvm.assume(i1 %35)
step gimli 32 3971: store i64 %24, ptr %0, align 8
step gimli 32 3972: br label %11
step gimli 11 3937: %14 = insertvalue { i64, i64 } poison, i64 %13, 0
step gimli 11 3938: %15 = insertvalue { i64, i64 } %14, i64 %12, 1
step gimli 11 3939: ret { i64, i64 } %15
step addr2line 5 66: %7 = extractvalue { i64, i64 } %6, 0
step addr2line 5 67: %8 = icmp eq i64 %7, -9223372036854775807
step addr2line 5 68: br i1 %8, label %11, label %9
step addr2line 11 76: ret void
step addr2line 9 60: br label %8
step addr2line 8 56: ret void
step user bb2.i125 7386: %_20.i = load ptr, ptr %_1.sroa.4.0._0.sroa_idx.i, align 8
step user bb2.i125 7387: %count.i = load i64, ptr %_1.sroa.5.0._0.sroa_idx.i, align 8
step user bb2.i125 7388: %_21.i = icmp sgt i64 %count.i, -1
step user bb2.i125 7389: call void @llvm.assume(i1 %_21.i)
step user bb2.i125 7390: %_8.i = getelementptr inbounds nuw i8, ptr %_20.i, i64 %count.i
step user bb2.i125 7391: br i1 %_16.i, label %bb12.i.i, label %bb7.i.i126
step user bb12.i.i 7412: %67 = trunc nuw nsw i32 %spec.select.i to i8
step user bb12.i.i 7413: store i8 %67, ptr %_8.i, align 1
step user bb12.i.i 7414: br label %_ZN5alloc6string6String4push17hcc79d202422396d6E.exit
step user _ZN5alloc6string6String4push17hcc79d202422396d6E.exit 7447: %new_len.i = add nuw i64 %ch_len.sroa.0.0.i, %len.i
step user _ZN5alloc6string6String4push17hcc79d202422396d6E.exit 7448: store i64 %new_len.i, ptr %_1.sroa.5.0._0.sroa_idx.i, align 8
step user _ZN5alloc6string6String4push17hcc79d202422396d6E.exit 7449: br label %bb12.backedge
step user bb12.backedge 7500: br label %bb12
step user bb12 6795: %_6.i.i.i = icmp ne ptr %iter.sroa.0.0, %_7.i
step user bb12 6796: %spec.select.idx = zext i1 %_6.i.i.i to i64
step user bb12 6797: %spec.select = getelementptr inbounds nuw i8, ptr %iter.sroa.0.0, i64 %spec.select.idx
step user bb12 6798: br i1 %_6.i.i.i, label %bb14.i.i, label %"_ZN81_$LT$core..str..iter..Chars$u20$as$u20$core..iter..traits..iterator..Iterator$GT$4next17h7cf24745601bba6cE.exit"
step user bb14.i.i 6801: %x.i.i = load i8, ptr %iter.sroa.0.0, align 1
step user bb14.i.i 6802: %_6.i.i = icmp sgt i8 %x.i.i, -1
step user bb14.i.i 6803: br i1 %_6.i.i, label %bb3.i.i, label %bb4.i.i
step user bb3.i.i 6820: %_7.i.i = zext nneg i8 %x.i.i to i32
step user bb3.i.i 6821: br label %"_ZN81_$LT$core..str..iter..Chars$u20$as$u20$core..iter..traits..iterator..Iterator$GT$4next17h7cf24745601bba6cE.exit"
step user "_ZN81_$LT$core..str..iter..Chars$u20$as$u20$core..iter..traits..iterator..Iterator$GT$4next17h7cf24745601bba6cE.exit" 6854: switch i32 %spec.select.i, label %bb1.i47 [ i32 1114112, label %bb16 i32 40, label %bb19 i32 41, label %bb18 i32 32, label %bb37 i32 13, label %bb37 i32 12, label %bb37 i32 11, label %bb37 i32 10, label %bb37 i32 9, label %bb37 ]
step user bb1.i47 7107: %_4.i = icmp samesign ugt i32 %spec.select.i, 127
step user bb1.i47 7108: br i1 %_4.i, label %bb5.i, label %bb38
step user bb38 7367: %len.i = load i64, ptr %_1.sroa.5.0._0.sroa_idx.i, align 8
step user bb38 7368: %_14.i123 = icmp sgt i64 %len.i, -1
step user bb38 7369: call void @llvm.assume(i1 %_14.i123)
step user bb38 7370: %_16.i = icmp samesign ult i32 %spec.select.i, 128
step user bb38 7371: br i1 %_16.i, label %bb2.i125, label %bb3.i124
step user bb2.i125 7385: call void @"_ZN5alloc3vec16Vec$LT$T$C$A$GT$7reserve17h2f692e8ba7e2c189E"(ptr noalias noundef nonnull align 8 dereferenceable(24) %atom, i64 noundef %ch_len.sroa.0.0.i) #40
step addr2line 2 48: %3 = getelementptr inbounds nuw i8, ptr %0, i64 16
step addr2line 2 49: %4 = load i64, ptr %3, align 8
step addr2line 2 50: %5 = load i64, ptr %0, align 8
step addr2line 2 51: %6 = sub i64 %5, %4
step addr2line 2 52: %7 = icmp ugt i64 %1, %6
step addr2line 2 53: br i1 %7, label %9, label %8
step addr2line 8 56: ret void
step user bb2.i125 7386: %_20.i = load ptr, ptr %_1.sroa.4.0._0.sroa_idx.i, align 8
step user bb2.i125 7387: %count.i = load i64, ptr %_1.sroa.5.0._0.sroa_idx.i, align 8
step user bb2.i125 7388: %_21.i = icmp sgt i64 %count.i, -1
step user bb2.i125 7389: call void @llvm.assume(i1 %_21.i)
step user bb2.i125 7390: %_8.i = getelementptr inbounds nuw i8, ptr %_20.i, i64 %count.i
step user bb2.i125 7391: br i1 %_16.i, label %bb12.i.i, label %bb7.i.i126
step user bb12.i.i 7412: %67 = trunc nuw nsw i32 %spec.select.i to i8
step user bb12.i.i 7413: store i8 %67, ptr %_8.i, align 1
step user bb12.i.i 7414: br label %_ZN5alloc6string6String4push17hcc79d202422396d6E.exit
step user _ZN5alloc6string6String4push17hcc79d202422396d6E.exit 7447: %new_len.i = add nuw i64 %ch_len.sroa.0.0.i, %len.i
step user _ZN5alloc6string6String4push17hcc79d202422396d6E.exit 7448: store i64 %new_len.i, ptr %_1.sroa.5.0._0.sroa_idx.i, align 8
step user _ZN5alloc6string6String4push17hcc79d202422396d6E.exit 7449: br label %bb12.backedge
step user bb12.backedge 7500: br label %bb12
step user bb12 6795: %_6.i.i.i = icmp ne ptr %iter.sroa.0.0, %_7.i
step user bb12 6796: %spec.select.idx = zext i1 %_6.i.i.i to i64
step user bb12 6797: %spec.select = getelementptr inbounds nuw i8, ptr %iter.sroa.0.0, i64 %spec.select.idx
step user bb12 6798: br i1 %_6.i.i.i, label %bb14.i.i, label %"_ZN81_$LT$core..str..iter..Chars$u20$as$u20$core..iter..traits..iterator..Iterator$GT$4next17h7cf24745601bba6cE.exit"
step user bb14.i.i 6801: %x.i.i = load i8, ptr %iter.sroa.0.0, align 1
step user bb14.i.i 6802: %_6.i.i = icmp sgt i8 %x.i.i, -1
step user bb14.i.i 6803: br i1 %_6.i.i, label %bb3.i.i, label %bb4.i.i
step user bb3.i.i 6820: %_7.i.i = zext nneg i8 %x.i.i to i32
step user bb3.i.i 6821: br label %"_ZN81_$LT$core..str..iter..Chars$u20$as$u20$core..iter..traits..iterator..Iterator$GT$4next17h7cf24745601bba6cE.exit"
step user "_ZN81_$LT$core..str..iter..Chars$u20$as$u20$core..iter..traits..iterator..Iterator$GT$4next17h7cf24745601bba6cE.exit" 6854: switch i32 %spec.select.i, label %bb1.i47 [ i32 1114112, label %bb16 i32 40, label %bb19 i32 41, label %bb18 i32 32, label %bb37 i32 13, label %bb37 i32 12, label %bb37 i32 11, label %bb37 i32 10, label %bb37 i32 9, label %bb37 ]
step user bb1.i47 7107: %_4.i = icmp samesign ugt i32 %spec.select.i, 127
step user bb1.i47 7108: br i1 %_4.i, label %bb5.i, label %bb38
step user bb38 7367: %len.i = load i64, ptr %_1.sroa.5.0._0.sroa_idx.i, align 8
step user bb38 7368: %_14.i123 = icmp sgt i64 %len.i, -1
step user bb38 7369: call void @llvm.assume(i1 %_14.i123)
step user bb38 7370: %_16.i = icmp samesign ult i32 %spec.select.i, 128
step user bb38 7371: br i1 %_16.i, label %bb2.i125, label %bb3.i124
step user bb2.i125 7385: call void @"_ZN5alloc3vec16Vec$LT$T$C$A$GT$7reserve17h2f692e8ba7e2c189E"(ptr noalias noundef nonnull align 8 dereferenceable(24) %atom, i64 noundef %ch_len.sroa.0.0.i) #40
step addr2line 2 48: %3 = getelementptr inbounds nuw i8, ptr %0, i64 16
step addr2line 2 49: %4 = load i64, ptr %3, align 8
step addr2line 2 50: %5 = load i64, ptr %0, align 8
step addr2line 2 51: %6 = sub i64 %5, %4
step addr2line 2 52: %7 = icmp ugt i64 %1, %6
step addr2line 2 53: br i1 %7, label %9, label %8
step addr2line 8 56: ret void
step user bb2.i125 7386: %_20.i = load ptr, ptr %_1.sroa.4.0._0.sroa_idx.i, align 8
step user bb2.i125 7387: %count.i = load i64, ptr %_1.sroa.5.0._0.sroa_idx.i, align 8
step user bb2.i125 7388: %_21.i = icmp sgt i64 %count.i, -1
step user bb2.i125 7389: call void @llvm.assume(i1 %_21.i)
step user bb2.i125 7390: %_8.i = getelementptr inbounds nuw i8, ptr %_20.i, i64 %count.i
step user bb2.i125 7391: br i1 %_16.i, label %bb12.i.i, label %bb7.i.i126
step user bb12.i.i 7412: %67 = trunc nuw nsw i32 %spec.select.i to i8
step user bb12.i.i 7413: store i8 %67, ptr %_8.i, align 1
step user bb12.i.i 7414: br label %_ZN5alloc6string6String4push17hcc79d202422396d6E.exit
step user _ZN5alloc6string6String4push17hcc79d202422396d6E.exit 7447: %new_len.i = add nuw i64 %ch_len.sroa.0.0.i, %len.i
step user _ZN5alloc6string6String4push17hcc79d202422396d6E.exit 7448: store i64 %new_len.i, ptr %_1.sroa.5.0._0.sroa_idx.i, align 8
step user _ZN5alloc6string6String4push17hcc79d202422396d6E.exit 7449: br label %bb12.backedge
step user bb12.backedge 7500: br label %bb12
step user bb12 6795: %_6.i.i.i = icmp ne ptr %iter.sroa.0.0, %_7.i
step user bb12 6796: %spec.select.idx = zext i1 %_6.i.i.i to i64
step user bb12 6797: %spec.select = getelementptr inbounds nuw i8, ptr %iter.sroa.0.0, i64 %spec.select.idx
step user bb12 6798: br i1 %_6.i.i.i, label %bb14.i.i, label %"_ZN81_$LT$core..str..iter..Chars$u20$as$u20$core..iter..traits..iterator..Iterator$GT$4next17h7cf24745601bba6cE.exit"
step user bb14.i.i 6801: %x.i.i = load i8, ptr %iter.sroa.0.0, align 1
step user bb14.i.i 6802: %_6.i.i = icmp sgt i8 %x.i.i, -1
step user bb14.i.i 6803: br i1 %_6.i.i, label %bb3.i.i, label %bb4.i.i
step user bb3.i.i 6820: %_7.i.i = zext nneg i8 %x.i.i to i32
step user bb3.i.i 6821: br label %"_ZN81_$LT$core..str..iter..Chars$u20$as$u20$core..iter..traits..iterator..Iterator$GT$4next17h7cf24745601bba6cE.exit"
step user "_ZN81_$LT$core..str..iter..Chars$u20$as$u20$core..iter..traits..iterator..Iterator$GT$4next17h7cf24745601bba6cE.exit" 6854: switch i32 %spec.select.i, label %bb1.i47 [ i32 1114112, label %bb16 i32 40, label %bb19 i32 41, label %bb18 i32 32, label %bb37 i32 13, label %bb37 i32 12, label %bb37 i32 11, label %bb37 i32 10, label %bb37 i32 9, label %bb37 ]
step user bb1.i47 7107: %_4.i = icmp samesign ugt i32 %spec.select.i, 127
step user bb1.i47 7108: br i1 %_4.i, label %bb5.i, label %bb38
step user bb38 7367: %len.i = load i64, ptr %_1.sroa.5.0._0.sroa_idx.i, align 8
step user bb38 7368: %_14.i123 = icmp sgt i64 %len.i, -1
step user bb38 7369: call void @llvm.assume(i1 %_14.i123)
step user bb38 7370: %_16.i = icmp samesign ult i32 %spec.select.i, 128
step user bb38 7371: br i1 %_16.i, label %bb2.i125, label %bb3.i124
step user bb2.i125 7385: call void @"_ZN5alloc3vec16Vec$LT$T$C$A$GT$7reserve17h2f692e8ba7e2c189E"(ptr noalias noundef nonnull align 8 dereferenceable(24) %atom, i64 noundef %ch_len.sroa.0.0.i) #40
step addr2line 2 48: %3 = getelementptr inbounds nuw i8, ptr %0, i64 16
step addr2line 2 49: %4 = load i64, ptr %3, align 8
step addr2line 2 50: %5 = load i64, ptr %0, align 8
step addr2line 2 51: %6 = sub i64 %5, %4
step addr2line 2 52: %7 = icmp ugt i64 %1, %6
step addr2line 2 53: br i1 %7, label %9, label %8
step addr2line 8 56: ret void
step user bb2.i125 7386: %_20.i = load ptr, ptr %_1.sroa.4.0._0.sroa_idx.i, align 8
step user bb2.i125 7387: %count.i = load i64, ptr %_1.sroa.5.0._0.sroa_idx.i, align 8
step user bb2.i125 7388: %_21.i = icmp sgt i64 %count.i, -1
step user bb2.i125 7389: call void @llvm.assume(i1 %_21.i)
step user bb2.i125 7390: %_8.i = getelementptr inbounds nuw i8, ptr %_20.i, i64 %count.i
step user bb2.i125 7391: br i1 %_16.i, label %bb12.i.i, label %bb7.i.i126
step user bb12.i.i 7412: %67 = trunc nuw nsw i32 %spec.select.i to i8
step user bb12.i.i 7413: store i8 %67, ptr %_8.i, align 1
step user bb12.i.i 7414: br label %_ZN5alloc6string6String4push17hcc79d202422396d6E.exit
step user _ZN5alloc6string6String4push17hcc79d202422396d6E.exit 7447: %new_len.i = add nuw i64 %ch_len.sroa.0.0.i, %len.i
step user _ZN5alloc6string6String4push17hcc79d202422396d6E.exit 7448: store i64 %new_len.i, ptr %_1.sroa.5.0._0.sroa_idx.i, align 8
step user _ZN5alloc6string6String4push17hcc79d202422396d6E.exit 7449: br label %bb12.backedge
step user bb12.backedge 7500: br label %bb12
step user bb12 6795: %_6.i.i.i = icmp ne ptr %iter.sroa.0.0, %_7.i
step user bb12 6796: %spec.select.idx = zext i1 %_6.i.i.i to i64
step user bb12 6797: %spec.select = getelementptr inbounds nuw i8, ptr %iter.sroa.0.0, i64 %spec.select.idx
step user bb12 6798: br i1 %_6.i.i.i, label %bb14.i.i, label %"_ZN81_$LT$core..str..iter..Chars$u20$as$u20$core..iter..traits..iterator..Iterator$GT$4next17h7cf24745601bba6cE.exit"
step user bb14.i.i 6801: %x.i.i = load i8, ptr %iter.sroa.0.0, align 1
step user bb14.i.i 6802: %_6.i.i = icmp sgt i8 %x.i.i, -1
step user bb14.i.i 6803: br i1 %_6.i.i, label %bb3.i.i, label %bb4.i.i
step user bb3.i.i 6820: %_7.i.i = zext nneg i8 %x.i.i to i32
step user bb3.i.i 6821: br label %"_ZN81_$LT$core..str..iter..Chars$u20$as$u20$core..iter..traits..iterator..Iterator$GT$4next17h7cf24745601bba6cE.exit"
step user "_ZN81_$LT$core..str..iter..Chars$u20$as$u20$core..iter..traits..iterator..Iterator$GT$4next17h7cf24745601bba6cE.exit" 6854: switch i32 %spec.select.i, label %bb1.i47 [ i32 1114112, label %bb16 i32 40, label %bb19 i32 41, label %bb18 i32 32, label %bb37 i32 13, label %bb37 i32 12, label %bb37 i32 11, label %bb37 i32 10, label %bb37 i32 9, label %bb37 ]
step user bb37 7452: call void @llvm.experimental.noalias.scope.decl(metadata !8880)
step user bb37 7453: call void @llvm.experimental.noalias.scope.decl(metadata !8885)
step user bb37 7454: %_2.i.i140 = load i64, ptr %_1.sroa.5.0._0.sroa_idx.i, align 8
step user bb37 7455: %_3.i.i141 = icmp sgt i64 %_2.i.i140, -1
step user bb37 7456: call void @llvm.assume(i1 %_3.i.i141)
step user bb37 7457: %_0.i.i142 = icmp eq i64 %_2.i.i140, 0
step user bb37 7458: br i1 %_0.i.i142, label %bb12.backedge, label %bb3.i143
step user bb3.i143 7461: %_5.i.i144 = load ptr, ptr %12, align 8
step user bb3.i143 7462: %_4.i.i145 = load i64, ptr %13, align 8
step user bb3.i143 7463: %_3.not.i.i146 = icmp eq i64 %_4.i.i145, 0
step user bb3.i143 7464: %70 = getelementptr %"alloc::vec::Vec<knownbits::Node>", ptr %_5.i.i144, i64 %_4.i.i145
step user bb3.i143 7465: %last.i.i147 = getelementptr i8, ptr %70, i64 -24
step user bb3.i143 7466: %.not1.i148 = icmp eq ptr %last.i.i147, null
step user bb3.i143 7467: %.not.i149 = or i1 %_3.not.i.i146, %.not1.i148
step user bb3.i143 7468: br i1 %.not.i149, label %bb12.backedge, label %bb6.i150
step user bb6.i150 7471: call void @llvm.lifetime.start.p0(i64 24, ptr nonnull %_11.sroa.4.i139)
step user bb6.i150 7472: call void @llvm.memcpy.p0.p0.i64(ptr noundef nonnull align 8 dereferenceable(24) %_11.sroa.4.i139, ptr noundef nonnull align 8 dereferenceable(24) %atom, i64 24, i1 false)
step user bb6.i150 7473: store i64 0, ptr %atom, align 8
step user bb6.i150 7474: store ptr inttoptr (i64 1 to ptr), ptr %_1.sroa.4.0._0.sroa_idx.i, align 8
step user bb6.i150 7475: store i64 0, ptr %_1.sroa.5.0._0.sroa_idx.i, align 8
step user bb6.i150 7476: %71 = getelementptr i8, ptr %70, i64 -8
step user bb6.i150 7477: %len.i.i.i152 = load i64, ptr %71, align 8
step user bb6.i150 7478: %self1.i.i.i153 = load i64, ptr %last.i.i147, align 8
step user bb6.i150 7479: %_4.i.i.i154 = icmp eq i64 %len.i.i.i152, %self1.i.i.i153
step user bb6.i150 7480: br i1 %_4.i.i.i154, label %bb1.i.i.i159, label %"_ZN5alloc3vec16Vec$LT$T$C$A$GT$4push17h64f91a2088c56d0dE.exit.i155"
step user bb1.i.i.i159 7484: call void @"_ZN5alloc7raw_vec19RawVec$LT$T$C$A$GT$8grow_one17hed1057ab2c706b2aE"(ptr noalias noundef nonnull align 8 dereferenceable(24) %last.i.i147) #44
step user start 3212: %self1 = load i64, ptr %self, align 8
step user start 3214: %0 = tail call { i64, i64 } @"_ZN5alloc7raw_vec20RawVecInner$LT$A$GT$14grow_amortized17h7368fa7136fd38e3E"(ptr noalias noundef align 8 dereferenceable(16) %self, i64 noundef %self1, i64 noundef 1, i64 noundef 8, i64 noundef 32) #40
step gimli 5 3925: %6 = alloca [24 x i8], align 8
step gimli 5 3926: %7 = icmp eq i64 %4, 0
step gimli 5 3927: br i1 %7, label %11, label %8
step gimli 8 3930: %9 = add i64 %2, %1
step gimli 8 3931: %10 = icmp ult i64 %9, %1
step gimli 8 3932: br i1 %10, label %11, label %16
step gimli 16 3942: %17 = load i64, ptr %0, align 8
step gimli 16 3943: %18 = shl nuw i64 %17, 1
step gimli 16 3944: %19 = tail call noundef i64 @llvm.umax.i64(i64 %9, i64 range(i64 0, -1) %18)
step gimli 16 3945: %20 = icmp eq i64 %4, 1
step gimli 16 3946: %21 = icmp ult i64 %4, 1025
step gimli 16 3947: %22 = select i1 %21, i64 4, i64 1
step gimli 16 3948: %23 = select i1 %20, i64 8, i64 %22
step gimli 16 3949: %24 = tail call noundef i64 @llvm.umax.i64(i64 %19, i64 range(i64 0, -1) %23)
step gimli 16 3950: call void @llvm.lifetime.start.p0(i64 24, ptr nonnull %6)
step gimli 16 3951: call void @"_ZN5alloc7raw_vec20RawVecInner$LT$A$GT$11finish_grow17h84db9033f8382205E"(ptr noalias noundef nonnull sret([24 x i8]) align 8 captures(none) dereferenceable(24) %6, ptr noalias noundef nonnull readonly align 8 captures(address, read_provenance) dereferenceable(16) %0, i64 noundef %24, i64 noundef %3, i64 noundef %4)
step gimli 5 3983: %6 = alloca i64, align 8
step gimli 5 3984: %7 = alloca i64, align 8
step gimli 5 3985: %8 = add i64 %3, -1
step gimli 5 3986: %9 = add nuw i64 %8, %4
step gimli 5 3987: %10 = sub i64 0, %3
step gimli 5 3988: %11 = and i64 %9, %10
step gimli 5 3989: %12 = tail call { i64, i1 } @llvm.umul.with.overflow.i64(i64 %11, i64 %2)
step gimli 5 3990: %13 = extractvalue { i64, i1 } %12, 0
step gimli 5 3991: %14 = extractvalue { i64, i1 } %12, 1
step gimli 5 3992: %15 = sub nuw i64 -9223372036854775808, %3
step gimli 5 3993: %16 = icmp ugt i64 %13, %15
step gimli 5 3994: %17 = select i1 %14, i1 true, i1 %16
step gimli 5 3995: br i1 %17, label %63, label %18
step gimli 18 3998: call void @llvm.lifetime.start.p0(i64 8, ptr nonnull %6)
step gimli 18 3999: call void @llvm.lifetime.start.p0(i64 8, ptr nonnull %7)
step gimli 18 4000: tail call void @llvm.experimental.noalias.scope.decl(metadata !272)
step gimli 18 4001: tail call void @llvm.experimental.noalias.scope.decl(metadata !275)
step gimli 18 4002: %19 = icmp eq i64 %4, 0
step gimli 18 4003: br i1 %19, label %27, label %20
step gimli 20 4006: %21 = load i64, ptr %1, align 8
step gimli 20 4007: %22 = icmp eq i64 %21, 0
step gimli 20 4008: br i1 %22, label %27, label %23
step gimli 27 4021: store i64 %30, ptr %29, align 8
step gimli 27 4022: %31 = load i64, ptr %6, align 8
step gimli 27 4023: %32 = icmp eq i64 %31, 0
step gimli 27 4024: br i1 %32, label %49, label %33
step gimli 49 4061: call void @llvm.lifetime.end.p0(i64 8, ptr nonnull %6)
step gimli 49 4062: call void @llvm.lifetime.end.p0(i64 8, ptr nonnull %7)
step gimli 49 4063: %50 = icmp eq i64 %13, 0
step gimli 49 4064: br i1 %50, label %51, label %53
step gimli 53 4071: tail call void @_RNvCs1Y7DaGC1cwg_7___rustc35___rust_no_alloc_shim_is_unstable_v2() #37
step gimli 53 4072: %54 = tail call noundef ptr @_RNvCs1Y7DaGC1cwg_7___rustc12___rust_alloc(i64 noundef %13, i64 noundef range(i64 1, -9223372036854775807) %3) #37
step gimli 53 4073: br label %55
step gimli 55 4077: %57 = icmp eq ptr %56, null
step gimli 55 4078: br i1 %57, label %58, label %60
step gimli 60 4087: %62 = getelementptr inbounds nuw i8, ptr %0, i64 8
step gimli 60 4088: store ptr %61, ptr %62, align 8
step gimli 60 4089: br label %63
step gimli 63 4095: %67 = getelementptr inbounds nuw i8, ptr %0, i64 %64
step gimli 63 4096: store i64 %65, ptr %67, align 8
step gimli 63 4097: store i64 %66, ptr %0, align 8
step gimli 63 4098: ret void
step gimli 16 3952: %25 = load i64, ptr %6, align 8
step gimli 16 3953: %26 = trunc nuw i64 %25 to i1
step gimli 16 3954: %27 = getelementptr inbounds nuw i8, ptr %6, i64 8
step gimli 16 3955: br i1 %26, label %28, label %32
step gimli 32 3965: %33 = load ptr, ptr %27, align 8
step gimli 32 3966: call void @llvm.lifetime.end.p0(i64 24, ptr nonnull %6)
step gimli 32 3967: %34 = getelementptr inbounds nuw i8, ptr %0, i64 8
step gimli 32 3968: store ptr %33, ptr %34, align 8
step gimli 32 3969: %35 = icmp sgt i64 %24, -1
step gimli 32 3970: tail call void @llvm.assume(i1 %35)
step gimli 32 3971: store i64 %24, ptr %0, align 8
step gimli 32 3972: br label %11
step gimli 11 3937: %14 = insertvalue { i64, i64 } poison, i64 %13, 0
step gimli 11 3938: %15 = insertvalue { i64, i64 } %14, i64 %12, 1
step gimli 11 3939: ret { i64, i64 } %15
step user start 3215: %1 = extractvalue { i64, i64 } %0, 0
step user start 3216: %.not = icmp eq i64 %1, -9223372036854775807
step user start 3217: br i1 %.not, label %bb3, label %bb2
step user bb3 3226: ret void
step user bb1.i.i.i159 7485: br label %"_ZN5alloc3vec16Vec$LT$T$C$A$GT$4push17h64f91a2088c56d0dE.exit.i155"
step user "_ZN5alloc3vec16Vec$LT$T$C$A$GT$4push17h64f91a2088c56d0dE.exit.i155" 7488: %72 = getelementptr i8, ptr %70, i64 -16
step user "_ZN5alloc3vec16Vec$LT$T$C$A$GT$4push17h64f91a2088c56d0dE.exit.i155" 7489: %_14.i.i.i156 = load ptr, ptr %72, align 8
step user "_ZN5alloc3vec16Vec$LT$T$C$A$GT$4push17h64f91a2088c56d0dE.exit.i155" 7490: %end.i.i.i157 = getelementptr inbounds nuw %"knownbits::Node", ptr %_14.i.i.i156, i64 %len.i.i.i152
step user "_ZN5alloc3vec16Vec$LT$T$C$A$GT$4push17h64f91a2088c56d0dE.exit.i155" 7491: store i64 0, ptr %end.i.i.i157, align 8
step user "_ZN5alloc3vec16Vec$LT$T$C$A$GT$4push17h64f91a2088c56d0dE.exit.i155" 7492: %_11.sroa.4.0.end.i.i.sroa_idx.i158 = getelementptr inbounds nuw i8, ptr %end.i.i.i157, i64 8
step user "_ZN5alloc3vec16Vec$LT$T$C$A$GT$4push17h64f91a2088c56d0dE.exit.i155" 7493: call void @llvm.memcpy.p0.p0.i64(ptr noundef nonnull align 8 dereferenceable(24) %_11.sroa.4.0.end.i.i.sroa_idx.i158, ptr noundef nonnull align 8 dereferenceable(24) %_11.sroa.4.i139, i64 24, i1 false)
step user "_ZN5alloc3vec16Vec$LT$T$C$A$GT$4push17h64f91a2088c56d0dE.exit.i155" 7494: %73 = add i64 %len.i.i.i152, 1
step user "_ZN5alloc3vec16Vec$LT$T$C$A$GT$4push17h64f91a2088c56d0dE.exit.i155" 7495: store i64 %73, ptr %71, align 8
step user "_ZN5alloc3vec16Vec$LT$T$C$A$GT$4push17h64f91a2088c56d0dE.exit.i155" 7496: call void @llvm.lifetime.end.p0(i64 24, ptr nonnull %_11.sroa.4.i139)
step user "_ZN5alloc3vec16Vec$LT$T$C$A$GT$4push17h64f91a2088c56d0dE.exit.i155" 7497: br label %bb12.backedge
step user bb12.backedge 7500: br label %bb12
step user bb12 6795: %_6.i.i.i = icmp ne ptr %iter.sroa.0.0, %_7.i
step user bb12 6796: %spec.select.idx = zext i1 %_6.i.i.i to i64
step user bb12 6797: %spec.select = getelementptr inbounds nuw i8, ptr %iter.sroa.0.0, i64 %spec.select.idx
step user bb12 6798: br i1 %_6.i.i.i, label %bb14.i.i, label %"_ZN81_$LT$core..str..iter..Chars$u20$as$u20$core..iter..traits..iterator..Iterator$GT$4next17h7cf24745601bba6cE.exit"
step user bb14.i.i 6801: %x.i.i = load i8, ptr %iter.sroa.0.0, align 1
step user bb14.i.i 6802: %_6.i.i = icmp sgt i8 %x.i.i, -1
step user bb14.i.i 6803: br i1 %_6.i.i, label %bb3.i.i, label %bb4.i.i
step user bb3.i.i 6820: %_7.i.i = zext nneg i8 %x.i.i to i32
step user bb3.i.i 6821: br label %"_ZN81_$LT$core..str..iter..Chars$u20$as$u20$core..iter..traits..iterator..Iterator$GT$4next17h7cf24745601bba6cE.exit"
step user "_ZN81_$LT$core..str..iter..Chars$u20$as$u20$core..iter..traits..iterator..Iterator$GT$4next17h7cf24745601bba6cE.exit" 6854: switch i32 %spec.select.i, label %bb1.i47 [ i32 1114112, label %bb16 i32 40, label %bb19 i32 41, label %bb18 i32 32, label %bb37 i32 13, label %bb37 i32 12, label %bb37 i32 11, label %bb37 i32 10, label %bb37 i32 9, label %bb37 ]
step user bb1.i47 7107: %_4.i = icmp samesign ugt i32 %spec.select.i, 127
step user bb1.i47 7108: br i1 %_4.i, label %bb5.i, label %bb38
step user bb38 7367: %len.i = load i64, ptr %_1.sroa.5.0._0.sroa_idx.i, align 8
step user bb38 7368: %_14.i123 = icmp sgt i64 %len.i, -1
step user bb38 7369: call void @llvm.assume(i1 %_14.i123)
step user bb38 7370: %_16.i = icmp samesign ult i32 %spec.select.i, 128
step user bb38 7371: br i1 %_16.i, label %bb2.i125, label %bb3.i124
step user bb2.i125 7385: call void @"_ZN5alloc3vec16Vec$LT$T$C$A$GT$7reserve17h2f692e8ba7e2c189E"(ptr noalias noundef nonnull align 8 dereferenceable(24) %atom, i64 noundef %ch_len.sroa.0.0.i) #40
step addr2line 2 48: %3 = getelementptr inbounds nuw i8, ptr %0, i64 16
step addr2line 2 49: %4 = load i64, ptr %3, align 8
step addr2line 2 50: %5 = load i64, ptr %0, align 8
step addr2line 2 51: %6 = sub i64 %5, %4
step addr2line 2 52: %7 = icmp ugt i64 %1, %6
step addr2line 2 53: br i1 %7, label %9, label %8
step addr2line 9 59: tail call void @"_ZN5alloc7raw_vec20RawVecInner$LT$A$GT$7reserve21do_reserve_and_handle17h175ca68f373c248bE"(ptr noalias noundef nonnull align 8 dereferenceable(16) %0, i64 noundef %4, i64 noundef %1, i64 noundef 1, i64 noundef 1)
step addr2line 5 65: %6 = tail call { i64, i64 } @"_ZN5alloc7raw_vec20RawVecInner$LT$A$GT$14grow_amortized17h7368fa7136fd38e3E"(ptr noalias noundef nonnull align 8 dereferenceable(16) %0, i64 noundef %1, i64 noundef %2, i64 noundef %3, i64 noundef %4)
step gimli 5 3925: %6 = alloca [24 x i8], align 8
step gimli 5 3926: %7 = icmp eq i64 %4, 0
step gimli 5 3927: br i1 %7, label %11, label %8
step gimli 8 3930: %9 = add i64 %2, %1
step gimli 8 3931: %10 = icmp ult i64 %9, %1
step gimli 8 3932: br i1 %10, label %11, label %16
step gimli 16 3942: %17 = load i64, ptr %0, align 8
step gimli 16 3943: %18 = shl nuw i64 %17, 1
step gimli 16 3944: %19 = tail call noundef i64 @llvm.umax.i64(i64 %9, i64 range(i64 0, -1) %18)
step gimli 16 3945: %20 = icmp eq i64 %4, 1
step gimli 16 3946: %21 = icmp ult i64 %4, 1025
step gimli 16 3947: %22 = select i1 %21, i64 4, i64 1
step gimli 16 3948: %23 = select i1 %20, i64 8, i64 %22
step gimli 16 3949: %24 = tail call noundef i64 @llvm.umax.i64(i64 %19, i64 range(i64 0, -1) %23)
step gimli 16 3950: call void @llvm.lifetime.start.p0(i64 24, ptr nonnull %6)
step gimli 16 3951: call void @"_ZN5alloc7raw_vec20RawVecInner$LT$A$GT$11finish_grow17h84db9033f8382205E"(ptr noalias noundef nonnull sret([24 x i8]) align 8 captures(none) dereferenceable(24) %6, ptr noalias noundef nonnull readonly align 8 captures(address, read_provenance) dereferenceable(16) %0, i64 noundef %24, i64 noundef %3, i64 noundef %4)
step gimli 5 3983: %6 = alloca i64, align 8
step gimli 5 3984: %7 = alloca i64, align 8
step gimli 5 3985: %8 = add i64 %3, -1
step gimli 5 3986: %9 = add nuw i64 %8, %4
step gimli 5 3987: %10 = sub i64 0, %3
step gimli 5 3988: %11 = and i64 %9, %10
step gimli 5 3989: %12 = tail call { i64, i1 } @llvm.umul.with.overflow.i64(i64 %11, i64 %2)
step gimli 5 3990: %13 = extractvalue { i64, i1 } %12, 0
step gimli 5 3991: %14 = extractvalue { i64, i1 } %12, 1
step gimli 5 3992: %15 = sub nuw i64 -9223372036854775808, %3
step gimli 5 3993: %16 = icmp ugt i64 %13, %15
step gimli 5 3994: %17 = select i1 %14, i1 true, i1 %16
step gimli 5 3995: br i1 %17, label %63, label %18
step gimli 18 3998: call void @llvm.lifetime.start.p0(i64 8, ptr nonnull %6)
step gimli 18 3999: call void @llvm.lifetime.start.p0(i64 8, ptr nonnull %7)
step gimli 18 4000: tail call void @llvm.experimental.noalias.scope.decl(metadata !272)
step gimli 18 4001: tail call void @llvm.experimental.noalias.scope.decl(metadata !275)
step gimli 18 4002: %19 = icmp eq i64 %4, 0
step gimli 18 4003: br i1 %19, label %27, label %20
step gimli 20 4006: %21 = load i64, ptr %1, align 8
step gimli 20 4007: %22 = icmp eq i64 %21, 0
step gimli 20 4008: br i1 %22, label %27, label %23
step gimli 27 4021: store i64 %30, ptr %29, align 8
step gimli 27 4022: %31 = load i64, ptr %6, align 8
step gimli 27 4023: %32 = icmp eq i64 %31, 0
step gimli 27 4024: br i1 %32, label %49, label %33
step gimli 49 4061: call void @llvm.lifetime.end.p0(i64 8, ptr nonnull %6)
step gimli 49 4062: call void @llvm.lifetime.end.p0(i64 8, ptr nonnull %7)
step gimli 49 4063: %50 = icmp eq i64 %13, 0
step gimli 49 4064: br i1 %50, label %51, label %53
step gimli 53 4071: tail call void @_RNvCs1Y7DaGC1cwg_7___rustc35___rust_no_alloc_shim_is_unstable_v2() #37
step gimli 53 4072: %54 = tail call noundef ptr @_RNvCs1Y7DaGC1cwg_7___rustc12___rust_alloc(i64 noundef %13, i64 noundef range(i64 1, -9223372036854775807) %3) #37
step gimli 53 4073: br label %55
step gimli 55 4077: %57 = icmp eq ptr %56, null
step gimli 55 4078: br i1 %57, label %58, label %60
step gimli 60 4087: %62 = getelementptr inbounds nuw i8, ptr %0, i64 8
step gimli 60 4088: store ptr %61, ptr %62, align 8
step gimli 60 4089: br label %63
step gimli 63 4095: %67 = getelementptr inbounds nuw i8, ptr %0, i64 %64
step gimli 63 4096: store i64 %65, ptr %67, align 8
step gimli 63 4097: store i64 %66, ptr %0, align 8
step gimli 63 4098: ret void
step gimli 16 3952: %25 = load i64, ptr %6, align 8
step gimli 16 3953: %26 = trunc nuw i64 %25 to i1
step gimli 16 3954: %27 = getelementptr inbounds nuw i8, ptr %6, i64 8
step gimli 16 3955: br i1 %26, label %28, label %32
step gimli 32 3965: %33 = load ptr, ptr %27, align 8
step gimli 32 3966: call void @llvm.lifetime.end.p0(i64 24, ptr nonnull %6)
step gimli 32 3967: %34 = getelementptr inbounds nuw i8, ptr %0, i64 8
step gimli 32 3968: store ptr %33, ptr %34, align 8
step gimli 32 3969: %35 = icmp sgt i64 %24, -1
step gimli 32 3970: tail call void @llvm.assume(i1 %35)
step gimli 32 3971: store i64 %24, ptr %0, align 8
step gimli 32 3972: br label %11
step gimli 11 3937: %14 = insertvalue { i64, i64 } poison, i64 %13, 0
step gimli 11 3938: %15 = insertvalue { i64, i64 } %14, i64 %12, 1
step gimli 11 3939: ret { i64, i64 } %15
step addr2line 5 66: %7 = extractvalue { i64, i64 } %6, 0
step addr2line 5 67: %8 = icmp eq i64 %7, -9223372036854775807
step addr2line 5 68: br i1 %8, label %11, label %9
step addr2line 11 76: ret void
step addr2line 9 60: br label %8
step addr2line 8 56: ret void
step user bb2.i125 7386: %_20.i = load ptr, ptr %_1.sroa.4.0._0.sroa_idx.i, align 8
step user bb2.i125 7387: %count.i = load i64, ptr %_1.sroa.5.0._0.sroa_idx.i, align 8
step user bb2.i125 7388: %_21.i = icmp sgt i64 %count.i, -1
step user bb2.i125 7389: call void @llvm.assume(i1 %_21.i)
step user bb2.i125 7390: %_8.i = getelementptr inbounds nuw i8, ptr %_20.i, i64 %count.i
step user bb2.i125 7391: br i1 %_16.i, label %bb12.i.i, label %bb7.i.i126
step user bb12.i.i 7412: %67 = trunc nuw nsw i32 %spec.select.i to i8
step user bb12.i.i 7413: store i8 %67, ptr %_8.i, align 1
step user bb12.i.i 7414: br label %_ZN5alloc6string6String4push17hcc79d202422396d6E.exit
step user _ZN5alloc6string6String4push17hcc79d202422396d6E.exit 7447: %new_len.i = add nuw i64 %ch_len.sroa.0.0.i, %len.i
step user _ZN5alloc6string6String4push17hcc79d202422396d6E.exit 7448: store i64 %new_len.i, ptr %_1.sroa.5.0._0.sroa_idx.i, align 8
step user _ZN5alloc6string6String4push17hcc79d202422396d6E.exit 7449: br label %bb12.backedge
step user bb12.backedge 7500: br label %bb12
step user bb12 6795: %_6.i.i.i = icmp ne ptr %iter.sroa.0.0, %_7.i
step user bb12 6796: %spec.select.idx = zext i1 %_6.i.i.i to i64
step user bb12 6797: %spec.select = getelementptr inbounds nuw i8, ptr %iter.sroa.0.0, i64 %spec.select.idx
step user bb12 6798: br i1 %_6.i.i.i, label %bb14.i.i, label %"_ZN81_$LT$core..str..iter..Chars$u20$as$u20$core..iter..traits..iterator..Iterator$GT$4next17h7cf24745601bba6cE.exit"
step user bb14.i.i 6801: %x.i.i = load i8, ptr %iter.sroa.0.0, align 1
step user bb14.i.i 6802: %_6.i.i = icmp sgt i8 %x.i.i, -1
step user bb14.i.i 6803: br i1 %_6.i.i, label %bb3.i.i, label %bb4.i.i
step user bb3.i.i 6820: %_7.i.i = zext nneg i8 %x.i.i to i32
step user bb3.i.i 6821: br label %"_ZN81_$LT$core..str..iter..Chars$u20$as$u20$core..iter..traits..iterator..Iterator$GT$4next17h7cf24745601bba6cE.exit"
step user "_ZN81_$LT$core..str..iter..Chars$u20$as$u20$core..iter..traits..iterator..Iterator$GT$4next17h7cf24745601bba6cE.exit" 6854: switch i32 %spec.select.i, label %bb1.i47 [ i32 1114112, label %bb16 i32 40, label %bb19 i32 41, label %bb18 i32 32, label %bb37 i32 13, label %bb37 i32 12, label %bb37 i32 11, label %bb37 i32 10, label %bb37 i32 9, label %bb37 ]
step user bb37 7452: call void @llvm.experimental.noalias.scope.decl(metadata !8880)
step user bb37 7453: call void @llvm.experimental.noalias.scope.decl(metadata !8885)
step user bb37 7454: %_2.i.i140 = load i64, ptr %_1.sroa.5.0._0.sroa_idx.i, align 8
step user bb37 7455: %_3.i.i141 = icmp sgt i64 %_2.i.i140, -1
step user bb37 7456: call void @llvm.assume(i1 %_3.i.i141)
step user bb37 7457: %_0.i.i142 = icmp eq i64 %_2.i.i140, 0
step user bb37 7458: br i1 %_0.i.i142, label %bb12.backedge, label %bb3.i143
step user bb3.i143 7461: %_5.i.i144 = load ptr, ptr %12, align 8
step user bb3.i143 7462: %_4.i.i145 = load i64, ptr %13, align 8
step user bb3.i143 7463: %_3.not.i.i146 = icmp eq i64 %_4.i.i145, 0
step user bb3.i143 7464: %70 = getelementptr %"alloc::vec::Vec<knownbits::Node>", ptr %_5.i.i144, i64 %_4.i.i145
step user bb3.i143 7465: %last.i.i147 = getelementptr i8, ptr %70, i64 -24
step user bb3.i143 7466: %.not1.i148 = icmp eq ptr %last.i.i147, null
step user bb3.i143 7467: %.not.i149 = or i1 %_3.not.i.i146, %.not1.i148
step user bb3.i143 7468: br i1 %.not.i149, label %bb12.backedge, label %bb6.i150
step user bb6.i150 7471: call void @llvm.lifetime.start.p0(i64 24, ptr nonnull %_11.sroa.4.i139)
step user bb6.i150 7472: call void @llvm.memcpy.p0.p0.i64(ptr noundef nonnull align 8 dereferenceable(24) %_11.sroa.4.i139, ptr noundef nonnull align 8 dereferenceable(24) %atom, i64 24, i1 false)
step user bb6.i150 7473: store i64 0, ptr %atom, align 8
step user bb6.i150 7474: store ptr inttoptr (i64 1 to ptr), ptr %_1.sroa.4.0._0.sroa_idx.i, align 8
step user bb6.i150 7475: store i64 0, ptr %_1.sroa.5.0._0.sroa_idx.i, align 8
step user bb6.i150 7476: %71 = getelementptr i8, ptr %70, i64 -8
step user bb6.i150 7477: %len.i.i.i152 = load i64, ptr %71, align 8
step user bb6.i150 7478: %self1.i.i.i153 = load i64, ptr %last.i.i147, align 8
step user bb6.i150 7479: %_4.i.i.i154 = icmp eq i64 %len.i.i.i152, %self1.i.i.i153
step user bb6.i150 7480: br i1 %_4.i.i.i154, label %bb1.i.i.i159, label %"_ZN5alloc3vec16Vec$LT$T$C$A$GT$4push17h64f91a2088c56d0dE.exit.i155"
step user "_ZN5alloc3vec16Vec$LT$T$C$A$GT$4push17h64f91a2088c56d0dE.exit.i155" 7488: %72 = getelementptr i8, ptr %70, i64 -16
step user "_ZN5alloc3vec16Vec$LT$T$C$A$GT$4push17h64f91a2088c56d0dE.exit.i155" 7489: %_14.i.i.i156 = load ptr, ptr %72, align 8
step user "_ZN5alloc3vec16Vec$LT$T$C$A$GT$4push17h64f91a2088c56d0dE.exit.i155" 7490: %end.i.i.i157 = getelementptr inbounds nuw %"knownbits::Node", ptr %_14.i.i.i156, i64 %len.i.i.i152
step user "_ZN5alloc3vec16Vec$LT$T$C$A$GT$4push17h64f91a2088c56d0dE.exit.i155" 7491: store i64 0, ptr %end.i.i.i157, align 8
step user "_ZN5alloc3vec16Vec$LT$T$C$A$GT$4push17h64f91a2088c56d0dE.exit.i155" 7492: %_11.sroa.4.0.end.i.i.sroa_idx.i158 = getelementptr inbounds nuw i8, ptr %end.i.i.i157, i64 8
step user "_ZN5alloc3vec16Vec$LT$T$C$A$GT$4push17h64f91a2088c56d0dE.exit.i155" 7493: call void @llvm.memcpy.p0.p0.i64(ptr noundef nonnull align 8 dereferenceable(24) %_11.sroa.4.0.end.i.i.sroa_idx.i158, ptr noundef nonnull align 8 dereferenceable(24) %_11.sroa.4.i139, i64 24, i1 false)
step user "_ZN5alloc3vec16Vec$LT$T$C$A$GT$4push17h64f91a2088c56d0dE.exit.i155" 7494: %73 = add i64 %len.i.i.i152, 1
step user "_ZN5alloc3vec16Vec$LT$T$C$A$GT$4push17h64f91a2088c56d0dE.exit.i155" 7495: store i64 %73, ptr %71, align 8
step user "_ZN5alloc3vec16Vec$LT$T$C$A$GT$4push17h64f91a2088c56d0dE.exit.i155" 7496: call void @llvm.lifetime.end.p0(i64 24, ptr nonnull %_11.sroa.4.i139)
step user "_ZN5alloc3vec16Vec$LT$T$C$A$GT$4push17h64f91a2088c56d0dE.exit.i155" 7497: br label %bb12.backedge
step user bb12.backedge 7500: br label %bb12
step user bb12 6795: %_6.i.i.i = icmp ne ptr %iter.sroa.0.0, %_7.i
step user bb12 6796: %spec.select.idx = zext i1 %_6.i.i.i to i64
step user bb12 6797: %spec.select = getelementptr inbounds nuw i8, ptr %iter.sroa.0.0, i64 %spec.select.idx
step user bb12 6798: br i1 %_6.i.i.i, label %bb14.i.i, label %"_ZN81_$LT$core..str..iter..Chars$u20$as$u20$core..iter..traits..iterator..Iterator$GT$4next17h7cf24745601bba6cE.exit"
step user bb14.i.i 6801: %x.i.i = load i8, ptr %iter.sroa.0.0, align 1
step user bb14.i.i 6802: %_6.i.i = icmp sgt i8 %x.i.i, -1
step user bb14.i.i 6803: br i1 %_6.i.i, label %bb3.i.i, label %bb4.i.i
step user bb3.i.i 6820: %_7.i.i = zext nneg i8 %x.i.i to i32
step user bb3.i.i 6821: br label %"_ZN81_$LT$core..str..iter..Chars$u20$as$u20$core..iter..traits..iterator..Iterator$GT$4next17h7cf24745601bba6cE.exit"
step user "_ZN81_$LT$core..str..iter..Chars$u20$as$u20$core..iter..traits..iterator..Iterator$GT$4next17h7cf24745601bba6cE.exit" 6854: switch i32 %spec.select.i, label %bb1.i47 [ i32 1114112, label %bb16 i32 40, label %bb19 i32 41, label %bb18 i32 32, label %bb37 i32 13, label %bb37 i32 12, label %bb37 i32 11, label %bb37 i32 10, label %bb37 i32 9, label %bb37 ]
step user bb19 7150: call void @llvm.experimental.noalias.scope.decl(metadata !8469)
step user bb19 7151: call void @llvm.experimental.noalias.scope.decl(metadata !8473)
step user bb19 7152: %_2.i.i53 = load i64, ptr %_1.sroa.5.0._0.sroa_idx.i, align 8
step user bb19 7153: %_3.i.i54 = icmp sgt i64 %_2.i.i53, -1
step user bb19 7154: call void @llvm.assume(i1 %_3.i.i54)
step user bb19 7155: %_0.i.i55 = icmp eq i64 %_2.i.i53, 0
step user bb19 7156: br i1 %_0.i.i55, label %"_ZN5check9knownbits5parse28_$u7b$$u7b$closure$u7d$$u7d$17h742778b53c46d2b0E.exit73", label %bb3.i56
step user "_ZN5check9knownbits5parse28_$u7b$$u7b$closure$u7d$$u7d$17h742778b53c46d2b0E.exit73" 7198: %len.i.i74 = load i64, ptr %13, align 8
step user "_ZN5check9knownbits5parse28_$u7b$$u7b$closure$u7d$$u7d$17h742778b53c46d2b0E.exit73" 7199: %self1.i.i = load i64, ptr %stack, align 8
step user "_ZN5check9knownbits5parse28_$u7b$$u7b$closure$u7d$$u7d$17h742778b53c46d2b0E.exit73" 7200: %_4.i.i75 = icmp eq i64 %len.i.i74, %self1.i.i
step user "_ZN5check9knownbits5parse28_$u7b$$u7b$closure$u7d$$u7d$17h742778b53c46d2b0E.exit73" 7201: br i1 %_4.i.i75, label %bb1.i.i, label %"_ZN5alloc3vec16Vec$LT$T$C$A$GT$4push17ha6d006e8b0aaa14cE.exit"
step user "_ZN5alloc3vec16Vec$LT$T$C$A$GT$4push17ha6d006e8b0aaa14cE.exit" 7209: %_14.i.i76 = load ptr, ptr %12, align 8
step user "_ZN5alloc3vec16Vec$LT$T$C$A$GT$4push17ha6d006e8b0aaa14cE.exit" 7210: %end.i.i = getelementptr inbounds nuw %"alloc::vec::Vec<knownbits::Node>", ptr %_14.i.i76, i64 %len.i.i74
step user "_ZN5alloc3vec16Vec$LT$T$C$A$GT$4push17ha6d006e8b0aaa14cE.exit" 7211: store i64 0, ptr %end.i.i, align 8
step user "_ZN5alloc3vec16Vec$LT$T$C$A$GT$4push17ha6d006e8b0aaa14cE.exit" 7212: %_26.sroa.4.0.end.i.i.sroa_idx = getelementptr inbounds nuw i8, ptr %end.i.i, i64 8
step user "_ZN5alloc3vec16Vec$LT$T$C$A$GT$4push17ha6d006e8b0aaa14cE.exit" 7213: store ptr inttoptr (i64 8 to ptr), ptr %_26.sroa.4.0.end.i.i.sroa_idx, align 8
step user "_ZN5alloc3vec16Vec$LT$T$C$A$GT$4push17ha6d006e8b0aaa14cE.exit" 7214: %_26.sroa.5.0.end.i.i.sroa_idx = getelementptr inbounds nuw i8, ptr %end.i.i, i64 16
step user "_ZN5alloc3vec16Vec$LT$T$C$A$GT$4push17ha6d006e8b0aaa14cE.exit" 7215: store i64 0, ptr %_26.sroa.5.0.end.i.i.sroa_idx, align 8
step user "_ZN5alloc3vec16Vec$LT$T$C$A$GT$4push17ha6d006e8b0aaa14cE.exit" 7216: %49 = add i64 %len.i.i74, 1
step user "_ZN5alloc3vec16Vec$LT$T$C$A$GT$4push17ha6d006e8b0aaa14cE.exit" 7217: store i64 %49, ptr %13, align 8
step user "_ZN5alloc3vec16Vec$LT$T$C$A$GT$4push17ha6d006e8b0aaa14cE.exit" 7218: br label %bb12.backedge
step user bb12.backedge 7500: br label %bb12
step user bb12 6795: %_6.i.i.i = icmp ne ptr %iter.sroa.0.0, %_7.i
step user bb12 6796: %spec.select.idx = zext i1 %_6.i.i.i to i64
step user bb12 6797: %spec.select = getelementptr inbounds nuw i8, ptr %iter.sroa.0.0, i64 %spec.select.idx
step user bb12 6798: br i1 %_6.i.i.i, label %bb14.i.i, label %"_ZN81_$LT$core..str..iter..Chars$u20$as$u20$core..iter..traits..iterator..Iterator$GT$4next17h7cf24745601bba6cE.exit"
step user bb14.i.i 6801: %x.i.i = load i8, ptr %iter.sroa.0.0, align 1
step user bb14.i.i 6802: %_6.i.i = icmp sgt i8 %x.i.i, -1
step user bb14.i.i 6803: br i1 %_6.i.i, label %bb3.i.i, label %bb4.i.i
step user bb3.i.i 6820: %_7.i.i = zext nneg i8 %x.i.i to i32
step user bb3.i.i 6821: br label %"_ZN81_$LT$core..str..iter..Chars$u20$as$u20$core..iter..traits..iterator..Iterator$GT$4next17h7cf24745601bba6cE.exit"
step user "_ZN81_$LT$core..str..iter..Chars$u20$as$u20$core..iter..traits..iterator..Iterator$GT$4next17h7cf24745601bba6cE.exit" 6854: switch i32 %spec.select.i, label %bb1.i47 [ i32 1114112, label %bb16 i32 40, label %bb19 i32 41, label %bb18 i32 32, label %bb37 i32 13, label %bb37 i32 12, label %bb37 i32 11, label %bb37 i32 10, label %bb37 i32 9, label %bb37 ]
step user bb1.i47 7107: %_4.i = icmp samesign ugt i32 %spec.select.i, 127
step user bb1.i47 7108: br i1 %_4.i, label %bb5.i, label %bb38
step user bb38 7367: %len.i = load i64, ptr %_1.sroa.5.0._0.sroa_idx.i, align 8
step user bb38 7368: %_14.i123 = icmp sgt i64 %len.i, -1
step user bb38 7369: call void @llvm.assume(i1 %_14.i123)
step user bb38 7370: %_16.i = icmp samesign ult i32 %spec.select.i, 128
step user bb38 7371: br i1 %_16.i, label %bb2.i125, label %bb3.i124
step user bb2.i125 7385: call void @"_ZN5alloc3vec16Vec$LT$T$C$A$GT$7reserve17h2f692e8ba7e2c189E"(ptr noalias noundef nonnull align 8 dereferenceable(24) %atom, i64 noundef %ch_len.sroa.0.0.i) #40
step addr2line 2 48: %3 = getelementptr inbounds nuw i8, ptr %0, i64 16
step addr2line 2 49: %4 = load i64, ptr %3, align 8
step addr2line 2 50: %5 = load i64, ptr %0, align 8
step addr2line 2 51: %6 = sub i64 %5, %4
step addr2line 2 52: %7 = icmp ugt i64 %1, %6
step addr2line 2 53: br i1 %7, label %9, label %8
step addr2line 9 59: tail call void @"_ZN5alloc7raw_vec20RawVecInner$LT$A$GT$7reserve21do_reserve_and_handle17h175ca68f373c248bE"(ptr noalias noundef nonnull align 8 dereferenceable(16) %0, i64 noundef %4, i64 noundef %1, i64 noundef 1, i64 noundef 1)
step addr2line 5 65: %6 = tail call { i64, i64 } @"_ZN5alloc7raw_vec20RawVecInner$LT$A$GT$14grow_amortized17h7368fa7136fd38e3E"(ptr noalias noundef nonnull align 8 dereferenceable(16) %0, i64 noundef %1, i64 noundef %2, i64 noundef %3, i64 noundef %4)
step gimli 5 3925: %6 = alloca [24 x i8], align 8
step gimli 5 3926: %7 = icmp eq i64 %4, 0
step gimli 5 3927: br i1 %7, label %11, label %8
step gimli 8 3930: %9 = add i64 %2, %1
step gimli 8 3931: %10 = icmp ult i64 %9, %1
step gimli 8 3932: br i1 %10, label %11, label %16
step gimli 16 3942: %17 = load i64, ptr %0, align 8
step gimli 16 3943: %18 = shl nuw i64 %17, 1
step gimli 16 3944: %19 = tail call noundef i64 @llvm.umax.i64(i64 %9, i64 range(i64 0, -1) %18)
step gimli 16 3945: %20 = icmp eq i64 %4, 1
step gimli 16 3946: %21 = icmp ult i64 %4, 1025
step gimli 16 3947: %22 = select i1 %21, i64 4, i64 1
step gimli 16 3948: %23 = select i1 %20, i64 8, i64 %22
step gimli 16 3949: %24 = tail call noundef i64 @llvm.umax.i64(i64 %19, i64 range(i64 0, -1) %23)
step gimli 16 3950: call void @llvm.lifetime.start.p0(i64 24, ptr nonnull %6)
step gimli 16 3951: call void @"_ZN5alloc7raw_vec20RawVecInner$LT$A$GT$11finish_grow17h84db9033f8382205E"(ptr noalias noundef nonnull sret([24 x i8]) align 8 captures(none) dereferenceable(24) %6, ptr noalias noundef nonnull readonly align 8 captures(address, read_provenance) dereferenceable(16) %0, i64 noundef %24, i64 noundef %3, i64 noundef %4)
step gimli 5 3983: %6 = alloca i64, align 8
step gimli 5 3984: %7 = alloca i64, align 8
step gimli 5 3985: %8 = add i64 %3, -1
step gimli 5 3986: %9 = add nuw i64 %8, %4
step gimli 5 3987: %10 = sub i64 0, %3
step gimli 5 3988: %11 = and i64 %9, %10
step gimli 5 3989: %12 = tail call { i64, i1 } @llvm.umul.with.overflow.i64(i64 %11, i64 %2)
step gimli 5 3990: %13 = extractvalue { i64, i1 } %12, 0
step gimli 5 3991: %14 = extractvalue { i64, i1 } %12, 1
step gimli 5 3992: %15 = sub nuw i64 -9223372036854775808, %3
step gimli 5 3993: %16 = icmp ugt i64 %13, %15
step gimli 5 3994: %17 = select i1 %14, i1 true, i1 %16
step gimli 5 3995: br i1 %17, label %63, label %18
step gimli 18 3998: call void @llvm.lifetime.start.p0(i64 8, ptr nonnull %6)
step gimli 18 3999: call void @llvm.lifetime.start.p0(i64 8, ptr nonnull %7)
step gimli 18 4000: tail call void @llvm.experimental.noalias.scope.decl(metadata !272)
step gimli 18 4001: tail call void @llvm.experimental.noalias.scope.decl(metadata !275)
step gimli 18 4002: %19 = icmp eq i64 %4, 0
step gimli 18 4003: br i1 %19, label %27, label %20
step gimli 20 4006: %21 = load i64, ptr %1, align 8
step gimli 20 4007: %22 = icmp eq i64 %21, 0
step gimli 20 4008: br i1 %22, label %27, label %23
step gimli 27 4021: store i64 %30, ptr %29, align 8
step gimli 27 4022: %31 = load i64, ptr %6, align 8
step gimli 27 4023: %32 = icmp eq i64 %31, 0
step gimli 27 4024: br i1 %32, label %49, label %33
step gimli 49 4061: call void @llvm.lifetime.end.p0(i64 8, ptr nonnull %6)
step gimli 49 4062: call void @llvm.lifetime.end.p0(i64 8, ptr nonnull %7)
step gimli 49 4063: %50 = icmp eq i64 %13, 0
step gimli 49 4064: br i1 %50, label %51, label %53
step gimli 53 4071: tail call void @_RNvCs1Y7DaGC1cwg_7___rustc35___rust_no_alloc_shim_is_unstable_v2() #37
step gimli 53 4072: %54 = tail call noundef ptr @_RNvCs1Y7DaGC1cwg_7___rustc12___rust_alloc(i64 noundef %13, i64 noundef range(i64 1, -9223372036854775807) %3) #37
step gimli 53 4073: br label %55
step gimli 55 4077: %57 = icmp eq ptr %56, null
step gimli 55 4078: br i1 %57, label %58, label %60
step gimli 60 4087: %62 = getelementptr inbounds nuw i8, ptr %0, i64 8
step gimli 60 4088: store ptr %61, ptr %62, align 8
step gimli 60 4089: br label %63
step gimli 63 4095: %67 = getelementptr inbounds nuw i8, ptr %0, i64 %64
step gimli 63 4096: store i64 %65, ptr %67, align 8
step gimli 63 4097: store i64 %66, ptr %0, align 8
step gimli 63 4098: ret void
step gimli 16 3952: %25 = load i64, ptr %6, align 8
step gimli 16 3953: %26 = trunc nuw i64 %25 to i1
step gimli 16 3954: %27 = getelementptr inbounds nuw i8, ptr %6, i64 8
step gimli 16 3955: br i1 %26, label %28, label %32
step gimli 32 3965: %33 = load ptr, ptr %27, align 8
step gimli 32 3966: call void @llvm.lifetime.end.p0(i64 24, ptr nonnull %6)
step gimli 32 3967: %34 = getelementptr inbounds nuw i8, ptr %0, i64 8
step gimli 32 3968: store ptr %33, ptr %34, align 8
step gimli 32 3969: %35 = icmp sgt i64 %24, -1
step gimli 32 3970: tail call void @llvm.assume(i1 %35)
step gimli 32 3971: store i64 %24, ptr %0, align 8
step gimli 32 3972: br label %11
step gimli 11 3937: %14 = insertvalue { i64, i64 } poison, i64 %13, 0
step gimli 11 3938: %15 = insertvalue { i64, i64 } %14, i64 %12, 1
step gimli 11 3939: ret { i64, i64 } %15
step addr2line 5 66: %7 = extractvalue { i64, i64 } %6, 0
step addr2line 5 67: %8 = icmp eq i64 %7, -9223372036854775807
step addr2line 5 68: br i1 %8, label %11, label %9
step addr2line 11 76: ret void
step addr2line 9 60: br label %8
step addr2line 8 56: ret void
step user bb2.i125 7386: %_20.i = load ptr, ptr %_1.sroa.4.0._0.sroa_idx.i, align 8
step user bb2.i125 7387: %count.i = load i64, ptr %_1.sroa.5.0._0.sroa_idx.i, align 8
step user bb2.i125 7388: %_21.i = icmp sgt i64 %count.i, -1
step user bb2.i125 7389: call void @llvm.assume(i1 %_21.i)
step user bb2.i125 7390: %_8.i = getelementptr inbounds nuw i8, ptr %_20.i, i64 %count.i
step user bb2.i125 7391: br i1 %_16.i, label %bb12.i.i, label %bb7.i.i126
step user bb12.i.i 7412: %67 = trunc nuw nsw i32 %spec.select.i to i8
step user bb12.i.i 7413: store i8 %67, ptr %_8.i, align 1
step user bb12.i.i 7414: br label %_ZN5alloc6string6String4push17hcc79d202422396d6E.exit
step user _ZN5alloc6string6String4push17hcc79d202422396d6E.exit 7447: %new_len.i = add nuw i64 %ch_len.sroa.0.0.i, %len.i
step user _ZN5alloc6string6String4push17hcc79d202422396d6E.exit 7448: store i64 %new_len.i, ptr %_1.sroa.5.0._0.sroa_idx.i, align 8
step user _ZN5alloc6string6String4push17hcc79d202422396d6E.exit 7449: br label %bb12.backedge
step user bb12.backedge 7500: br label %bb12
step user bb12 6795: %_6.i.i.i = icmp ne ptr %iter.sroa.0.0, %_7.i
step user bb12 6796: %spec.select.idx = zext i1 %_6.i.i.i to i64
step user bb12 6797: %spec.select = getelementptr inbounds nuw i8, ptr %iter.sroa.0.0, i64 %spec.select.idx
step user bb12 6798: br i1 %_6.i.i.i, label %bb14.i.i, label %"_ZN81_$LT$core..str..iter..Chars$u20$as$u20$core..iter..traits..iterator..Iterator$GT$4next17h7cf24745601bba6cE.exit"
step user bb14.i.i 6801: %x.i.i = load i8, ptr %iter.sroa.0.0, align 1
step user bb14.i.i 6802: %_6.i.i = icmp sgt i8 %x.i.i, -1
step user bb14.i.i 6803: br i1 %_6.i.i, label %bb3.i.i, label %bb4.i.i
step user bb3.i.i 6820: %_7.i.i = zext nneg i8 %x.i.i to i32
step user bb3.i.i 6821: br label %"_ZN81_$LT$core..str..iter..Chars$u20$as$u20$core..iter..traits..iterator..Iterator$GT$4next17h7cf24745601bba6cE.exit"
step user "_ZN81_$LT$core..str..iter..Chars$u20$as$u20$core..iter..traits..iterator..Iterator$GT$4next17h7cf24745601bba6cE.exit" 6854: switch i32 %spec.select.i, label %bb1.i47 [ i32 1114112, label %bb16 i32 40, label %bb19 i32 41, label %bb18 i32 32, label %bb37 i32 13, label %bb37 i32 12, label %bb37 i32 11, label %bb37 i32 10, label %bb37 i32 9, label %bb37 ]
step user bb37 7452: call void @llvm.experimental.noalias.scope.decl(metadata !8880)
step user bb37 7453: call void @llvm.experimental.noalias.scope.decl(metadata !8885)
step user bb37 7454: %_2.i.i140 = load i64, ptr %_1.sroa.5.0._0.sroa_idx.i, align 8
step user bb37 7455: %_3.i.i141 = icmp sgt i64 %_2.i.i140, -1
step user bb37 7456: call void @llvm.assume(i1 %_3.i.i141)
step user bb37 7457: %_0.i.i142 = icmp eq i64 %_2.i.i140, 0
step user bb37 7458: br i1 %_0.i.i142, label %bb12.backedge, label %bb3.i143
step user bb3.i143 7461: %_5.i.i144 = load ptr, ptr %12, align 8
step user bb3.i143 7462: %_4.i.i145 = load i64, ptr %13, align 8
step user bb3.i143 7463: %_3.not.i.i146 = icmp eq i64 %_4.i.i145, 0
step user bb3.i143 7464: %70 = getelementptr %"alloc::vec::Vec<knownbits::Node>", ptr %_5.i.i144, i64 %_4.i.i145
step user bb3.i143 7465: %last.i.i147 = getelementptr i8, ptr %70, i64 -24
step user bb3.i143 7466: %.not1.i148 = icmp eq ptr %last.i.i147, null
step user bb3.i143 7467: %.not.i149 = or i1 %_3.not.i.i146, %.not1.i148
step user bb3.i143 7468: br i1 %.not.i149, label %bb12.backedge, label %bb6.i150
step user bb6.i150 7471: call void @llvm.lifetime.start.p0(i64 24, ptr nonnull %_11.sroa.4.i139)
step user bb6.i150 7472: call void @llvm.memcpy.p0.p0.i64(ptr noundef nonnull align 8 dereferenceable(24) %_11.sroa.4.i139, ptr noundef nonnull align 8 dereferenceable(24) %atom, i64 24, i1 false)
step user bb6.i150 7473: store i64 0, ptr %atom, align 8
step user bb6.i150 7474: store ptr inttoptr (i64 1 to ptr), ptr %_1.sroa.4.0._0.sroa_idx.i, align 8
step user bb6.i150 7475: store i64 0, ptr %_1.sroa.5.0._0.sroa_idx.i, align 8
step user bb6.i150 7476: %71 = getelementptr i8, ptr %70, i64 -8
step user bb6.i150 7477: %len.i.i.i152 = load i64, ptr %71, align 8
step user bb6.i150 7478: %self1.i.i.i153 = load i64, ptr %last.i.i147, align 8
step user bb6.i150 7479: %_4.i.i.i154 = icmp eq i64 %len.i.i.i152, %self1.i.i.i153
step user bb6.i150 7480: br i1 %_4.i.i.i154, label %bb1.i.i.i159, label %"_ZN5alloc3vec16Vec$LT$T$C$A$GT$4push17h64f91a2088c56d0dE.exit.i155"
step user bb1.i.i.i159 7484: call void @"_ZN5alloc7raw_vec19RawVec$LT$T$C$A$GT$8grow_one17hed1057ab2c706b2aE"(ptr noalias noundef nonnull align 8 dereferenceable(24) %last.i.i147) #44
step user start 3212: %self1 = load i64, ptr %self, align 8
step user start 3214: %0 = tail call { i64, i64 } @"_ZN5alloc7raw_vec20RawVecInner$LT$A$GT$14grow_amortized17h7368fa7136fd38e3E"(ptr noalias noundef align 8 dereferenceable(16) %self, i64 noundef %self1, i64 noundef 1, i64 noundef 8, i64 noundef 32) #40
step gimli 5 3925: %6 = alloca [24 x i8], align 8
step gimli 5 3926: %7 = icmp eq i64 %4, 0
step gimli 5 3927: br i1 %7, label %11, label %8
step gimli 8 3930: %9 = add i64 %2, %1
step gimli 8 3931: %10 = icmp ult i64 %9, %1
step gimli 8 3932: br i1 %10, label %11, label %16
step gimli 16 3942: %17 = load i64, ptr %0, align 8
step gimli 16 3943: %18 = shl nuw i64 %17, 1
step gimli 16 3944: %19 = tail call noundef i64 @llvm.umax.i64(i64 %9, i64 range(i64 0, -1) %18)
step gimli 16 3945: %20 = icmp eq i64 %4, 1
step gimli 16 3946: %21 = icmp ult i64 %4, 1025
step gimli 16 3947: %22 = select i1 %21, i64 4, i64 1
step gimli 16 3948: %23 = select i1 %20, i64 8, i64 %22
step gimli 16 3949: %24 = tail call noundef i64 @llvm.umax.i64(i64 %19, i64 range(i64 0, -1) %23)
step gimli 16 3950: call void @llvm.lifetime.start.p0(i64 24, ptr nonnull %6)
step gimli 16 3951: call void @"_ZN5alloc7raw_vec20RawVecInner$LT$A$GT$11finish_grow17h84db9033f8382205E"(ptr noalias noundef nonnull sret([24 x i8]) align 8 captures(none) dereferenceable(24) %6, ptr noalias noundef nonnull readonly align 8 captures(address, read_provenance) dereferenceable(16) %0, i64 noundef %24, i64 noundef %3, i64 noundef %4)
step gimli 5 3983: %6 = alloca i64, align 8
step gimli 5 3984: %7 = alloca i64, align 8
step gimli 5 3985: %8 = add i64 %3, -1
step gimli 5 3986: %9 = add nuw i64 %8, %4
step gimli 5 3987: %10 = sub i64 0, %3
step gimli 5 3988: %11 = and i64 %9, %10
step gimli 5 3989: %12 = tail call { i64, i1 } @llvm.umul.with.overflow.i64(i64 %11, i64 %2)
step gimli 5 3990: %13 = extractvalue { i64, i1 } %12, 0
step gimli 5 3991: %14 = extractvalue { i64, i1 } %12, 1
step gimli 5 3992: %15 = sub nuw i64 -9223372036854775808, %3
step gimli 5 3993: %16 = icmp ugt i64 %13, %15
step gimli 5 3994: %17 = select i1 %14, i1 true, i1 %16
step gimli 5 3995: br i1 %17, label %63, label %18
step gimli 18 3998: call void @llvm.lifetime.start.p0(i64 8, ptr nonnull %6)
step gimli 18 3999: call void @llvm.lifetime.start.p0(i64 8, ptr nonnull %7)
step gimli 18 4000: tail call void @llvm.experimental.noalias.scope.decl(metadata !272)
step gimli 18 4001: tail call void @llvm.experimental.noalias.scope.decl(metadata !275)
step gimli 18 4002: %19 = icmp eq i64 %4, 0
step gimli 18 4003: br i1 %19, label %27, label %20
step gimli 20 4006: %21 = load i64, ptr %1, align 8
step gimli 20 4007: %22 = icmp eq i64 %21, 0
step gimli 20 4008: br i1 %22, label %27, label %23
step gimli 27 4021: store i64 %30, ptr %29, align 8
step gimli 27 4022: %31 = load i64, ptr %6, align 8
step gimli 27 4023: %32 = icmp eq i64 %31, 0
step gimli 27 4024: br i1 %32, label %49, label %33
step gimli 49 4061: call void @llvm.lifetime.end.p0(i64 8, ptr nonnull %6)
step gimli 49 4062: call void @llvm.lifetime.end.p0(i64 8, ptr nonnull %7)
step gimli 49 4063: %50 = icmp eq i64 %13, 0
step gimli 49 4064: br i1 %50, label %51, label %53
step gimli 53 4071: tail call void @_RNvCs1Y7DaGC1cwg_7___rustc35___rust_no_alloc_shim_is_unstable_v2() #37
step gimli 53 4072: %54 = tail call noundef ptr @_RNvCs1Y7DaGC1cwg_7___rustc12___rust_alloc(i64 noundef %13, i64 noundef range(i64 1, -9223372036854775807) %3) #37
step gimli 53 4073: br label %55
step gimli 55 4077: %57 = icmp eq ptr %56, null
step gimli 55 4078: br i1 %57, label %58, label %60
step gimli 60 4087: %62 = getelementptr inbounds nuw i8, ptr %0, i64 8
step gimli 60 4088: store ptr %61, ptr %62, align 8
step gimli 60 4089: br label %63
step gimli 63 4095: %67 = getelementptr inbounds nuw i8, ptr %0, i64 %64
step gimli 63 4096: store i64 %65, ptr %67, align 8
step gimli 63 4097: store i64 %66, ptr %0, align 8
step gimli 63 4098: ret void
step gimli 16 3952: %25 = load i64, ptr %6, align 8
step gimli 16 3953: %26 = trunc nuw i64 %25 to i1
step gimli 16 3954: %27 = getelementptr inbounds nuw i8, ptr %6, i64 8
step gimli 16 3955: br i1 %26, label %28, label %32
step gimli 32 3965: %33 = load ptr, ptr %27, align 8
step gimli 32 3966: call void @llvm.lifetime.end.p0(i64 24, ptr nonnull %6)
step gimli 32 3967: %34 = getelementptr inbounds nuw i8, ptr %0, i64 8
step gimli 32 3968: store ptr %33, ptr %34, align 8
step gimli 32 3969: %35 = icmp sgt i64 %24, -1
step gimli 32 3970: tail call void @llvm.assume(i1 %35)
step gimli 32 3971: store i64 %24, ptr %0, align 8
step gimli 32 3972: br label %11
step gimli 11 3937: %14 = insertvalue { i64, i64 } poison, i64 %13, 0
step gimli 11 3938: %15 = insertvalue { i64, i64 } %14, i64 %12, 1
step gimli 11 3939: ret { i64, i64 } %15
step user start 3215: %1 = extractvalue { i64, i64 } %0, 0
step user start 3216: %.not = icmp eq i64 %1, -9223372036854775807
step user start 3217: br i1 %.not, label %bb3, label %bb2
step user bb3 3226: ret void
step user bb1.i.i.i159 7485: br label %"_ZN5alloc3vec16Vec$LT$T$C$A$GT$4push17h64f91a2088c56d0dE.exit.i155"
step user "_ZN5alloc3vec16Vec$LT$T$C$A$GT$4push17h64f91a2088c56d0dE.exit.i155" 7488: %72 = getelementptr i8, ptr %70, i64 -16
step user "_ZN5alloc3vec16Vec$LT$T$C$A$GT$4push17h64f91a2088c56d0dE.exit.i155" 7489: %_14.i.i.i156 = load ptr, ptr %72, align 8
step user "_ZN5alloc3vec16Vec$LT$T$C$A$GT$4push17h64f91a2088c56d0dE.exit.i155" 7490: %end.i.i.i157 = getelementptr inbounds nuw %"knownbits::Node", ptr %_14.i.i.i156, i64 %len.i.i.i152
step user "_ZN5alloc3vec16Vec$LT$T$C$A$GT$4push17h64f91a2088c56d0dE.exit.i155" 7491: store i64 0, ptr %end.i.i.i157, align 8
step user "_ZN5alloc3vec16Vec$LT$T$C$A$GT$4push17h64f91a2088c56d0dE.exit.i155" 7492: %_11.sroa.4.0.end.i.i.sroa_idx.i158 = getelementptr inbounds nuw i8, ptr %end.i.i.i157, i64 8
step user "_ZN5alloc3vec16Vec$LT$T$C$A$GT$4push17h64f91a2088c56d0dE.exit.i155" 7493: call void @llvm.memcpy.p0.p0.i64(ptr noundef nonnull align 8 dereferenceable(24) %_11.sroa.4.0.end.i.i.sroa_idx.i158, ptr noundef nonnull align 8 dereferenceable(24) %_11.sroa.4.i139, i64 24, i1 false)
step user "_ZN5alloc3vec16Vec$LT$T$C$A$GT$4push17h64f91a2088c56d0dE.exit.i155" 7494: %73 = add i64 %len.i.i.i152, 1
step user "_ZN5alloc3vec16Vec$LT$T$C$A$GT$4push17h64f91a2088c56d0dE.exit.i155" 7495: store i64 %73, ptr %71, align 8
step user "_ZN5alloc3vec16Vec$LT$T$C$A$GT$4push17h64f91a2088c56d0dE.exit.i155" 7496: call void @llvm.lifetime.end.p0(i64 24, ptr nonnull %_11.sroa.4.i139)
step user "_ZN5alloc3vec16Vec$LT$T$C$A$GT$4push17h64f91a2088c56d0dE.exit.i155" 7497: br label %bb12.backedge
step user bb12.backedge 7500: br label %bb12
step user bb12 6795: %_6.i.i.i = icmp ne ptr %iter.sroa.0.0, %_7.i
step user bb12 6796: %spec.select.idx = zext i1 %_6.i.i.i to i64
step user bb12 6797: %spec.select = getelementptr inbounds nuw i8, ptr %iter.sroa.0.0, i64 %spec.select.idx
step user bb12 6798: br i1 %_6.i.i.i, label %bb14.i.i, label %"_ZN81_$LT$core..str..iter..Chars$u20$as$u20$core..iter..traits..iterator..Iterator$GT$4next17h7cf24745601bba6cE.exit"
step user bb14.i.i 6801: %x.i.i = load i8, ptr %iter.sroa.0.0, align 1
step user bb14.i.i 6802: %_6.i.i = icmp sgt i8 %x.i.i, -1
step user bb14.i.i 6803: br i1 %_6.i.i, label %bb3.i.i, label %bb4.i.i
step user bb3.i.i 6820: %_7.i.i = zext nneg i8 %x.i.i to i32
step user bb3.i.i 6821: br label %"_ZN81_$LT$core..str..iter..Chars$u20$as$u20$core..iter..traits..iterator..Iterator$GT$4next17h7cf24745601bba6cE.exit"
step user "_ZN81_$LT$core..str..iter..Chars$u20$as$u20$core..iter..traits..iterator..Iterator$GT$4next17h7cf24745601bba6cE.exit" 6854: switch i32 %spec.select.i, label %bb1.i47 [ i32 1114112, label %bb16 i32 40, label %bb19 i32 41, label %bb18 i32 32, label %bb37 i32 13, label %bb37 i32 12, label %bb37 i32 11, label %bb37 i32 10, label %bb37 i32 9, label %bb37 ]
step user bb1.i47 7107: %_4.i = icmp samesign ugt i32 %spec.select.i, 127
step user bb1.i47 7108: br i1 %_4.i, label %bb5.i, label %bb38
step user bb38 7367: %len.i = load i64, ptr %_1.sroa.5.0._0.sroa_idx.i, align 8
step user bb38 7368: %_14.i123 = icmp sgt i64 %len.i, -1
step user bb38 7369: call void @llvm.assume(i1 %_14.i123)
step user bb38 7370: %_16.i = icmp samesign ult i32 %spec.select.i, 128
step user bb38 7371: br i1 %_16.i, label %bb2.i125, label %bb3.i124
step user bb2.i125 7385: call void @"_ZN5alloc3vec16Vec$LT$T$C$A$GT$7reserve17h2f692e8ba7e2c189E"(ptr noalias noundef nonnull align 8 dereferenceable(24) %atom, i64 noundef %ch_len.sroa.0.0.i) #40
step addr2line 2 48: %3 = getelementptr inbounds nuw i8, ptr %0, i64 16
step addr2line 2 49: %4 = load i64, ptr %3, align 8
step addr2line 2 50: %5 = load i64, ptr %0, align 8
step addr2line 2 51: %6 = sub i64 %5, %4
step addr2line 2 52: %7 = icmp ugt i64 %1, %6
step addr2line 2 53: br i1 %7, label %9, label %8
step addr2line 9 59: tail call void @"_ZN5alloc7raw_vec20RawVecInner$LT$A$GT$7reserve21do_reserve_and_handle17h175ca68f373c248bE"(ptr noalias noundef nonnull align 8 dereferenceable(16) %0, i64 noundef %4, i64 noundef %1, i64 noundef 1, i64 noundef 1)
step addr2line 5 65: %6 = tail call { i64, i64 } @"_ZN5alloc7raw_vec20RawVecInner$LT$A$GT$14grow_amortized17h7368fa7136fd38e3E"(ptr noalias noundef nonnull align 8 dereferenceable(16) %0, i64 noundef %1, i64 noundef %2, i64 noundef %3, i64 noundef %4)
step gimli 5 3925: %6 = alloca [24 x i8], align 8
step gimli 5 3926: %7 = icmp eq i64 %4, 0
step gimli 5 3927: br i1 %7, label %11, label %8
step gimli 8 3930: %9 = add i64 %2, %1
step gimli 8 3931: %10 = icmp ult i64 %9, %1
step gimli 8 3932: br i1 %10, label %11, label %16
step gimli 16 3942: %17 = load i64, ptr %0, align 8
step gimli 16 3943: %18 = shl nuw i64 %17, 1
step gimli 16 3944: %19 = tail call noundef i64 @llvm.umax.i64(i64 %9, i64 range(i64 0, -1) %18)
step gimli 16 3945: %20 = icmp eq i64 %4, 1
step gimli 16 3946: %21 = icmp ult i64 %4, 1025
step gimli 16 3947: %22 = select i1 %21, i64 4, i64 1
step gimli 16 3948: %23 = select i1 %20, i64 8, i64 %22
step gimli 16 3949: %24 = tail call noundef i64 @llvm.umax.i64(i64 %19, i64 range(i64 0, -1) %23)
step gimli 16 3950: call void @llvm.lifetime.start.p0(i64 24, ptr nonnull %6)
step gimli 16 3951: call void @"_ZN5alloc7raw_vec20RawVecInner$LT$A$GT$11finish_grow17h84db9033f8382205E"(ptr noalias noundef nonnull sret([24 x i8]) align 8 captures(none) dereferenceable(24) %6, ptr noalias noundef nonnull readonly align 8 captures(address, read_provenance) dereferenceable(16) %0, i64 noundef %24, i64 noundef %3, i64 noundef %4)
step gimli 5 3983: %6 = alloca i64, align 8
step gimli 5 3984: %7 = alloca i64, align 8
step gimli 5 3985: %8 = add i64 %3, -1
step gimli 5 3986: %9 = add nuw i64 %8, %4
step gimli 5 3987: %10 = sub i64 0, %3
step gimli 5 3988: %11 = and i64 %9, %10
step gimli 5 3989: %12 = tail call { i64, i1 } @llvm.umul.with.overflow.i64(i64 %11, i64 %2)
step gimli 5 3990: %13 = extractvalue { i64, i1 } %12, 0
step gimli 5 3991: %14 = extractvalue { i64, i1 } %12, 1
step gimli 5 3992: %15 = sub nuw i64 -9223372036854775808, %3
step gimli 5 3993: %16 = icmp ugt i64 %13, %15
step gimli 5 3994: %17 = select i1 %14, i1 true, i1 %16
step gimli 5 3995: br i1 %17, label %63, label %18
step gimli 18 3998: call void @llvm.lifetime.start.p0(i64 8, ptr nonnull %6)
step gimli 18 3999: call void @llvm.lifetime.start.p0(i64 8, ptr nonnull %7)
step gimli 18 4000: tail call void @llvm.experimental.noalias.scope.decl(metadata !272)
step gimli 18 4001: tail call void @llvm.experimental.noalias.scope.decl(metadata !275)
step gimli 18 4002: %19 = icmp eq i64 %4, 0
step gimli 18 4003: br i1 %19, label %27, label %20
step gimli 20 4006: %21 = load i64, ptr %1, align 8
step gimli 20 4007: %22 = icmp eq i64 %21, 0
step gimli 20 4008: br i1 %22, label %27, label %23
step gimli 27 4021: store i64 %30, ptr %29, align 8
step gimli 27 4022: %31 = load i64, ptr %6, align 8
step gimli 27 4023: %32 = icmp eq i64 %31, 0
step gimli 27 4024: br i1 %32, label %49, label %33
step gimli 49 4061: call void @llvm.lifetime.end.p0(i64 8, ptr nonnull %6)
step gimli 49 4062: call void @llvm.lifetime.end.p0(i64 8, ptr nonnull %7)
step gimli 49 4063: %50 = icmp eq i64 %13, 0
step gimli 49 4064: br i1 %50, label %51, label %53
step gimli 53 4071: tail call void @_RNvCs1Y7DaGC1cwg_7___rustc35___rust_no_alloc_shim_is_unstable_v2() #37
step gimli 53 4072: %54 = tail call noundef ptr @_RNvCs1Y7DaGC1cwg_7___rustc12___rust_alloc(i64 noundef %13, i64 noundef range(i64 1, -9223372036854775807) %3) #37
step gimli 53 4073: br label %55
step gimli 55 4077: %57 = icmp eq ptr %56, null
step gimli 55 4078: br i1 %57, label %58, label %60
step gimli 60 4087: %62 = getelementptr inbounds nuw i8, ptr %0, i64 8
step gimli 60 4088: store ptr %61, ptr %62, align 8
step gimli 60 4089: br label %63
step gimli 63 4095: %67 = getelementptr inbounds nuw i8, ptr %0, i64 %64
step gimli 63 4096: store i64 %65, ptr %67, align 8
step gimli 63 4097: store i64 %66, ptr %0, align 8
step gimli 63 4098: ret void
step gimli 16 3952: %25 = load i64, ptr %6, align 8
step gimli 16 3953: %26 = trunc nuw i64 %25 to i1
step gimli 16 3954: %27 = getelementptr inbounds nuw i8, ptr %6, i64 8
step gimli 16 3955: br i1 %26, label %28, label %32
step gimli 32 3965: %33 = load ptr, ptr %27, align 8
step gimli 32 3966: call void @llvm.lifetime.end.p0(i64 24, ptr nonnull %6)
step gimli 32 3967: %34 = getelementptr inbounds nuw i8, ptr %0, i64 8
step gimli 32 3968: store ptr %33, ptr %34, align 8
step gimli 32 3969: %35 = icmp sgt i64 %24, -1
step gimli 32 3970: tail call void @llvm.assume(i1 %35)
step gimli 32 3971: store i64 %24, ptr %0, align 8
step gimli 32 3972: br label %11
step gimli 11 3937: %14 = insertvalue { i64, i64 } poison, i64 %13, 0
step gimli 11 3938: %15 = insertvalue { i64, i64 } %14, i64 %12, 1
step gimli 11 3939: ret { i64, i64 } %15
step addr2line 5 66: %7 = extractvalue { i64, i64 } %6, 0
step addr2line 5 67: %8 = icmp eq i64 %7, -9223372036854775807
step addr2line 5 68: br i1 %8, label %11, label %9
step addr2line 11 76: ret void
step addr2line 9 60: br label %8
step addr2line 8 56: ret void
step user bb2.i125 7386: %_20.i = load ptr, ptr %_1.sroa.4.0._0.sroa_idx.i, align 8
step user bb2.i125 7387: %count.i = load i64, ptr %_1.sroa.5.0._0.sroa_idx.i, align 8
step user bb2.i125 7388: %_21.i = icmp sgt i64 %count.i, -1
step user bb2.i125 7389: call void @llvm.assume(i1 %_21.i)
step user bb2.i125 7390: %_8.i = getelementptr inbounds nuw i8, ptr %_20.i, i64 %count.i
step user bb2.i125 7391: br i1 %_16.i, label %bb12.i.i, label %bb7.i.i126
step user bb12.i.i 7412: %67 = trunc nuw nsw i32 %spec.select.i to i8
step user bb12.i.i 7413: store i8 %67, ptr %_8.i, align 1
step user bb12.i.i 7414: br label %_ZN5alloc6string6String4push17hcc79d202422396d6E.exit
step user _ZN5alloc6string6String4push17hcc79d202422396d6E.exit 7447: %new_len.i = add nuw i64 %ch_len.sroa.0.0.i, %len.i
step user _ZN5alloc6string6String4push17hcc79d202422396d6E.exit 7448: store i64 %new_len.i, ptr %_1.sroa.5.0._0.sroa_idx.i, align 8
step user _ZN5alloc6string6String4push17hcc79d202422396d6E.exit 7449: br label %bb12.backedge
step user bb12.backedge 7500: br label %bb12
step user bb12 6795: %_6.i.i.i = icmp ne ptr %iter.sroa.0.0, %_7.i
step user bb12 6796: %spec.select.idx = zext i1 %_6.i.i.i to i64
step user bb12 6797: %spec.select = getelementptr inbounds nuw i8, ptr %iter.sroa.0.0, i64 %spec.select.idx
step user bb12 6798: br i1 %_6.i.i.i, label %bb14.i.i, label %"_ZN81_$LT$core..str..iter..Chars$u20$as$u20$core..iter..traits..iterator..Iterator$GT$4next17h7cf24745601bba6cE.exit"
step user bb14.i.i 6801: %x.i.i = load i8, ptr %iter.sroa.0.0, align 1
step user bb14.i.i 6802: %_6.i.i = icmp sgt i8 %x.i.i, -1
step user bb14.i.i 6803: br i1 %_6.i.i, label %bb3.i.i, label %bb4.i.i
step user bb3.i.i 6820: %_7.i.i = zext nneg i8 %x.i.i to i32
step user bb3.i.i 6821: br label %"_ZN81_$LT$core..str..iter..Chars$u20$as$u20$core..iter..traits..iterator..Iterator$GT$4next17h7cf24745601bba6cE.exit"
step user "_ZN81_$LT$core..str..iter..Chars$u20$as$u20$core..iter..traits..iterator..Iterator$GT$4next17h7cf24745601bba6cE.exit" 6854: switch i32 %spec.select.i, label %bb1.i47 [ i32 1114112, label %bb16 i32 40, label %bb19 i32 41, label %bb18 i32 32, label %bb37 i32 13, label %bb37 i32 12, label %bb37 i32 11, label %bb37 i32 10, label %bb37 i32 9, label %bb37 ]
step user bb1.i47 7107: %_4.i = icmp samesign ugt i32 %spec.select.i, 127
step user bb1.i47 7108: br i1 %_4.i, label %bb5.i, label %bb38
step user bb38 7367: %len.i = load i64, ptr %_1.sroa.5.0._0.sroa_idx.i, align 8
step user bb38 7368: %_14.i123 = icmp sgt i64 %len.i, -1
step user bb38 7369: call void @llvm.assume(i1 %_14.i123)
step user bb38 7370: %_16.i = icmp samesign ult i32 %spec.select.i, 128
step user bb38 7371: br i1 %_16.i, label %bb2.i125, label %bb3.i124
step user bb2.i125 7385: call void @"_ZN5alloc3vec16Vec$LT$T$C$A$GT$7reserve17h2f692e8ba7e2c189E"(ptr noalias noundef nonnull align 8 dereferenceable(24) %atom, i64 noundef %ch_len.sroa.0.0.i) #40
step addr2line 2 48: %3 = getelementptr inbounds nuw i8, ptr %0, i64 16
step addr2line 2 49: %4 = load i64, ptr %3, align 8
step addr2line 2 50: %5 = load i64, ptr %0, align 8
step addr2line 2 51: %6 = sub i64 %5, %4
step addr2line 2 52: %7 = icmp ugt i64 %1, %6
step addr2line 2 53: br i1 %7, label %9, label %8
step addr2line 8 56: ret void
step user bb2.i125 7386: %_20.i = load ptr, ptr %_1.sroa.4.0._0.sroa_idx.i, align 8
step user bb2.i125 7387: %count.i = load i64, ptr %_1.sroa.5.0._0.sroa_idx.i, align 8
step user bb2.i125 7388: %_21.i = icmp sgt i64 %count.i, -1
step user bb2.i125 7389: call void @llvm.assume(i1 %_21.i)
step user bb2.i125 7390: %_8.i = getelementptr inbounds nuw i8, ptr %_20.i, i64 %count.i
step user bb2.i125 7391: br i1 %_16.i, label %bb12.i.i, label %bb7.i.i126
step user bb12.i.i 7412: %67 = trunc nuw nsw i32 %spec.select.i to i8
step user bb12.i.i 7413: store i8 %67, ptr %_8.i, align 1
step user bb12.i.i 7414: br label %_ZN5alloc6string6String4push17hcc79d202422396d6E.exit
step user _ZN5alloc6string6String4push17hcc79d202422396d6E.exit 7447: %new_len.i = add nuw i64 %ch_len.sroa.0.0.i, %len.i
step user _ZN5alloc6string6String4push17hcc79d202422396d6E.exit 7448: store i64 %new_len.i, ptr %_1.sroa.5.0._0.sroa_idx.i, align 8
step user _ZN5alloc6string6String4push17hcc79d202422396d6E.exit 7449: br label %bb12.backedge
step user bb12.backedge 7500: br label %bb12
step user bb12 6795: %_6.i.i.i = icmp ne ptr %iter.sroa.0.0, %_7.i
step user bb12 6796: %spec.select.idx = zext i1 %_6.i.i.i to i64
step user bb12 6797: %spec.select = getelementptr inbounds nuw i8, ptr %iter.sroa.0.0, i64 %spec.select.idx
step user bb12 6798: br i1 %_6.i.i.i, label %bb14.i.i, label %"_ZN81_$LT$core..str..iter..Chars$u20$as$u20$core..iter..traits..iterator..Iterator$GT$4next17h7cf24745601bba6cE.exit"
step user bb14.i.i 6801: %x.i.i = load i8, ptr %iter.sroa.0.0, align 1
step user bb14.i.i 6802: %_6.i.i = icmp sgt i8 %x.i.i, -1
step user bb14.i.i 6803: br i1 %_6.i.i, label %bb3.i.i, label %bb4.i.i
step user bb3.i.i 6820: %_7.i.i = zext nneg i8 %x.i.i to i32
step user bb3.i.i 6821: br label %"_ZN81_$LT$core..str..iter..Chars$u20$as$u20$core..iter..traits..iterator..Iterator$GT$4next17h7cf24745601bba6cE.exit"
step user "_ZN81_$LT$core..str..iter..Chars$u20$as$u20$core..iter..traits..iterator..Iterator$GT$4next17h7cf24745601bba6cE.exit" 6854: switch i32 %spec.select.i, label %bb1.i47 [ i32 1114112, label %bb16 i32 40, label %bb19 i32 41, label %bb18 i32 32, label %bb37 i32 13, label %bb37 i32 12, label %bb37 i32 11, label %bb37 i32 10, label %bb37 i32 9, label %bb37 ]
step user bb1.i47 7107: %_4.i = icmp samesign ugt i32 %spec.select.i, 127
step user bb1.i47 7108: br i1 %_4.i, label %bb5.i, label %bb38
step user bb38 7367: %len.i = load i64, ptr %_1.sroa.5.0._0.sroa_idx.i, align 8
step user bb38 7368: %_14.i123 = icmp sgt i64 %len.i, -1
step user bb38 7369: call void @llvm.assume(i1 %_14.i123)
step user bb38 7370: %_16.i = icmp samesign ult i32 %spec.select.i, 128
step user bb38 7371: br i1 %_16.i, label %bb2.i125, label %bb3.i124
step user bb2.i125 7385: call void @"_ZN5alloc3vec16Vec$LT$T$C$A$GT$7reserve17h2f692e8ba7e2c189E"(ptr noalias noundef nonnull align 8 dereferenceable(24) %atom, i64 noundef %ch_len.sroa.0.0.i) #40
step addr2line 2 48: %3 = getelementptr inbounds nuw i8, ptr %0, i64 16
step addr2line 2 49: %4 = load i64, ptr %3, align 8
step addr2line 2 50: %5 = load i64, ptr %0, align 8
step addr2line 2 51: %6 = sub i64 %5, %4
step addr2line 2 52: %7 = icmp ugt i64 %1, %6
step addr2line 2 53: br i1 %7, label %9, label %8
step addr2line 8 56: ret void
step user bb2.i125 7386: %_20.i = load ptr, ptr %_1.sroa.4.0._0.sroa_idx.i, align 8
step user bb2.i125 7387: %count.i = load i64, ptr %_1.sroa.5.0._0.sroa_idx.i, align 8
step user bb2.i125 7388: %_21.i = icmp sgt i64 %count.i, -1
step user bb2.i125 7389: call void @llvm.assume(i1 %_21.i)
step user bb2.i125 7390: %_8.i = getelementptr inbounds nuw i8, ptr %_20.i, i64 %count.i
step user bb2.i125 7391: br i1 %_16.i, label %bb12.i.i, label %bb7.i.i126
step user bb12.i.i 7412: %67 = trunc nuw nsw i32 %spec.select.i to i8
step user bb12.i.i 7413: store i8 %67, ptr %_8.i, align 1
step user bb12.i.i 7414: br label %_ZN5alloc6string6String4push17hcc79d202422396d6E.exit
step user _ZN5alloc6string6String4push17hcc79d202422396d6E.exit 7447: %new_len.i = add nuw i64 %ch_len.sroa.0.0.i, %len.i
step user _ZN5alloc6string6String4push17hcc79d202422396d6E.exit 7448: store i64 %new_len.i, ptr %_1.sroa.5.0._0.sroa_idx.i, align 8
step user _ZN5alloc6string6String4push17hcc79d202422396d6E.exit 7449: br label %bb12.backedge
step user bb12.backedge 7500: br label %bb12
step user bb12 6795: %_6.i.i.i = icmp ne ptr %iter.sroa.0.0, %_7.i
step user bb12 6796: %spec.select.idx = zext i1 %_6.i.i.i to i64
step user bb12 6797: %spec.select = getelementptr inbounds nuw i8, ptr %iter.sroa.0.0, i64 %spec.select.idx
step user bb12 6798: br i1 %_6.i.i.i, label %bb14.i.i, label %"_ZN81_$LT$core..str..iter..Chars$u20$as$u20$core..iter..traits..iterator..Iterator$GT$4next17h7cf24745601bba6cE.exit"
step user bb14.i.i 6801: %x.i.i = load i8, ptr %iter.sroa.0.0, align 1
step user bb14.i.i 6802: %_6.i.i = icmp sgt i8 %x.i.i, -1
step user bb14.i.i 6803: br i1 %_6.i.i, label %bb3.i.i, label %bb4.i.i
step user bb3.i.i 6820: %_7.i.i = zext nneg i8 %x.i.i to i32
step user bb3.i.i 6821: br label %"_ZN81_$LT$core..str..iter..Chars$u20$as$u20$core..iter..traits..iterator..Iterator$GT$4next17h7cf24745601bba6cE.exit"
step user "_ZN81_$LT$core..str..iter..Chars$u20$as$u20$core..iter..traits..iterator..Iterator$GT$4next17h7cf24745601bba6cE.exit" 6854: switch i32 %spec.select.i, label %bb1.i47 [ i32 1114112, label %bb16 i32 40, label %bb19 i32 41, label %bb18 i32 32, label %bb37 i32 13, label %bb37 i32 12, label %bb37 i32 11, label %bb37 i32 10, label %bb37 i32 9, label %bb37 ]
step user bb37 7452: call void @llvm.experimental.noalias.scope.decl(metadata !8880)
step user bb37 7453: call void @llvm.experimental.noalias.scope.decl(metadata !8885)
step user bb37 7454: %_2.i.i140 = load i64, ptr %_1.sroa.5.0._0.sroa_idx.i, align 8
step user bb37 7455: %_3.i.i141 = icmp sgt i64 %_2.i.i140, -1
step user bb37 7456: call void @llvm.assume(i1 %_3.i.i141)
step user bb37 7457: %_0.i.i142 = icmp eq i64 %_2.i.i140, 0
step user bb37 7458: br i1 %_0.i.i142, label %bb12.backedge, label %bb3.i143
step user bb3.i143 7461: %_5.i.i144 = load ptr, ptr %12, align 8
step user bb3.i143 7462: %_4.i.i145 = load i64, ptr %13, align 8
step user bb3.i143 7463: %_3.not.i.i146 = icmp eq i64 %_4.i.i145, 0
step user bb3.i143 7464: %70 = getelementptr %"alloc::vec::Vec<knownbits::Node>", ptr %_5.i.i144, i64 %_4.i.i145
step user bb3.i143 7465: %last.i.i147 = getelementptr i8, ptr %70, i64 -24
step user bb3.i143 7466: %.not1.i148 = icmp eq ptr %last.i.i147, null
step user bb3.i143 7467: %.not.i149 = or i1 %_3.not.i.i146, %.not1.i148
step user bb3.i143 7468: br i1 %.not.i149, label %bb12.backedge, label %bb6.i150
step user bb6.i150 7471: call void @llvm.lifetime.start.p0(i64 24, ptr nonnull %_11.sroa.4.i139)
step user bb6.i150 7472: call void @llvm.memcpy.p0.p0.i64(ptr noundef nonnull align 8 dereferenceable(24) %_11.sroa.4.i139, ptr noundef nonnull align 8 dereferenceable(24) %atom, i64 24, i1 false)
step user bb6.i150 7473: store i64 0, ptr %atom, align 8
step user bb6.i150 7474: store ptr inttoptr (i64 1 to ptr), ptr %_1.sroa.4.0._0.sroa_idx.i, align 8
step user bb6.i150 7475: store i64 0, ptr %_1.sroa.5.0._0.sroa_idx.i, align 8
step user bb6.i150 7476: %71 = getelementptr i8, ptr %70, i64 -8
step user bb6.i150 7477: %len.i.i.i152 = load i64, ptr %71, align 8
step user bb6.i150 7478: %self1.i.i.i153 = load i64, ptr %last.i.i147, align 8
step user bb6.i150 7479: %_4.i.i.i154 = icmp eq i64 %len.i.i.i152, %self1.i.i.i153
step user bb6.i150 7480: br i1 %_4.i.i.i154, label %bb1.i.i.i159, label %"_ZN5alloc3vec16Vec$LT$T$C$A$GT$4push17h64f91a2088c56d0dE.exit.i155"
step user "_ZN5alloc3vec16Vec$LT$T$C$A$GT$4push17h64f91a2088c56d0dE.exit.i155" 7488: %72 = getelementptr i8, ptr %70, i64 -16
step user "_ZN5alloc3vec16Vec$LT$T$C$A$GT$4push17h64f91a2088c56d0dE.exit.i155" 7489: %_14.i.i.i156 = load ptr, ptr %72, align 8
step user "_ZN5alloc3vec16Vec$LT$T$C$A$GT$4push17h64f91a2088c56d0dE.exit.i155" 7490: %end.i.i.i157 = getelementptr inbounds nuw %"knownbits::Node", ptr %_14.i.i.i156, i64 %len.i.i.i152
step user "_ZN5alloc3vec16Vec$LT$T$C$A$GT$4push17h64f91a2088c56d0dE.exit.i155" 7491: store i64 0, ptr %end.i.i.i157, align 8
step user "_ZN5alloc3vec16Vec$LT$T$C$A$GT$4push17h64f91a2088c56d0dE.exit.i155" 7492: %_11.sroa.4.0.end.i.i.sroa_idx.i158 = getelementptr inbounds nuw i8, ptr %end.i.i.i157, i64 8
step user "_ZN5alloc3vec16Vec$LT$T$C$A$GT$4push17h64f91a2088c56d0dE.exit.i155" 7493: call void @llvm.memcpy.p0.p0.i64(ptr noundef nonnull align 8 dereferenceable(24) %_11.sroa.4.0.end.i.i.sroa_idx.i158, ptr noundef nonnull align 8 dereferenceable(24) %_11.sroa.4.i139, i64 24, i1 false)
step user "_ZN5alloc3vec16Vec$LT$T$C$A$GT$4push17h64f91a2088c56d0dE.exit.i155" 7494: %73 = add i64 %len.i.i.i152, 1
step user "_ZN5alloc3vec16Vec$LT$T$C$A$GT$4push17h64f91a2088c56d0dE.exit.i155" 7495: store i64 %73, ptr %71, align 8
step user "_ZN5alloc3vec16Vec$LT$T$C$A$GT$4push17h64f91a2088c56d0dE.exit.i155" 7496: call void @llvm.lifetime.end.p0(i64 24, ptr nonnull %_11.sroa.4.i139)
step user "_ZN5alloc3vec16Vec$LT$T$C$A$GT$4push17h64f91a2088c56d0dE.exit.i155" 7497: br label %bb12.backedge
step user bb12.backedge 7500: br label %bb12
step user bb12 6795: %_6.i.i.i = icmp ne ptr %iter.sroa.0.0, %_7.i
step user bb12 6796: %spec.select.idx = zext i1 %_6.i.i.i to i64
step user bb12 6797: %spec.select = getelementptr inbounds nuw i8, ptr %iter.sroa.0.0, i64 %spec.select.idx
step user bb12 6798: br i1 %_6.i.i.i, label %bb14.i.i, label %"_ZN81_$LT$core..str..iter..Chars$u20$as$u20$core..iter..traits..iterator..Iterator$GT$4next17h7cf24745601bba6cE.exit"
step user bb14.i.i 6801: %x.i.i = load i8, ptr %iter.sroa.0.0, align 1
step user bb14.i.i 6802: %_6.i.i = icmp sgt i8 %x.i.i, -1
step user bb14.i.i 6803: br i1 %_6.i.i, label %bb3.i.i, label %bb4.i.i
step user bb3.i.i 6820: %_7.i.i = zext nneg i8 %x.i.i to i32
step user bb3.i.i 6821: br label %"_ZN81_$LT$core..str..iter..Chars$u20$as$u20$core..iter..traits..iterator..Iterator$GT$4next17h7cf24745601bba6cE.exit"
step user "_ZN81_$LT$core..str..iter..Chars$u20$as$u20$core..iter..traits..iterator..Iterator$GT$4next17h7cf24745601bba6cE.exit" 6854: switch i32 %spec.select.i, label %bb1.i47 [ i32 1114112, label %bb16 i32 40, label %bb19 i32 41, label %bb18 i32 32, label %bb37 i32 13, label %bb37 i32 12, label %bb37 i32 11, label %bb37 i32 10, label %bb37 i32 9, label %bb37 ]
step user bb1.i47 7107: %_4.i = icmp samesign ugt i32 %spec.select.i, 127
step user bb1.i47 7108: br i1 %_4.i, label %bb5.i, label %bb38
step user bb38 7367: %len.i = load i64, ptr %_1.sroa.5.0._0.sroa_idx.i, align 8
step user bb38 7368: %_14.i123 = icmp sgt i64 %len.i, -1
step user bb38 7369: call void @llvm.assume(i1 %_14.i123)
step user bb38 7370: %_16.i = icmp samesign ult i32 %spec.select.i, 128
step user bb38 7371: br i1 %_16.i, label %bb2.i125, label %bb3.i124
step user bb2.i125 7385: call void @"_ZN5alloc3vec16Vec$LT$T$C$A$GT$7reserve17h2f692e8ba7e2c189E"(ptr noalias noundef nonnull align 8 dereferenceable(24) %atom, i64 noundef %ch_len.sroa.0.0.i) #40
step addr2line 2 48: %3 = getelementptr inbounds nuw i8, ptr %0, i64 16
step addr2line 2 49: %4 = load i64, ptr %3, align 8
step addr2line 2 50: %5 = load i64, ptr %0, align 8
step addr2line 2 51: %6 = sub i64 %5, %4
step addr2line 2 52: %7 = icmp ugt i64 %1, %6
step addr2line 2 53: br i1 %7, label %9, label %8
step addr2line 9 59: tail call void @"_ZN5alloc7raw_vec20RawVecInner$LT$A$GT$7reserve21do_reserve_and_handle17h175ca68f373c248bE"(ptr noalias noundef nonnull align 8 dereferenceable(16) %0, i64 noundef %4, i64 noundef %1, i64 noundef 1, i64 noundef 1)
step addr2line 5 65: %6 = tail call { i64, i64 } @"_ZN5alloc7raw_vec20RawVecInner$LT$A$GT$14grow_amortized17h7368fa7136fd38e3E"(ptr noalias noundef nonnull align 8 dereferenceable(16) %0, i64 noundef %1, i64 noundef %2, i64 noundef %3, i64 noundef %4)
step gimli 5 3925: %6 = alloca [24 x i8], align 8
step gimli 5 3926: %7 = icmp eq i64 %4, 0
step gimli 5 3927: br i1 %7, label %11, label %8
step gimli 8 3930: %9 = add i64 %2, %1
step gimli 8 3931: %10 = icmp ult i64 %9, %1
step gimli 8 3932: br i1 %10, label %11, label %16
step gimli 16 3942: %17 = load i64, ptr %0, align 8
step gimli 16 3943: %18 = shl nuw i64 %17, 1
step gimli 16 3944: %19 = tail call noundef i64 @llvm.umax.i64(i64 %9, i64 range(i64 0, -1) %18)
step gimli 16 3945: %20 = icmp eq i64 %4, 1
step gimli 16 3946: %21 = icmp ult i64 %4, 1025
step gimli 16 3947: %22 = select i1 %21, i64 4, i64 1
step gimli 16 3948: %23 = select i1 %20, i64 8, i64 %22
step gimli 16 3949: %24 = tail call noundef i64 @llvm.umax.i64(i64 %19, i64 range(i64 0, -1) %23)
step gimli 16 3950: call void @llvm.lifetime.start.p0(i64 24, ptr nonnull %6)
step gimli 16 3951: call void @"_ZN5alloc7raw_vec20RawVecInner$LT$A$GT$11finish_grow17h84db9033f8382205E"(ptr noalias noundef nonnull sret([24 x i8]) align 8 captures(none) dereferenceable(24) %6, ptr noalias noundef nonnull readonly align 8 captures(address, read_provenance) dereferenceable(16) %0, i64 noundef %24, i64 noundef %3, i64 noundef %4)
step gimli 5 3983: %6 = alloca i64, align 8
step gimli 5 3984: %7 = alloca i64, align 8
step gimli 5 3985: %8 = add i64 %3, -1
step gimli 5 3986: %9 = add nuw i64 %8, %4
step gimli 5 3987: %10 = sub i64 0, %3
step gimli 5 3988: %11 = and i64 %9, %10
step gimli 5 3989: %12 = tail call { i64, i1 } @llvm.umul.with.overflow.i64(i64 %11, i64 %2)
step gimli 5 3990: %13 = extractvalue { i64, i1 } %12, 0
step gimli 5 3991: %14 = extractvalue { i64, i1 } %12, 1
step gimli 5 3992: %15 = sub nuw i64 -9223372036854775808, %3
step gimli 5 3993: %16 = icmp ugt i64 %13, %15
step gimli 5 3994: %17 = select i1 %14, i1 true, i1 %16
step gimli 5 3995: br i1 %17, label %63, label %18
step gimli 18 3998: call void @llvm.lifetime.start.p0(i64 8, ptr nonnull %6)
step gimli 18 3999: call void @llvm.lifetime.start.p0(i64 8, ptr nonnull %7)
step gimli 18 4000: tail call void @llvm.experimental.noalias.scope.decl(metadata !272)
step gimli 18 4001: tail call void @llvm.experimental.noalias.scope.decl(metadata !275)
step gimli 18 4002: %19 = icmp eq i64 %4, 0
step gimli 18 4003: br i1 %19, label %27, label %20
step gimli 20 4006: %21 = load i64, ptr %1, align 8
step gimli 20 4007: %22 = icmp eq i64 %21, 0
step gimli 20 4008: br i1 %22, label %27, label %23
step gimli 27 4021: store i64 %30, ptr %29, align 8
step gimli 27 4022: %31 = load i64, ptr %6, align 8
step gimli 27 4023: %32 = icmp eq i64 %31, 0
step gimli 27 4024: br i1 %32, label %49, label %33
step gimli 49 4061: call void @llvm.lifetime.end.p0(i64 8, ptr nonnull %6)
step gimli 49 4062: call void @llvm.lifetime.end.p0(i64 8, ptr nonnull %7)
step gimli 49 4063: %50 = icmp eq i64 %13, 0
step gimli 49 4064: br i1 %50, label %51, label %53
step gimli 53 4071: tail call void @_RNvCs1Y7DaGC1cwg_7___rustc35___rust_no_alloc_shim_is_unstable_v2() #37
step gimli 53 4072: %54 = tail call noundef ptr @_RNvCs1Y7DaGC1cwg_7___rustc12___rust_alloc(i64 noundef %13, i64 noundef range(i64 1, -9223372036854775807) %3) #37
step gimli 53 4073: br label %55
step gimli 55 4077: %57 = icmp eq ptr %56, null
step gimli 55 4078: br i1 %57, label %58, label %60
step gimli 60 4087: %62 = getelementptr inbounds nuw i8, ptr %0, i64 8
step gimli 60 4088: store ptr %61, ptr %62, align 8
step gimli 60 4089: br label %63
step gimli 63 4095: %67 = getelementptr inbounds nuw i8, ptr %0, i64 %64
step gimli 63 4096: store i64 %65, ptr %67, align 8
step gimli 63 4097: store i64 %66, ptr %0, align 8
step gimli 63 4098: ret void
step gimli 16 3952: %25 = load i64, ptr %6, align 8
step gimli 16 3953: %26 = trunc nuw i64 %25 to i1
step gimli 16 3954: %27 = getelementptr inbounds nuw i8, ptr %6, i64 8
step gimli 16 3955: br i1 %26, label %28, label %32
step gimli 32 3965: %33 = load ptr, ptr %27, align 8
step gimli 32 3966: call void @llvm.lifetime.end.p0(i64 24, ptr nonnull %6)
step gimli 32 3967: %34 = getelementptr inbounds nuw i8, ptr %0, i64 8
step gimli 32 3968: store ptr %33, ptr %34, align 8
step gimli 32 3969: %35 = icmp sgt i64 %24, -1
step gimli 32 3970: tail call void @llvm.assume(i1 %35)
step gimli 32 3971: store i64 %24, ptr %0, align 8
step gimli 32 3972: br label %11
step gimli 11 3937: %14 = insertvalue { i64, i64 } poison, i64 %13, 0
step gimli 11 3938: %15 = insertvalue { i64, i64 } %14, i64 %12, 1
step gimli 11 3939: ret { i64, i64 } %15
step addr2line 5 66: %7 = extractvalue { i64, i64 } %6, 0
step addr2line 5 67: %8 = icmp eq i64 %7, -9223372036854775807
step addr2line 5 68: br i1 %8, label %11, label %9
step addr2line 11 76: ret void
step addr2line 9 60: br label %8
step addr2line 8 56: ret void
step user bb2.i125 7386: %_20.i = load ptr, ptr %_1.sroa.4.0._0.sroa_idx.i, align 8
step user bb2.i125 7387: %count.i = load i64, ptr %_1.sroa.5.0._0.sroa_idx.i, align 8
step user bb2.i125 7388: %_21.i = icmp sgt i64 %count.i, -1
step user bb2.i125 7389: call void @llvm.assume(i1 %_21.i)
step user bb2.i125 7390: %_8.i = getelementptr inbounds nuw i8, ptr %_20.i, i64 %count.i
step user bb2.i125 7391: br i1 %_16.i, label %bb12.i.i, label %bb7.i.i126
step user bb12.i.i 7412: %67 = trunc nuw nsw i32 %spec.select.i to i8
step user bb12.i.i 7413: store i8 %67, ptr %_8.i, align 1
step user bb12.i.i 7414: br label %_ZN5alloc6string6String4push17hcc79d202422396d6E.exit
step user _ZN5alloc6string6String4push17hcc79d202422396d6E.exit 7447: %new_len.i = add nuw i64 %ch_len.sroa.0.0.i, %len.i
step user _ZN5alloc6string6String4push17hcc79d202422396d6E.exit 7448: store i64 %new_len.i, ptr %_1.sroa.5.0._0.sroa_idx.i, align 8
step user _ZN5alloc6string6String4push17hcc79d202422396d6E.exit 7449: br label %bb12.backedge
step user bb12.backedge 7500: br label %bb12
step user bb12 6795: %_6.i.i.i = icmp ne ptr %iter.sroa.0.0, %_7.i
step user bb12 6796: %spec.select.idx = zext i1 %_6.i.i.i to i64
step user bb12 6797: %spec.select = getelementptr inbounds nuw i8, ptr %iter.sroa.0.0, i64 %spec.select.idx
step user bb12 6798: br i1 %_6.i.i.i, label %bb14.i.i, label %"_ZN81_$LT$core..str..iter..Chars$u20$as$u20$core..iter..traits..iterator..Iterator$GT$4next17h7cf24745601bba6cE.exit"
step user bb14.i.i 6801: %x.i.i = load i8, ptr %iter.sroa.0.0, align 1
step user bb14.i.i 6802: %_6.i.i = icmp sgt i8 %x.i.i, -1
step user bb14.i.i 6803: br i1 %_6.i.i, label %bb3.i.i, label %bb4.i.i
step user bb3.i.i 6820: %_7.i.i = zext nneg i8 %x.i.i to i32
step user bb3.i.i 6821: br label %"_ZN81_$LT$core..str..iter..Chars$u20$as$u20$core..iter..traits..iterator..Iterator$GT$4next17h7cf24745601bba6cE.exit"
step user "_ZN81_$LT$core..str..iter..Chars$u20$as$u20$core..iter..traits..iterator..Iterator$GT$4next17h7cf24745601bba6cE.exit" 6854: switch i32 %spec.select.i, label %bb1.i47 [ i32 1114112, label %bb16 i32 40, label %bb19 i32 41, label %bb18 i32 32, label %bb37 i32 13, label %bb37 i32 12, label %bb37 i32 11, label %bb37 i32 10, label %bb37 i32 9, label %bb37 ]
step user bb18 7221: call void @llvm.experimental.noalias.scope.decl(metadata !8582)
step user bb18 7222: call void @llvm.experimental.noalias.scope.decl(metadata !8586)
step user bb18 7223: %_2.i.i78 = load i64, ptr %_1.sroa.5.0._0.sroa_idx.i, align 8
step user bb18 7224: %_3.i.i79 = icmp sgt i64 %_2.i.i78, -1
step user bb18 7225: call void @llvm.assume(i1 %_3.i.i79)
step user bb18 7226: %_0.i.i80 = icmp eq i64 %_2.i.i78, 0
step user bb18 7227: br i1 %_0.i.i80, label %"_ZN5check9knownbits5parse28_$u7b$$u7b$closure$u7d$$u7d$17h742778b53c46d2b0E.exit98", label %bb3.i81
step user bb3.i81 7230: %_5.i.i82 = load ptr, ptr %12, align 8
step user bb3.i81 7231: %_4.i.i83 = load i64, ptr %13, align 8
step user bb3.i81 7232: %_3.not.i.i84 = icmp eq i64 %_4.i.i83, 0
step user bb3.i81 7233: %50 = getelementptr %"alloc::vec::Vec<knownbits::Node>", ptr %_5.i.i82, i64 %_4.i.i83
step user bb3.i81 7234: %last.i.i85 = getelementptr i8, ptr %50, i64 -24
step user bb3.i81 7235: %.not1.i86 = icmp eq ptr %last.i.i85, null
step user bb3.i81 7236: %.not.i87 = or i1 %_3.not.i.i84, %.not1.i86
step user bb3.i81 7237: br i1 %.not.i87, label %"_ZN5check9knownbits5parse28_$u7b$$u7b$closure$u7d$$u7d$17h742778b53c46d2b0E.exit98", label %bb6.i88
step user bb6.i88 7240: call void @llvm.lifetime.start.p0(i64 24, ptr nonnull %_11.sroa.4.i77)
step user bb6.i88 7241: call void @llvm.memcpy.p0.p0.i64(ptr noundef nonnull align 8 dereferenceable(24) %_11.sroa.4.i77, ptr noundef nonnull align 8 dereferenceable(24) %atom, i64 24, i1 false)
step user bb6.i88 7242: store i64 0, ptr %atom, align 8
step user bb6.i88 7243: store ptr inttoptr (i64 1 to ptr), ptr %_1.sroa.4.0._0.sroa_idx.i, align 8
step user bb6.i88 7244: store i64 0, ptr %_1.sroa.5.0._0.sroa_idx.i, align 8
step user bb6.i88 7245: %51 = getelementptr i8, ptr %50, i64 -8
step user bb6.i88 7246: %len.i.i.i90 = load i64, ptr %51, align 8
step user bb6.i88 7247: %self1.i.i.i91 = load i64, ptr %last.i.i85, align 8
step user bb6.i88 7248: %_4.i.i.i92 = icmp eq i64 %len.i.i.i90, %self1.i.i.i91
step user bb6.i88 7249: br i1 %_4.i.i.i92, label %bb1.i.i.i97, label %"_ZN5alloc3vec16Vec$LT$T$C$A$GT$4push17h64f91a2088c56d0dE.exit.i93"
step user "_ZN5alloc3vec16Vec$LT$T$C$A$GT$4push17h64f91a2088c56d0dE.exit.i93" 7257: %52 = getelementptr i8, ptr %50, i64 -16
step user "_ZN5alloc3vec16Vec$LT$T$C$A$GT$4push17h64f91a2088c56d0dE.exit.i93" 7258: %_14.i.i.i94 = load ptr, ptr %52, align 8
step user "_ZN5alloc3vec16Vec$LT$T$C$A$GT$4push17h64f91a2088c56d0dE.exit.i93" 7259: %end.i.i.i95 = getelementptr inbounds nuw %"knownbits::Node", ptr %_14.i.i.i94, i64 %len.i.i.i90
step user "_ZN5alloc3vec16Vec$LT$T$C$A$GT$4push17h64f91a2088c56d0dE.exit.i93" 7260: store i64 0, ptr %end.i.i.i95, align 8
step user "_ZN5alloc3vec16Vec$LT$T$C$A$GT$4push17h64f91a2088c56d0dE.exit.i93" 7261: %_11.sroa.4.0.end.i.i.sroa_idx.i96 = getelementptr inbounds nuw i8, ptr %end.i.i.i95, i64 8
step user "_ZN5alloc3vec16Vec$LT$T$C$A$GT$4push17h64f91a2088c56d0dE.exit.i93" 7262: call void @llvm.memcpy.p0.p0.i64(ptr noundef nonnull align 8 dereferenceable(24) %_11.sroa.4.0.end.i.i.sroa_idx.i96, ptr noundef nonnull align 8 dereferenceable(24) %_11.sroa.4.i77, i64 24, i1 false)
step user "_ZN5alloc3vec16Vec$LT$T$C$A$GT$4push17h64f91a2088c56d0dE.exit.i93" 7263: %53 = add i64 %len.i.i.i90, 1
step user "_ZN5alloc3vec16Vec$LT$T$C$A$GT$4push17h64f91a2088c56d0dE.exit.i93" 7264: store i64 %53, ptr %51, align 8
step user "_ZN5alloc3vec16Vec$LT$T$C$A$GT$4push17h64f91a2088c56d0dE.exit.i93" 7265: call void @llvm.lifetime.end.p0(i64 24, ptr nonnull %_11.sroa.4.i77)
step user "_ZN5alloc3vec16Vec$LT$T$C$A$GT$4push17h64f91a2088c56d0dE.exit.i93" 7266: br label %"_ZN5check9knownbits5parse28_$u7b$$u7b$closure$u7d$$u7d$17h742778b53c46d2b0E.exit98"
step user "_ZN5check9knownbits5parse28_$u7b$$u7b$closure$u7d$$u7d$17h742778b53c46d2b0E.exit98" 7269: call void @llvm.lifetime.start.p0(i64 24, ptr nonnull %list)
step user "_ZN5check9knownbits5parse28_$u7b$$u7b$closure$u7d$$u7d$17h742778b53c46d2b0E.exit98" 7270: call void @llvm.lifetime.start.p0(i64 16, ptr nonnull %_33.sroa.7)
step user "_ZN5check9knownbits5parse28_$u7b$$u7b$closure$u7d$$u7d$17h742778b53c46d2b0E.exit98" 7271: call void @llvm.lifetime.start.p0(i64 16, ptr nonnull %_34.sroa.6)
step user "_ZN5check9knownbits5parse28_$u7b$$u7b$closure$u7d$$u7d$17h742778b53c46d2b0E.exit98" 7272: call void @llvm.experimental.noalias.scope.decl(metadata !8657)
step user "_ZN5check9knownbits5parse28_$u7b$$u7b$closure$u7d$$u7d$17h742778b53c46d2b0E.exit98" 7273: %_2.i99 = load i64, ptr %13, align 8
step user "_ZN5check9knownbits5parse28_$u7b$$u7b$closure$u7d$$u7d$17h742778b53c46d2b0E.exit98" 7274: %54 = icmp eq i64 %_2.i99, 0
step user "_ZN5check9knownbits5parse28_$u7b$$u7b$closure$u7d$$u7d$17h742778b53c46d2b0E.exit98" 7275: br i1 %54, label %"_ZN5alloc3vec16Vec$LT$T$C$A$GT$3pop17h1ac7a31f199087e8E.exit108", label %bb2.i100
step user bb2.i100 7278: %55 = add nsw i64 %_2.i99, -1
step user bb2.i100 7279: store i64 %55, ptr %13, align 8
step user bb2.i100 7280: %self1.i101 = load i64, ptr %stack, align 8
step user bb2.i100 7281: %cond.i102 = icmp samesign ult i64 %55, %self1.i101
step user bb2.i100 7282: call void @llvm.assume(i1 %cond.i102)
step user bb2.i100 7283: %_14.i103 = load ptr, ptr %12, align 8
step user bb2.i100 7284: %_15.i104 = icmp ult i64 %_2.i99, 384307168202282327
step user bb2.i100 7285: call void @llvm.assume(i1 %_15.i104)
step user bb2.i100 7286: %src.i105 = getelementptr inbounds nuw %"alloc::vec::Vec<knownbits::Node>", ptr %_14.i103, i64 %55
step user bb2.i100 7287: %_34.sroa.0.0.copyload = load i64, ptr %src.i105, align 8
step user bb2.i100 7288: %_34.sroa.6.0.src.i105.sroa_idx = getelementptr inbounds nuw i8, ptr %src.i105, i64 8
step user bb2.i100 7289: call void @llvm.memcpy.p0.p0.i64(ptr noundef nonnull align 8 dereferenceable(16) %_34.sroa.6, ptr noundef nonnull align 8 dereferenceable(16) %_34.sroa.6.0.src.i105.sroa_idx, i64 16, i1 false)
step user bb2.i100 7290: br label %"_ZN5alloc3vec16Vec$LT$T$C$A$GT$3pop17h1ac7a31f199087e8E.exit108"
step user "_ZN5alloc3vec16Vec$LT$T$C$A$GT$3pop17h1ac7a31f199087e8E.exit108" 7294: %.not.i109 = icmp eq i64 %_34.sroa.0.0, -9223372036854775808
step user "_ZN5alloc3vec16Vec$LT$T$C$A$GT$3pop17h1ac7a31f199087e8E.exit108" 7295: br i1 %.not.i109, label %"_ZN75_$LT$core..option..Option$LT$T$GT$$u20$as$u20$core..ops..try_trait..Try$GT$6branch17hb63009c4c5f59396E.exit112", label %bb3.i110
step user bb3.i110 7298: call void @llvm.memcpy.p0.p0.i64(ptr noundef nonnull align 8 dereferenceable(16) %_33.sroa.7, ptr noundef nonnull align 8 dereferenceable(16) %_34.sroa.6, i64 16, i1 false)
step user bb3.i110 7299: br label %"_ZN75_$LT$core..option..Option$LT$T$GT$$u20$as$u20$core..ops..try_trait..Try$GT$6branch17hb63009c4c5f59396E.exit112"
step user "_ZN75_$LT$core..option..Option$LT$T$GT$$u20$as$u20$core..ops..try_trait..Try$GT$6branch17hb63009c4c5f59396E.exit112" 7303: call void @llvm.lifetime.end.p0(i64 16, ptr nonnull %_34.sroa.6)
step user "_ZN75_$LT$core..option..Option$LT$T$GT$$u20$as$u20$core..ops..try_trait..Try$GT$6branch17hb63009c4c5f59396E.exit112" 7304: %56 = icmp eq i64 %_33.sroa.0.0, -9223372036854775808
step user "_ZN75_$LT$core..option..Option$LT$T$GT$$u20$as$u20$core..ops..try_trait..Try$GT$6branch17hb63009c4c5f59396E.exit112" 7305: br i1 %56, label %bb27, label %bb26
step user bb26 7313: call void @llvm.memcpy.p0.p0.i64(ptr noundef nonnull align 8 dereferenceable(16) %val.sroa.4.0.list.sroa_idx, ptr noundef nonnull align 8 dereferenceable(16) %_33.sroa.7, i64 16, i1 false)
step user bb26 7314: store i64 %_33.sroa.0.0, ptr %list, align 8
step user bb26 7315: call void @llvm.lifetime.end.p0(i64 16, ptr nonnull %_33.sroa.7)
step user bb26 7316: %_5.i = load ptr, ptr %12, align 8
step user bb26 7317: %_4.i113 = load i64, ptr %13, align 8
step user bb26 7318: %_3.not.i = icmp eq i64 %_4.i113, 0
step user bb26 7319: %57 = getelementptr %"alloc::vec::Vec<knownbits::Node>", ptr %_5.i, i64 %_4.i113
step user bb26 7320: %last.i = getelementptr i8, ptr %57, i64 -24
step user bb26 7321: %58 = icmp eq ptr %last.i, null
step user bb26 7322: %59 = or i1 %_3.not.i, %58
step user bb26 7323: br i1 %59, label %bb33, label %bb32
step user bb32 7339: %61 = getelementptr i8, ptr %57, i64 -8
step user bb32 7340: %len.i.i117 = load i64, ptr %61, align 8
step user bb32 7341: %self1.i.i118 = load i64, ptr %last.i, align 8
step user bb32 7342: %_4.i.i119 = icmp eq i64 %len.i.i117, %self1.i.i118
step user bb32 7343: br i1 %_4.i.i119, label %bb1.i.i122, label %"_ZN5alloc3vec16Vec$LT$T$C$A$GT$4push17h64f91a2088c56d0dE.exit"
step user "_ZN5alloc3vec16Vec$LT$T$C$A$GT$4push17h64f91a2088c56d0dE.exit" 7351: %62 = getelementptr i8, ptr %57, i64 -16
step user "_ZN5alloc3vec16Vec$LT$T$C$A$GT$4push17h64f91a2088c56d0dE.exit" 7352: %_14.i.i120 = load ptr, ptr %62, align 8
step user "_ZN5alloc3vec16Vec$LT$T$C$A$GT$4push17h64f91a2088c56d0dE.exit" 7353: %end.i.i121 = getelementptr inbounds nuw %"knownbits::Node", ptr %_14.i.i120, i64 %len.i.i117
step user "_ZN5alloc3vec16Vec$LT$T$C$A$GT$4push17h64f91a2088c56d0dE.exit" 7354: store i64 1, ptr %end.i.i121, align 8
step user "_ZN5alloc3vec16Vec$LT$T$C$A$GT$4push17h64f91a2088c56d0dE.exit" 7355: %_45.sroa.4.0.end.i.i121.sroa_idx = getelementptr inbounds nuw i8, ptr %end.i.i121, i64 8
step user "_ZN5alloc3vec16Vec$LT$T$C$A$GT$4push17h64f91a2088c56d0dE.exit" 7356: call void @llvm.memcpy.p0.p0.i64(ptr noundef nonnull align 8 dereferenceable(24) %_45.sroa.4.0.end.i.i121.sroa_idx, ptr noundef nonnull align 8 dereferenceable(24) %list, i64 24, i1 false)
step user "_ZN5alloc3vec16Vec$LT$T$C$A$GT$4push17h64f91a2088c56d0dE.exit" 7357: %63 = add i64 %len.i.i117, 1
step user "_ZN5alloc3vec16Vec$LT$T$C$A$GT$4push17h64f91a2088c56d0dE.exit" 7358: store i64 %63, ptr %61, align 8
step user "_ZN5alloc3vec16Vec$LT$T$C$A$GT$4push17h64f91a2088c56d0dE.exit" 7359: call void @llvm.lifetime.end.p0(i64 24, ptr nonnull %list)
step user "_ZN5alloc3vec16Vec$LT$T$C$A$GT$4push17h64f91a2088c56d0dE.exit" 7360: br label %bb12.backedge
step user bb12.backedge 7500: br label %bb12
step user bb12 6795: %_6.i.i.i = icmp ne ptr %iter.sroa.0.0, %_7.i
step user bb12 6796: %spec.select.idx = zext i1 %_6.i.i.i to i64
step user bb12 6797: %spec.select = getelementptr inbounds nuw i8, ptr %iter.sroa.0.0, i64 %spec.select.idx
step user bb12 6798: br i1 %_6.i.i.i, label %bb14.i.i, label %"_ZN81_$LT$core..str..iter..Chars$u20$as$u20$core..iter..traits..iterator..Iterator$GT$4next17h7cf24745601bba6cE.exit"
step user bb14.i.i 6801: %x.i.i = load i8, ptr %iter.sroa.0.0, align 1
step user bb14.i.i 6802: %_6.i.i = icmp sgt i8 %x.i.i, -1
step user bb14.i.i 6803: br i1 %_6.i.i, label %bb3.i.i, label %bb4.i.i
step user bb3.i.i 6820: %_7.i.i = zext nneg i8 %x.i.i to i32
step user bb3.i.i 6821: br label %"_ZN81_$LT$core..str..iter..Chars$u20$as$u20$core..iter..traits..iterator..Iterator$GT$4next17h7cf24745601bba6cE.exit"
step user "_ZN81_$LT$core..str..iter..Chars$u20$as$u20$core..iter..traits..iterator..Iterator$GT$4next17h7cf24745601bba6cE.exit" 6854: switch i32 %spec.select.i, label %bb1.i47 [ i32 1114112, label %bb16 i32 40, label %bb19 i32 41, label %bb18 i32 32, label %bb37 i32 13, label %bb37 i32 12, label %bb37 i32 11, label %bb37 i32 10, label %bb37 i32 9, label %bb37 ]
step user bb18 7221: call void @llvm.experimental.noalias.scope.decl(metadata !8582)
step user bb18 7222: call void @llvm.experimental.noalias.scope.decl(metadata !8586)
step user bb18 7223: %_2.i.i78 = load i64, ptr %_1.sroa.5.0._0.sroa_idx.i, align 8
step user bb18 7224: %_3.i.i79 = icmp sgt i64 %_2.i.i78, -1
step user bb18 7225: call void @llvm.assume(i1 %_3.i.i79)
step user bb18 7226: %_0.i.i80 = icmp eq i64 %_2.i.i78, 0
step user bb18 7227: br i1 %_0.i.i80, label %"_ZN5check9knownbits5parse28_$u7b$$u7b$closure$u7d$$u7d$17h742778b53c46d2b0E.exit98", label %bb3.i81
step user "_ZN5check9knownbits5parse28_$u7b$$u7b$closure$u7d$$u7d$17h742778b53c46d2b0E.exit98" 7269: call void @llvm.lifetime.start.p0(i64 24, ptr nonnull %list)
step user "_ZN5check9knownbits5parse28_$u7b$$u7b$closure$u7d$$u7d$17h742778b53c46d2b0E.exit98" 7270: call void @llvm.lifetime.start.p0(i64 16, ptr nonnull %_33.sroa.7)
step user "_ZN5check9knownbits5parse28_$u7b$$u7b$closure$u7d$$u7d$17h742778b53c46d2b0E.exit98" 7271: call void @llvm.lifetime.start.p0(i64 16, ptr nonnull %_34.sroa.6)
step user "_ZN5check9knownbits5parse28_$u7b$$u7b$closure$u7d$$u7d$17h742778b53c46d2b0E.exit98" 7272: call void @llvm.experimental.noalias.scope.decl(metadata !8657)
step user "_ZN5check9knownbits5parse28_$u7b$$u7b$closure$u7d$$u7d$17h742778b53c46d2b0E.exit98" 7273: %_2.i99 = load i64, ptr %13, align 8
step user "_ZN5check9knownbits5parse28_$u7b$$u7b$closure$u7d$$u7d$17h742778b53c46d2b0E.exit98" 7274: %54 = icmp eq i64 %_2.i99, 0
step user "_ZN5check9knownbits5parse28_$u7b$$u7b$closure$u7d$$u7d$17h742778b53c46d2b0E.exit98" 7275: br i1 %54, label %"_ZN5alloc3vec16Vec$LT$T$C$A$GT$3pop17h1ac7a31f199087e8E.exit108", label %bb2.i100
step user bb2.i100 7278: %55 = add nsw i64 %_2.i99, -1
step user bb2.i100 7279: store i64 %55, ptr %13, align 8
step user bb2.i100 7280: %self1.i101 = load i64, ptr %stack, align 8
step user bb2.i100 7281: %cond.i102 = icmp samesign ult i64 %55, %self1.i101
step user bb2.i100 7282: call void @llvm.assume(i1 %cond.i102)
step user bb2.i100 7283: %_14.i103 = load ptr, ptr %12, align 8
step user bb2.i100 7284: %_15.i104 = icmp ult i64 %_2.i99, 384307168202282327
step user bb2.i100 7285: call void @llvm.assume(i1 %_15.i104)
step user bb2.i100 7286: %src.i105 = getelementptr inbounds nuw %"alloc::vec::Vec<knownbits::Node>", ptr %_14.i103, i64 %55
step user bb2.i100 7287: %_34.sroa.0.0.copyload = load i64, ptr %src.i105, align 8
step user bb2.i100 7288: %_34.sroa.6.0.src.i105.sroa_idx = getelementptr inbounds nuw i8, ptr %src.i105, i64 8
step user bb2.i100 7289: call void @llvm.memcpy.p0.p0.i64(ptr noundef nonnull align 8 dereferenceable(16) %_34.sroa.6, ptr noundef nonnull align 8 dereferenceable(16) %_34.sroa.6.0.src.i105.sroa_idx, i64 16, i1 false)
step user bb2.i100 7290: br label %"_ZN5alloc3vec16Vec$LT$T$C$A$GT$3pop17h1ac7a31f199087e8E.exit108"
step user "_ZN5alloc3vec16Vec$LT$T$C$A$GT$3pop17h1ac7a31f199087e8E.exit108" 7294: %.not.i109 = icmp eq i64 %_34.sroa.0.0, -9223372036854775808
step user "_ZN5alloc3vec16Vec$LT$T$C$A$GT$3pop17h1ac7a31f199087e8E.exit108" 7295: br i1 %.not.i109, label %"_ZN75_$LT$core..option..Option$LT$T$GT$$u20$as$u20$core..ops..try_trait..Try$GT$6branch17hb63009c4c5f59396E.exit112", label %bb3.i110
step user bb3.i110 7298: call void @llvm.memcpy.p0.p0.i64(ptr noundef nonnull align 8 dereferenceable(16) %_33.sroa.7, ptr noundef nonnull align 8 dereferenceable(16) %_34.sroa.6, i64 16, i1 false)
step user bb3.i110 7299: br label %"_ZN75_$LT$core..option..Option$LT$T$GT$$u20$as$u20$core..ops..try_trait..Try$GT$6branch17hb63009c4c5f59396E.exit112"
step user "_ZN75_$LT$core..option..Option$LT$T$GT$$u20$as$u20$core..ops..try_trait..Try$GT$6branch17hb63009c4c5f59396E.exit112" 7303: call void @llvm.lifetime.end.p0(i64 16, ptr nonnull %_34.sroa.6)
step user "_ZN75_$LT$core..option..Option$LT$T$GT$$u20$as$u20$core..ops..try_trait..Try$GT$6branch17hb63009c4c5f59396E.exit112" 7304: %56 = icmp eq i64 %_33.sroa.0.0, -9223372036854775808
step user "_ZN75_$LT$core..option..Option$LT$T$GT$$u20$as$u20$core..ops..try_trait..Try$GT$6branch17hb63009c4c5f59396E.exit112" 7305: br i1 %56, label %bb27, label %bb26
step user bb26 7313: call void @llvm.memcpy.p0.p0.i64(ptr noundef nonnull align 8 dereferenceable(16) %val.sroa.4.0.list.sroa_idx, ptr noundef nonnull align 8 dereferenceable(16) %_33.sroa.7, i64 16, i1 false)
step user bb26 7314: store i64 %_33.sroa.0.0, ptr %list, align 8
step user bb26 7315: call void @llvm.lifetime.end.p0(i64 16, ptr nonnull %_33.sroa.7)
step user bb26 7316: %_5.i = load ptr, ptr %12, align 8
step user bb26 7317: %_4.i113 = load i64, ptr %13, align 8
step user bb26 7318: %_3.not.i = icmp eq i64 %_4.i113, 0
step user bb26 7319: %57 = getelementptr %"alloc::vec::Vec<knownbits::Node>", ptr %_5.i, i64 %_4.i113
step user bb26 7320: %last.i = getelementptr i8, ptr %57, i64 -24
step user bb26 7321: %58 = icmp eq ptr %last.i, null
step user bb26 7322: %59 = or i1 %_3.not.i, %58
step user bb26 7323: br i1 %59, label %bb33, label %bb32
step user bb32 7339: %61 = getelementptr i8, ptr %57, i64 -8
step user bb32 7340: %len.i.i117 = load i64, ptr %61, align 8
step user bb32 7341: %self1.i.i118 = load i64, ptr %last.i, align 8
step user bb32 7342: %_4.i.i119 = icmp eq i64 %len.i.i117, %self1.i.i118
step user bb32 7343: br i1 %_4.i.i119, label %bb1.i.i122, label %"_ZN5alloc3vec16Vec$LT$T$C$A$GT$4push17h64f91a2088c56d0dE.exit"
step user bb1.i.i122 7347: call void @"_ZN5alloc7raw_vec19RawVec$LT$T$C$A$GT$8grow_one17hed1057ab2c706b2aE"(ptr noalias noundef nonnull align 8 dereferenceable(24) %last.i) #44
step user start 3212: %self1 = load i64, ptr %self, align 8
step user start 3214: %0 = tail call { i64, i64 } @"_ZN5alloc7raw_vec20RawVecInner$LT$A$GT$14grow_amortized17h7368fa7136fd38e3E"(ptr noalias noundef align 8 dereferenceable(16) %self, i64 noundef %self1, i64 noundef 1, i64 noundef 8, i64 noundef 32) #40
step gimli 5 3925: %6 = alloca [24 x i8], align 8
step gimli 5 3926: %7 = icmp eq i64 %4, 0
step gimli 5 3927: br i1 %7, label %11, label %8
step gimli 8 3930: %9 = add i64 %2, %1
step gimli 8 3931: %10 = icmp ult i64 %9, %1
step gimli 8 3932: br i1 %10, label %11, label %16
step gimli 16 3942: %17 = load i64, ptr %0, align 8
step gimli 16 3943: %18 = shl nuw i64 %17, 1
step gimli 16 3944: %19 = tail call noundef i64 @llvm.umax.i64(i64 %9, i64 range(i64 0, -1) %18)
step gimli 16 3945: %20 = icmp eq i64 %4, 1
step gimli 16 3946: %21 = icmp ult i64 %4, 1025
step gimli 16 3947: %22 = select i1 %21, i64 4, i64 1
step gimli 16 3948: %23 = select i1 %20, i64 8, i64 %22
step gimli 16 3949: %24 = tail call noundef i64 @llvm.umax.i64(i64 %19, i64 range(i64 0, -1) %23)
step gimli 16 3950: call void @llvm.lifetime.start.p0(i64 24, ptr nonnull %6)
step gimli 16 3951: call void @"_ZN5alloc7raw_vec20RawVecInner$LT$A$GT$11finish_grow17h84db9033f8382205E"(ptr noalias noundef nonnull sret([24 x i8]) align 8 captures(none) dereferenceable(24) %6, ptr noalias noundef nonnull readonly align 8 captures(address, read_provenance) dereferenceable(16) %0, i64 noundef %24, i64 noundef %3, i64 noundef %4)
step gimli 5 3983: %6 = alloca i64, align 8
step gimli 5 3984: %7 = alloca i64, align 8
step gimli 5 3985: %8 = add i64 %3, -1
step gimli 5 3986: %9 = add nuw i64 %8, %4
step gimli 5 3987: %10 = sub i64 0, %3
step gimli 5 3988: %11 = and i64 %9, %10
step gimli 5 3989: %12 = tail call { i64, i1 } @llvm.umul.with.overflow.i64(i64 %11, i64 %2)
step gimli 5 3990: %13 = extractvalue { i64, i1 } %12, 0
step gimli 5 3991: %14 = extractvalue { i64, i1 } %12, 1
step gimli 5 3992: %15 = sub nuw i64 -9223372036854775808, %3
step gimli 5 3993: %16 = icmp ugt i64 %13, %15
step gimli 5 3994: %17 = select i1 %14, i1 true, i1 %16
step gimli 5 3995: br i1 %17, label %63, label %18
step gimli 18 3998: call void @llvm.lifetime.start.p0(i64 8, ptr nonnull %6)
step gimli 18 3999: call void @llvm.lifetime.start.p0(i64 8, ptr nonnull %7)
step gimli 18 4000: tail call void @llvm.experimental.noalias.scope.decl(metadata !272)
step gimli 18 4001: tail call void @llvm.experimental.noalias.scope.decl(metadata !275)
step gimli 18 4002: %19 = icmp eq i64 %4, 0
step gimli 18 4003: br i1 %19, label %27, label %20
step gimli 20 4006: %21 = load i64, ptr %1, align 8
step gimli 20 4007: %22 = icmp eq i64 %21, 0
step gimli 20 4008: br i1 %22, label %27, label %23
step gimli 27 4021: store i64 %30, ptr %29, align 8
step gimli 27 4022: %31 = load i64, ptr %6, align 8
step gimli 27 4023: %32 = icmp eq i64 %31, 0
step gimli 27 4024: br i1 %32, label %49, label %33
step gimli 49 4061: call void @llvm.lifetime.end.p0(i64 8, ptr nonnull %6)
step gimli 49 4062: call void @llvm.lifetime.end.p0(i64 8, ptr nonnull %7)
step gimli 49 4063: %50 = icmp eq i64 %13, 0
step gimli 49 4064: br i1 %50, label %51, label %53
step gimli 53 4071: tail call void @_RNvCs1Y7DaGC1cwg_7___rustc35___rust_no_alloc_shim_is_unstable_v2() #37
step gimli 53 4072: %54 = tail call noundef ptr @_RNvCs1Y7DaGC1cwg_7___rustc12___rust_alloc(i64 noundef %13, i64 noundef range(i64 1, -9223372036854775807) %3) #37
step gimli 53 4073: br label %55
step gimli 55 4077: %57 = icmp eq ptr %56, null
step gimli 55 4078: br i1 %57, label %58, label %60
step gimli 60 4087: %62 = getelementptr inbounds nuw i8, ptr %0, i64 8
step gimli 60 4088: store ptr %61, ptr %62, align 8
step gimli 60 4089: br label %63
step gimli 63 4095: %67 = getelementptr inbounds nuw i8, ptr %0, i64 %64
step gimli 63 4096: store i64 %65, ptr %67, align 8
step gimli 63 4097: store i64 %66, ptr %0, align 8
step gimli 63 4098: ret void
step gimli 16 3952: %25 = load i64, ptr %6, align 8
step gimli 16 3953: %26 = trunc nuw i64 %25 to i1
step gimli 16 3954: %27 = getelementptr inbounds nuw i8, ptr %6, i64 8
step gimli 16 3955: br i1 %26, label %28, label %32
step gimli 32 3965: %33 = load ptr, ptr %27, align 8
step gimli 32 3966: call void @llvm.lifetime.end.p0(i64 24, ptr nonnull %6)
step gimli 32 3967: %34 = getelementptr inbounds nuw i8, ptr %0, i64 8
step gimli 32 3968: store ptr %33, ptr %34, align 8
step gimli 32 3969: %35 = icmp sgt i64 %24, -1
step gimli 32 3970: tail call void @llvm.assume(i1 %35)
step gimli 32 3971: store i64 %24, ptr %0, align 8
step gimli 32 3972: br label %11
step gimli 11 3937: %14 = insertvalue { i64, i64 } poison, i64 %13, 0
step gimli 11 3938: %15 = insertvalue { i64, i64 } %14, i64 %12, 1
step gimli 11 3939: ret { i64, i64 } %15
step user start 3215: %1 = extractvalue { i64, i64 } %0, 0
step user start 3216: %.not = icmp eq i64 %1, -9223372036854775807
step user start 3217: br i1 %.not, label %bb3, label %bb2
step user bb3 3226: ret void
step user bb1.i.i122 7348: br label %"_ZN5alloc3vec16Vec$LT$T$C$A$GT$4push17h64f91a2088c56d0dE.exit"
step user "_ZN5alloc3vec16Vec$LT$T$C$A$GT$4push17h64f91a2088c56d0dE.exit" 7351: %62 = getelementptr i8, ptr %57, i64 -16
step user "_ZN5alloc3vec16Vec$LT$T$C$A$GT$4push17h64f91a2088c56d0dE.exit" 7352: %_14.i.i120 = load ptr, ptr %62, align 8
step user "_ZN5alloc3vec16Vec$LT$T$C$A$GT$4push17h64f91a2088c56d0dE.exit" 7353: %end.i.i121 = getelementptr inbounds nuw %"knownbits::Node", ptr %_14.i.i120, i64 %len.i.i117
step user "_ZN5alloc3vec16Vec$LT$T$C$A$GT$4push17h64f91a2088c56d0dE.exit" 7354: store i64 1, ptr %end.i.i121, align 8
step user "_ZN5alloc3vec16Vec$LT$T$C$A$GT$4push17h64f91a2088c56d0dE.exit" 7355: %_45.sroa.4.0.end.i.i121.sroa_idx = getelementptr inbounds nuw i8, ptr %end.i.i121, i64 8
step user "_ZN5alloc3vec16Vec$LT$T$C$A$GT$4push17h64f91a2088c56d0dE.exit" 7356: call void @llvm.memcpy.p0.p0.i64(ptr noundef nonnull align 8 dereferenceable(24) %_45.sroa.4.0.end.i.i121.sroa_idx, ptr noundef nonnull align 8 dereferenceable(24) %list, i64 24, i1 false)
step user "_ZN5alloc3vec16Vec$LT$T$C$A$GT$4push17h64f91a2088c56d0dE.exit" 7357: %63 = add i64 %len.i.i117, 1
step user "_ZN5alloc3vec16Vec$LT$T$C$A$GT$4push17h64f91a2088c56d0dE.exit" 7358: store i64 %63, ptr %61, align 8
step user "_ZN5alloc3vec16Vec$LT$T$C$A$GT$4push17h64f91a2088c56d0dE.exit" 7359: call void @llvm.lifetime.end.p0(i64 24, ptr nonnull %list)
step user "_ZN5alloc3vec16Vec$LT$T$C$A$GT$4push17h64f91a2088c56d0dE.exit" 7360: br label %bb12.backedge
step user bb12.backedge 7500: br label %bb12
step user bb12 6795: %_6.i.i.i = icmp ne ptr %iter.sroa.0.0, %_7.i
step user bb12 6796: %spec.select.idx = zext i1 %_6.i.i.i to i64
step user bb12 6797: %spec.select = getelementptr inbounds nuw i8, ptr %iter.sroa.0.0, i64 %spec.select.idx
step user bb12 6798: br i1 %_6.i.i.i, label %bb14.i.i, label %"_ZN81_$LT$core..str..iter..Chars$u20$as$u20$core..iter..traits..iterator..Iterator$GT$4next17h7cf24745601bba6cE.exit"
step user "_ZN81_$LT$core..str..iter..Chars$u20$as$u20$core..iter..traits..iterator..Iterator$GT$4next17h7cf24745601bba6cE.exit" 6854: switch i32 %spec.select.i, label %bb1.i47 [ i32 1114112, label %bb16 i32 40, label %bb19 i32 41, label %bb18 i32 32, label %bb37 i32 13, label %bb37 i32 12, label %bb37 i32 11, label %bb37 i32 10, label %bb37 i32 9, label %bb37 ]
step user bb16 6867: call void @llvm.experimental.noalias.scope.decl(metadata !8053)
step user bb16 6868: call void @llvm.experimental.noalias.scope.decl(metadata !8057)
step user bb16 6869: %_2.i.i = load i64, ptr %_1.sroa.5.0._0.sroa_idx.i, align 8
step user bb16 6870: %_3.i.i = icmp sgt i64 %_2.i.i, -1
step user bb16 6871: call void @llvm.assume(i1 %_3.i.i)
step user bb16 6872: %_0.i.i = icmp eq i64 %_2.i.i, 0
step user bb16 6873: br i1 %_0.i.i, label %"_ZN5check9knownbits5parse28_$u7b$$u7b$closure$u7d$$u7d$17h742778b53c46d2b0E.exit", label %bb3.i
step user "_ZN5check9knownbits5parse28_$u7b$$u7b$closure$u7d$$u7d$17h742778b53c46d2b0E.exit" 6915: call void @llvm.lifetime.start.p0(i64 24, ptr nonnull %top)
step user "_ZN5check9knownbits5parse28_$u7b$$u7b$closure$u7d$$u7d$17h742778b53c46d2b0E.exit" 6916: call void @llvm.lifetime.start.p0(i64 16, ptr nonnull %_60.sroa.7)
step user "_ZN5check9knownbits5parse28_$u7b$$u7b$closure$u7d$$u7d$17h742778b53c46d2b0E.exit" 6917: call void @llvm.lifetime.start.p0(i64 16, ptr nonnull %_61.sroa.6)
step user "_ZN5check9knownbits5parse28_$u7b$$u7b$closure$u7d$$u7d$17h742778b53c46d2b0E.exit" 6918: call void @llvm.experimental.noalias.scope.decl(metadata !8158)
step user "_ZN5check9knownbits5parse28_$u7b$$u7b$closure$u7d$$u7d$17h742778b53c46d2b0E.exit" 6919: %_2.i = load i64, ptr %13, align 8
step user "_ZN5check9knownbits5parse28_$u7b$$u7b$closure$u7d$$u7d$17h742778b53c46d2b0E.exit" 6920: %21 = icmp eq i64 %_2.i, 0
step user "_ZN5check9knownbits5parse28_$u7b$$u7b$closure$u7d$$u7d$17h742778b53c46d2b0E.exit" 6921: br i1 %21, label %"_ZN5alloc3vec16Vec$LT$T$C$A$GT$3pop17h1ac7a31f199087e8E.exit", label %bb2.i16
step user bb2.i16 6924: %22 = add nsw i64 %_2.i, -1
step user bb2.i16 6925: store i64 %22, ptr %13, align 8
step user bb2.i16 6926: %self1.i = load i64, ptr %stack, align 8
step user bb2.i16 6927: %cond.i = icmp samesign ult i64 %22, %self1.i
step user bb2.i16 6928: call void @llvm.assume(i1 %cond.i)
step user bb2.i16 6929: %_14.i = load ptr, ptr %12, align 8
step user bb2.i16 6930: %_15.i = icmp ult i64 %_2.i, 384307168202282327
step user bb2.i16 6931: call void @llvm.assume(i1 %_15.i)
step user bb2.i16 6932: %src.i = getelementptr inbounds nuw %"alloc::vec::Vec<knownbits::Node>", ptr %_14.i, i64 %22
step user bb2.i16 6933: %_61.sroa.0.0.copyload = load i64, ptr %src.i, align 8
step user bb2.i16 6934: %_61.sroa.6.0.src.i.sroa_idx = getelementptr inbounds nuw i8, ptr %src.i, i64 8
step user bb2.i16 6935: call void @llvm.memcpy.p0.p0.i64(ptr noundef nonnull align 8 dereferenceable(16) %_61.sroa.6, ptr noundef nonnull align 8 dereferenceable(16) %_61.sroa.6.0.src.i.sroa_idx, i64 16, i1 false)
step user bb2.i16 6936: br label %"_ZN5alloc3vec16Vec$LT$T$C$A$GT$3pop17h1ac7a31f199087e8E.exit"
step user "_ZN5alloc3vec16Vec$LT$T$C$A$GT$3pop17h1ac7a31f199087e8E.exit" 6940: %.not.i18 = icmp eq i64 %_61.sroa.0.0, -9223372036854775808
step user "_ZN5alloc3vec16Vec$LT$T$C$A$GT$3pop17h1ac7a31f199087e8E.exit" 6941: br i1 %.not.i18, label %"_ZN75_$LT$core..option..Option$LT$T$GT$$u20$as$u20$core..ops..try_trait..Try$GT$6branch17hb63009c4c5f59396E.exit", label %bb3.i19
step user bb3.i19 6944: call void @llvm.memcpy.p0.p0.i64(ptr noundef nonnull align 8 dereferenceable(16) %_60.sroa.7, ptr noundef nonnull align 8 dereferenceable(16) %_61.sroa.6, i64 16, i1 false)
step user bb3.i19 6945: br label %"_ZN75_$LT$core..option..Option$LT$T$GT$$u20$as$u20$core..ops..try_trait..Try$GT$6branch17hb63009c4c5f59396E.exit"
step user "_ZN75_$LT$core..option..Option$LT$T$GT$$u20$as$u20$core..ops..try_trait..Try$GT$6branch17hb63009c4c5f59396E.exit" 6949: call void @llvm.lifetime.end.p0(i64 16, ptr nonnull %_61.sroa.6)
step user "_ZN75_$LT$core..option..Option$LT$T$GT$$u20$as$u20$core..ops..try_trait..Try$GT$6branch17hb63009c4c5f59396E.exit" 6950: %23 = icmp eq i64 %_60.sroa.0.0, -9223372036854775808
step user "_ZN75_$LT$core..option..Option$LT$T$GT$$u20$as$u20$core..ops..try_trait..Try$GT$6branch17hb63009c4c5f59396E.exit" 6951: br i1 %23, label %bb46, label %bb45
step user bb45 6960: %val1.sroa.4.0.top.sroa_idx = getelementptr inbounds nuw i8, ptr %top, i64 8
step user bb45 6961: call void @llvm.memcpy.p0.p0.i64(ptr noundef nonnull align 8 dereferenceable(16) %val1.sroa.4.0.top.sroa_idx, ptr noundef nonnull align 8 dereferenceable(16) %_60.sroa.7, i64 16, i1 false)
step user bb45 6962: store i64 %_60.sroa.0.0, ptr %top, align 8
step user bb45 6963: call void @llvm.lifetime.end.p0(i64 16, ptr nonnull %_60.sroa.7)
step user bb45 6964: %_2.i21 = load i64, ptr %13, align 8
step user bb45 6965: %_3.i = icmp ult i64 %_2.i21, 384307168202282326
step user bb45 6966: call void @llvm.assume(i1 %_3.i)
step user bb45 6967: %_0.i = icmp eq i64 %_2.i21, 0
step user bb45 6968: br i1 %_0.i, label %bb49, label %bb3.i24.critedge
step user bb49 6971: %24 = getelementptr inbounds nuw i8, ptr %top, i64 16
step user bb49 6972: %_0.i22 = load i64, ptr %24, align 8
step user bb49 6973: %_2.i23 = icmp ult i64 %_0.i22, 288230376151711744
step user bb49 6974: call void @llvm.assume(i1 %_2.i23)
step user bb49 6975: %25 = icmp eq i64 %_0.i22, 1
step user bb49 6976: call void @llvm.experimental.noalias.scope.decl(metadata !8253)
step user bb49 6977: br i1 %25, label %bb1.i25, label %"_ZN4core4bool22_$LT$impl$u20$bool$GT$4then17h3dfb80a103d2be20E.exit"
step user bb1.i25 6984: call void @llvm.experimental.noalias.scope.decl(metadata !8260)
step user bb1.i25 6985: call void @llvm.experimental.noalias.scope.decl(metadata !8264)
step user bb1.i25 6986: %26 = getelementptr inbounds nuw i8, ptr %top, i64 16
step user bb1.i25 6987: %_2.i.i.i = load i64, ptr %26, align 8
step user bb1.i25 6988: %27 = icmp eq i64 %_2.i.i.i, 0
step user bb1.i25 6989: br i1 %27, label %"_ZN4core4bool22_$LT$impl$u20$bool$GT$4then17h3dfb80a103d2be20E.exit", label %bb2.i.i.i26
step user bb2.i.i.i26 6992: %28 = add nsw i64 %_2.i.i.i, -1
step user bb2.i.i.i26 6993: store i64 %28, ptr %26, align 8
step user bb2.i.i.i26 6994: %cond.i.i.i = icmp samesign ult i64 %28, %_60.sroa.0.0
step user bb2.i.i.i26 6995: call void @llvm.assume(i1 %cond.i.i.i)
step user bb2.i.i.i26 6996: %_14.i.i.i28 = load ptr, ptr %val1.sroa.4.0.top.sroa_idx, align 8
step user bb2.i.i.i26 6997: %_15.i.i.i = icmp ult i64 %_2.i.i.i, 288230376151711745
step user bb2.i.i.i26 6998: call void @llvm.assume(i1 %_15.i.i.i)
step user bb2.i.i.i26 6999: %src.i.i.i = getelementptr inbounds nuw %"knownbits::Node", ptr %_14.i.i.i28, i64 %28
step user bb2.i.i.i26 7000: %_3.sroa.0.0.copyload1.i = load i64, ptr %src.i.i.i, align 8
step user bb2.i.i.i26 7001: %_3.sroa.5.0.src.i.i.sroa_idx.i = getelementptr inbounds nuw i8, ptr %src.i.i.i, i64 8
step user bb2.i.i.i26 7002: call void @llvm.memcpy.p0.p0.i64(ptr noundef nonnull align 8 dereferenceable(24) %_3.sroa.5.i, ptr noundef nonnull align 8 dereferenceable(24) %_3.sroa.5.0.src.i.i.sroa_idx.i, i64 24, i1 false)
step user bb2.i.i.i26 7003: br label %"_ZN4core4bool22_$LT$impl$u20$bool$GT$4then17h3dfb80a103d2be20E.exit"
step user "_ZN4core4bool22_$LT$impl$u20$bool$GT$4then17h3dfb80a103d2be20E.exit" 7007: call void @llvm.experimental.noalias.scope.decl(metadata !8306)
step user "_ZN4core4bool22_$LT$impl$u20$bool$GT$4then17h3dfb80a103d2be20E.exit" 7008: %.not.i29 = icmp eq i64 %_65.sroa.0.0, 3
step user "_ZN4core4bool22_$LT$impl$u20$bool$GT$4then17h3dfb80a103d2be20E.exit" 7009: br i1 %.not.i29, label %bb2.i31, label %bb3.i30
step user bb3.i30 7012: store i64 %_65.sroa.0.0, ptr %_0, align 8
step user bb3.i30 7013: %_65.sroa.6.0._0.sroa_idx = getelementptr inbounds nuw i8, ptr %_0, i64 8
step user bb3.i30 7014: call void @llvm.memcpy.p0.p0.i64(ptr noundef nonnull align 8 dereferenceable(24) %_65.sroa.6.0._0.sroa_idx, ptr noundef nonnull align 8 dereferenceable(24) %_3.sroa.5.i, i64 24, i1 false)
step user bb3.i30 7015: br label %"_ZN4core6option43Option$LT$core..option..Option$LT$T$GT$$GT$7flatten17h1b6d7a86a73d624fE.exit"
step user "_ZN4core6option43Option$LT$core..option..Option$LT$T$GT$$GT$7flatten17h1b6d7a86a73d624fE.exit" 7022: call void @llvm.experimental.noalias.scope.decl(metadata !8320)
step user "_ZN4core6option43Option$LT$core..option..Option$LT$T$GT$$GT$7flatten17h1b6d7a86a73d624fE.exit" 7023: call void @llvm.experimental.noalias.scope.decl(metadata !8323)
step user "_ZN4core6option43Option$LT$core..option..Option$LT$T$GT$$GT$7flatten17h1b6d7a86a73d624fE.exit" 7024: %_5.i.i32 = load ptr, ptr %val1.sroa.4.0.top.sroa_idx, align 8
step user "_ZN4core6option43Option$LT$core..option..Option$LT$T$GT$$GT$7flatten17h1b6d7a86a73d624fE.exit" 7025: %29 = getelementptr inbounds nuw i8, ptr %top, i64 16
step user "_ZN4core6option43Option$LT$core..option..Option$LT$T$GT$$GT$7flatten17h1b6d7a86a73d624fE.exit" 7026: %len.i.i = load i64, ptr %29, align 8
step user "_ZN4core6option43Option$LT$core..option..Option$LT$T$GT$$GT$7flatten17h1b6d7a86a73d624fE.exit" 7028: call fastcc void @"_ZN4core3ptr53drop_in_place$LT$$u5b$check..knownbits..Node$u5d$$GT$17hce9f93d50e4ddff9E"(ptr noalias noundef nonnull align 8 %_5.i.i32, i64 noundef %len.i.i) #40
step user start 1164: %_73 = icmp eq i64 %_1.1, 0
step user start 1165: br i1 %_73, label %bb1, label %bb2
step user bb1 1201: ret void
step user "_ZN4core6option43Option$LT$core..option..Option$LT$T$GT$$GT$7flatten17h1b6d7a86a73d624fE.exit" 7030: call void @"_ZN5alloc7raw_vec20RawVecInner$LT$A$GT$10deallocate17h1ab787cdb4e63fb3E"(ptr noalias noundef nonnull align 8 dereferenceable(24) %top, i64 noundef 8, i64 noundef 32) #40
step gimli 3 2568: %4 = alloca i64, align 8
step gimli 3 2569: %5 = alloca i64, align 8
step gimli 3 2570: call void @llvm.lifetime.start.p0(i64 8, ptr nonnull %4)
step gimli 3 2571: call void @llvm.lifetime.start.p0(i64 8, ptr nonnull %5)
step gimli 3 2572: tail call void @llvm.experimental.noalias.scope.decl(metadata !101)
step gimli 3 2573: tail call void @llvm.experimental.noalias.scope.decl(metadata !104)
step gimli 3 2574: %6 = icmp eq i64 %2, 0
step gimli 3 2575: br i1 %6, label %14, label %7
step gimli 7 2578: %8 = load i64, ptr %0, align 8
step gimli 7 2579: %9 = icmp eq i64 %8, 0
step gimli 7 2580: br i1 %9, label %14, label %10
step gimli 10 2583: %11 = mul nuw i64 %8, %2
step gimli 10 2584: %12 = getelementptr inbounds nuw i8, ptr %0, i64 8
step gimli 10 2585: %13 = load ptr, ptr %12, align 8
step gimli 10 2586: store i64 %1, ptr %4, align 8
step gimli 10 2587: br label %14
step gimli 14 2593: store i64 %17, ptr %16, align 8
step gimli 14 2594: %18 = load i64, ptr %4, align 8
step gimli 14 2595: %19 = icmp eq i64 %18, 0
step gimli 14 2596: br i1 %19, label %25, label %20
step gimli 20 2599: %21 = icmp ne ptr %15, null
step gimli 20 2600: tail call void @llvm.assume(i1 %21)
step gimli 20 2601: %22 = load i64, ptr %5, align 8
step gimli 20 2602: %23 = icmp eq i64 %22, 0
step gimli 20 2603: br i1 %23, label %25, label %24
step gimli 24 2606: tail call void @_RNvCs1Y7DaGC1cwg_7___rustc14___rust_dealloc(ptr noundef nonnull %15, i64 noundef %22, i64 noundef range(i64 1, -9223372036854775807) %18) #37
step gimli 24 2607: br label %25
step gimli 25 2610: call void @llvm.lifetime.end.p0(i64 8, ptr nonnull %4)
step gimli 25 2611: call void @llvm.lifetime.end.p0(i64 8, ptr nonnull %5)
step gimli 25 2612: ret void
step user "_ZN4core6option43Option$LT$core..option..Option$LT$T$GT$$GT$7flatten17h1b6d7a86a73d624fE.exit" 7031: call void @llvm.lifetime.end.p0(i64 24, ptr nonnull %top)
step user "_ZN4core6option43Option$LT$core..option..Option$LT$T$GT$$GT$7flatten17h1b6d7a86a73d624fE.exit" 7033: call void @"_ZN70_$LT$alloc..vec..Vec$LT$T$C$A$GT$$u20$as$u20$core..ops..drop..Drop$GT$4drop17h14333928fc26a391E"(ptr noalias noundef nonnull align 8 dereferenceable(24) %atom) #40
step gimli 1 19190: ret void
step user "_ZN4core6option43Option$LT$core..option..Option$LT$T$GT$$GT$7flatten17h1b6d7a86a73d624fE.exit" 7035: call void @"_ZN77_$LT$alloc..raw_vec..RawVec$LT$T$C$A$GT$$u20$as$u20$core..ops..drop..Drop$GT$4drop17h3a64b8460906f4f4E"(ptr noalias noundef nonnull align 8 dereferenceable(24) %atom) #40
step gimli 1 19330: tail call void @"_ZN5alloc7raw_vec20RawVecInner$LT$A$GT$10deallocate17h1ab787cdb4e63fb3E"(ptr noalias noundef nonnull align 8 dereferenceable(16) %0, i64 noundef 1, i64 noundef 1)
step gimli 3 2568: %4 = alloca i64, align 8
step gimli 3 2569: %5 = alloca i64, align 8
step gimli 3 2570: call void @llvm.lifetime.start.p0(i64 8, ptr nonnull %4)
step gimli 3 2571: call void @llvm.lifetime.start.p0(i64 8, ptr nonnull %5)
step gimli 3 2572: tail call void @llvm.experimental.noalias.scope.decl(metadata !101)
step gimli 3 2573: tail call void @llvm.experimental.noalias.scope.decl(metadata !104)
step gimli 3 2574: %6 = icmp eq i64 %2, 0
step gimli 3 2575: br i1 %6, label %14, label %7
step gimli 7 2578: %8 = load i64, ptr %0, align 8
step gimli 7 2579: %9 = icmp eq i64 %8, 0
step gimli 7 2580: br i1 %9, label %14, label %10
step gimli 14 2593: store i64 %17, ptr %16, align 8
step gimli 14 2594: %18 = load i64, ptr %4, align 8
step gimli 14 2595: %19 = icmp eq i64 %18, 0
step gimli 14 2596: br i1 %19, label %25, label %20
step gimli 25 2610: call void @llvm.lifetime.end.p0(i64 8, ptr nonnull %4)
step gimli 25 2611: call void @llvm.lifetime.end.p0(i64 8, ptr nonnull %5)
step gimli 25 2612: ret void
step gimli 1 19331: ret void
step user "_ZN4core6option43Option$LT$core..option..Option$LT$T$GT$$GT$7flatten17h1b6d7a86a73d624fE.exit" 7036: call void @llvm.lifetime.end.p0(i64 24, ptr nonnull %atom)
step user "_ZN4core6option43Option$LT$core..option..Option$LT$T$GT$$GT$7flatten17h1b6d7a86a73d624fE.exit" 7037: call void @llvm.experimental.noalias.scope.decl(metadata !8346)
step user "_ZN4core6option43Option$LT$core..option..Option$LT$T$GT$$GT$7flatten17h1b6d7a86a73d624fE.exit" 7038: call void @llvm.experimental.noalias.scope.decl(metadata !8350)
step user "_ZN4core6option43Option$LT$core..option..Option$LT$T$GT$$GT$7flatten17h1b6d7a86a73d624fE.exit" 7039: %_5.i.i33 = load ptr, ptr %12, align 8
step user "_ZN4core6option43Option$LT$core..option..Option$LT$T$GT$$GT$7flatten17h1b6d7a86a73d624fE.exit" 7040: %len.i.i34 = load i64, ptr %13, align 8
step user "_ZN4core6option43Option$LT$core..option..Option$LT$T$GT$$GT$7flatten17h1b6d7a86a73d624fE.exit" 7041: %_73.i.i.i = icmp eq i64 %len.i.i34, 0
step user "_ZN4core6option43Option$LT$core..option..Option$LT$T$GT$$GT$7flatten17h1b6d7a86a73d624fE.exit" 7042: br i1 %_73.i.i.i, label %"_ZN4core3ptr89drop_in_place$LT$alloc..vec..Vec$LT$alloc..vec..Vec$LT$check..knownbits..Node$GT$$GT$$GT$17h280de0b4ec313b82E.exit", label %bb2.i.i.i35
step user "_ZN4core3ptr89drop_in_place$LT$alloc..vec..Vec$LT$alloc..vec..Vec$LT$check..knownbits..Node$GT$$GT$$GT$17h280de0b4ec313b82E.exit" 7063: call void @"_ZN5alloc7raw_vec20RawVecInner$LT$A$GT$10deallocate17h1ab787cdb4e63fb3E"(ptr noalias noundef nonnull align 8 dereferenceable(24) %stack, i64 noundef 8, i64 noundef 24) #40
step gimli 3 2568: %4 = alloca i64, align 8
step gimli 3 2569: %5 = alloca i64, align 8
step gimli 3 2570: call void @llvm.lifetime.start.p0(i64 8, ptr nonnull %4)
step gimli 3 2571: call void @llvm.lifetime.start.p0(i64 8, ptr nonnull %5)
step gimli 3 2572: tail call void @llvm.experimental.noalias.scope.decl(metadata !101)
step gimli 3 2573: tail call void @llvm.experimental.noalias.scope.decl(metadata !104)
step gimli 3 2574: %6 = icmp eq i64 %2, 0
step gimli 3 2575: br i1 %6, label %14, label %7
step gimli 7 2578: %8 = load i64, ptr %0, align 8
step gimli 7 2579: %9 = icmp eq i64 %8, 0
step gimli 7 2580: br i1 %9, label %14, label %10
step gimli 10 2583: %11 = mul nuw i64 %8, %2
step gimli 10 2584: %12 = getelementptr inbounds nuw i8, ptr %0, i64 8
step gimli 10 2585: %13 = load ptr, ptr %12, align 8
step gimli 10 2586: store i64 %1, ptr %4, align 8
step gimli 10 2587: br label %14
step gimli 14 2593: store i64 %17, ptr %16, align 8
step gimli 14 2594: %18 = load i64, ptr %4, align 8
step gimli 14 2595: %19 = icmp eq i64 %18, 0
step gimli 14 2596: br i1 %19, label %25, label %20
step gimli 20 2599: %21 = icmp ne ptr %15, null
step gimli 20 2600: tail call void @llvm.assume(i1 %21)
step gimli 20 2601: %22 = load i64, ptr %5, align 8
step gimli 20 2602: %23 = icmp eq i64 %22, 0
step gimli 20 2603: br i1 %23, label %25, label %24
step gimli 24 2606: tail call void @_RNvCs1Y7DaGC1cwg_7___rustc14___rust_dealloc(ptr noundef nonnull %15, i64 noundef %22, i64 noundef range(i64 1, -9223372036854775807) %18) #37
step gimli 24 2607: br label %25
step gimli 25 2610: call void @llvm.lifetime.end.p0(i64 8, ptr nonnull %4)
step gimli 25 2611: call void @llvm.lifetime.end.p0(i64 8, ptr nonnull %5)
step gimli 25 2612: ret void
step user "_ZN4core3ptr89drop_in_place$LT$alloc..vec..Vec$LT$alloc..vec..Vec$LT$check..knownbits..Node$GT$$GT$$GT$17h280de0b4ec313b82E.exit" 7064: call void @llvm.lifetime.end.p0(i64 24, ptr nonnull %stack)
step user "_ZN4core3ptr89drop_in_place$LT$alloc..vec..Vec$LT$alloc..vec..Vec$LT$check..knownbits..Node$GT$$GT$$GT$17h280de0b4ec313b82E.exit" 7065: br label %bb62
step user bb62 7068: ret void
step user "_ZN5alloc3str56_$LT$impl$u20$alloc..borrow..ToOwned$u20$for$u20$str$GT$8to_owned17hfd8770c0e3926be2E.exit.i" 15950: call void @llvm.experimental.noalias.scope.decl(metadata !18125)
step user "_ZN5alloc3str56_$LT$impl$u20$alloc..borrow..ToOwned$u20$for$u20$str$GT$8to_owned17hfd8770c0e3926be2E.exit.i" 15951: call void @llvm.experimental.noalias.scope.decl(metadata !18129)
step user "_ZN5alloc3str56_$LT$impl$u20$alloc..borrow..ToOwned$u20$for$u20$str$GT$8to_owned17hfd8770c0e3926be2E.exit.i" 15952: %29 = load i64, ptr %_12.i, align 8
step user "_ZN5alloc3str56_$LT$impl$u20$alloc..borrow..ToOwned$u20$for$u20$str$GT$8to_owned17hfd8770c0e3926be2E.exit.i" 15953: %.not.i.i = icmp eq i64 %29, 2
step user "_ZN5alloc3str56_$LT$impl$u20$alloc..borrow..ToOwned$u20$for$u20$str$GT$8to_owned17hfd8770c0e3926be2E.exit.i" 15954: br i1 %.not.i.i, label %bb2.i.i, label %"_ZN4core6option15Option$LT$T$GT$6unwrap17hcda9ae730b0fcf0aE.exit.i"
step user "_ZN4core6option15Option$LT$T$GT$6unwrap17hcda9ae730b0fcf0aE.exit.i" 15962: call void @llvm.memcpy.p0.p0.i64(ptr noundef nonnull align 8 dereferenceable(32) %node.i, ptr noundef nonnull readonly align 8 dereferenceable(32) %_12.i, i64 32, i1 false)
step user "_ZN4core6option15Option$LT$T$GT$6unwrap17hcda9ae730b0fcf0aE.exit.i" 15963: call void @llvm.lifetime.end.p0(i64 32, ptr nonnull %_12.i)
step user "_ZN4core6option15Option$LT$T$GT$6unwrap17hcda9ae730b0fcf0aE.exit.i" 15964: call void @llvm.lifetime.start.p0(i64 96, ptr nonnull %_2.i.i)
step user "_ZN4core6option15Option$LT$T$GT$6unwrap17hcda9ae730b0fcf0aE.exit.i" 15966: call fastcc void @_ZN5check9knownbits10Simplifier5known17h123e57a89d7d8b70E(ptr noalias noundef sret([96 x i8]) align 16 captures(address) dereferenceable(96) %_2.i.i, ptr noalias noundef align 8 dereferenceable(40) %s.i, ptr noalias noundef readonly align 8 captures(address, read_provenance) dereferenceable(32) %node.i) #40
step user start 6171: %_41 = alloca [24 x i8], align 8
step user start 6172: %_40 = alloca [96 x i8], align 16
step user start 6173: %body = alloca [8 x i8], align 8
step user start 6174: %_30 = alloca [96 x i8], align 16
step user start 6175: %_6 = alloca [32 x i8], align 16
step user start 6176: %0 = getelementptr inbounds nuw i8, ptr %self, i64 32
step user start 6177: %_2.i = load i64, ptr %0, align 8
step user start 6178: %.not20 = icmp eq i64 %_2.i, 0
step user start 6179: br i1 %.not20, label %bb3, label %bb3.i
step user bb3.i 6182: %_3.0.i = add i64 %_2.i, -1
step user bb3.i 6183: store i64 %_3.0.i, ptr %0, align 8
step user bb3.i 6184: %_4 = load i64, ptr %node, align 8
step user bb3.i 6185: %1 = trunc nuw i64 %_4 to i1
step user bb3.i 6186: br i1 %1, label %bb5, label %bb6
step user bb5 6196: %2 = getelementptr inbounds nuw i8, ptr %node, i64 16
step user bb5 6197: %_5.i = load ptr, ptr %2, align 8
step user bb5 6198: %3 = getelementptr inbounds nuw i8, ptr %node, i64 24
step user bb5 6199: %_4.i = load i64, ptr %3, align 8
step user bb5 6201: tail call fastcc void @_ZN5check9knownbits10Simplifier10known_list17hadcdf964e977342dE(ptr noalias noundef sret([96 x i8]) align 16 captures(address) dereferenceable(96) %known, ptr noalias noundef align 8 dereferenceable(40) %self, ptr noalias noundef readonly align 8 captures(address, read_provenance) dereferenceable(32) %node, ptr noalias noundef nonnull readonly align 8 captures(address, read_provenance) %_5.i, i64 noundef %_4.i) #40
step user start 3808: %_4.i.i.i.i495 = alloca [16 x i8], align 8
step user start 3809: %_4.i.i.i.i494 = alloca [16 x i8], align 8
step user start 3810: %0 = alloca [80 x i8], align 16
step user start 3811: %1 = alloca [80 x i8], align 16
step user start 3812: %2 = alloca [80 x i8], align 16
step user start 3813: %3 = alloca [80 x i8], align 16
step user start 3814: %4 = alloca [80 x i8], align 16
step user start 3815: %5 = alloca [32 x i8], align 16
step user start 3816: %_343 = alloca [32 x i8], align 8
step user start 3817: %_342.sroa.7 = alloca [24 x i8], align 8
step user start 3818: %value = alloca [32 x i8], align 8
step user start 3819: %_331 = alloca [72 x i8], align 8
step user start 3820: %_321 = alloca [96 x i8], align 16
step user start 3821: %_320.sroa.5 = alloca [64 x i8], align 16
step user start 3822: %_320.sroa.8 = alloca [12 x i8], align 4
step user start 3823: %_313 = alloca [96 x i8], align 16
step user start 3824: %_312.sroa.5 = alloca [64 x i8], align 16
step user start 3825: %_312.sroa.8 = alloca [12 x i8], align 4
step user start 3826: %b11 = alloca [80 x i8], align 16
step user start 3827: %a10 = alloca [80 x i8], align 16
step user start 3828: %c9 = alloca [24 x i8], align 8
step user start 3829: %c = alloca [24 x i8], align 8
step user start 3830: %condition = alloca [32 x i8], align 8
step user start 3831: %_260 = alloca [80 x i8], align 16
step user start 3832: %_259 = alloca [80 x i8], align 16
step user start 3833: %_245 = alloca [80 x i8], align 16
step user start 3834: %k8 = alloca [80 x i8], align 16
step user start 3835: %_234 = alloca [80 x i8], align 16
step user start 3836: %b7.sroa.0 = alloca [32 x i8], align 16
step user start 3837: %b7.sroa.9.sroa.3 = alloca [12 x i8], align 4
step user start 3838: %a6.sroa.0 = alloca [32 x i8], align 16
step user start 3839: %a6.sroa.12.sroa.6 = alloca [12 x i8], align 4
step user start 3840: %b = alloca [96 x i8], align 16
step user start 3841: %a5 = alloca [96 x i8], align 16
step user start 3842: %a = alloca [80 x i8], align 16
step user start 3843: %_214 = alloca [80 x i8], align 16
step user start 3844: %k4 = alloca [80 x i8], align 16
step user start 3845: %_206.sroa.8 = alloca [80 x i8], align 16
step user start 3846: %_192 = alloca [96 x i8], align 16
step user start 3847: %known = alloca [24 x i8], align 8
step user start 3848: %k.sroa.10 = alloca [12 x i8], align 4
step user start 3849: %_168 = alloca [96 x i8], align 16
step user start 3850: %_167.sroa.5.sroa.9 = alloca [12 x i8], align 4
step user start 3851: %_159 = alloca [80 x i8], align 16
step user start 3852: %_158 = alloca [80 x i8], align 16
step user start 3853: %_150 = alloca [96 x i8], align 16
step user start 3854: %_149.sroa.5 = alloca [64 x i8], align 16
step user start 3855: %_149.sroa.8 = alloca [12 x i8], align 4
step user start 3856: %_142 = alloca [96 x i8], align 16
step user start 3857: %number = alloca [8 x i8], align 8
step user start 3858: %_41 = alloca [96 x i8], align 16
step user start 3859: %words = alloca [24 x i8], align 8
step user start 3860: %_8 = alloca [24 x i8], align 8
step user start 3861: call void @llvm.lifetime.start.p0(i64 24, ptr nonnull %_8)
step user start 3863: call fastcc void @_ZN5check9knownbits6render17h22028b1fc539a593E(ptr noalias noundef sret([24 x i8]) align 8 captures(address) dereferenceable(24) %_8, ptr noalias noundef readonly align 8 captures(address, read_provenance) dereferenceable(32) %node) #40
step user start 7768: %_5.i.i2.i = alloca [24 x i8], align 8
step user start 7769: %_4.i.i = alloca [24 x i8], align 8
step user start 7770: %args = alloca [16 x i8], align 8
step user start 7771: %_12 = alloca [24 x i8], align 8
step user start 7772: %parts = alloca [24 x i8], align 8
step user start 7773: %_2 = load i64, ptr %node, align 8
step user start 7774: %0 = trunc nuw i64 %_2 to i1
step user start 7775: br i1 %0, label %bb2, label %bb3
step user bb2 7778: call void @llvm.lifetime.start.p0(i64 24, ptr nonnull %parts)
step user bb2 7779: %1 = getelementptr inbounds nuw i8, ptr %node, i64 16
step user bb2 7780: %_5.i = load ptr, ptr %1, align 8
step user bb2 7781: %2 = getelementptr inbounds nuw i8, ptr %node, i64 24
step user bb2 7782: %_4.i = load i64, ptr %2, align 8
step user bb2 7783: call void @llvm.lifetime.start.p0(i64 24, ptr nonnull %_4.i.i)
step user bb2 7785: call void @"_ZN5alloc7raw_vec20RawVecInner$LT$A$GT$15try_allocate_in17hc67d7bda7bd87c69E"(ptr noalias noundef sret([24 x i8]) align 8 captures(none) dereferenceable(24) %_4.i.i, i64 noundef %_4.i, i1 noundef zeroext false, i64 noundef 8, i64 noundef 24) #40
step gimli 5 4126: %6 = add i64 %3, -1
step gimli 5 4127: %7 = add nuw i64 %6, %4
step gimli 5 4128: %8 = sub i64 0, %3
step gimli 5 4129: %9 = and i64 %7, %8
step gimli 5 4130: %10 = tail call { i64, i1 } @llvm.umul.with.overflow.i64(i64 %9, i64 %1)
step gimli 5 4131: %11 = extractvalue { i64, i1 } %10, 0
step gimli 5 4132: %12 = extractvalue { i64, i1 } %10, 1
step gimli 5 4133: %13 = sub nuw i64 -9223372036854775808, %3
step gimli 5 4134: %14 = icmp ugt i64 %11, %13
step gimli 5 4135: %15 = select i1 %12, i1 true, i1 %14
step gimli 5 4136: br i1 %15, label %16, label %18
step gimli 18 4144: %19 = icmp eq i64 %11, 0
step gimli 18 4145: br i1 %19, label %20, label %24
step gimli 24 4156: tail call void @_RNvCs1Y7DaGC1cwg_7___rustc35___rust_no_alloc_shim_is_unstable_v2() #37
step gimli 24 4157: br i1 %2, label %27, label %29
step gimli 29 4169: %30 = tail call noundef ptr @_RNvCs1Y7DaGC1cwg_7___rustc12___rust_alloc(i64 noundef %11, i64 noundef range(i64 1, -9223372036854775807) %3) #37
step gimli 29 4170: br label %31
step gimli 31 4174: %33 = icmp eq ptr %32, null
step gimli 31 4175: br i1 %33, label %34, label %37
step gimli 37 4185: %38 = icmp sgt i64 %1, -1
step gimli 37 4186: tail call void @llvm.assume(i1 %38)
step gimli 37 4187: %39 = getelementptr inbounds nuw i8, ptr %0, i64 8
step gimli 37 4188: store i64 %1, ptr %39, align 8
step gimli 37 4189: %40 = getelementptr inbounds nuw i8, ptr %0, i64 16
step gimli 37 4190: store ptr %32, ptr %40, align 8
step gimli 37 4191: br label %25
step gimli 25 4161: store i64 %26, ptr %0, align 8
step gimli 25 4162: ret void
step user bb2 7786: %_5.i.i3 = load i64, ptr %_4.i.i, align 8
step user bb2 7787: %3 = trunc nuw i64 %_5.i.i3 to i1
step user bb2 7788: %4 = getelementptr inbounds nuw i8, ptr %_4.i.i, i64 8
step user bb2 7789: %err.0.i.i = load i64, ptr %4, align 8
step user bb2 7790: %5 = getelementptr inbounds nuw i8, ptr %_4.i.i, i64 16
step user bb2 7791: br i1 %3, label %bb3.i.i, label %"_ZN111_$LT$alloc..vec..Vec$LT$T$GT$$u20$as$u20$alloc..vec..spec_from_iter_nested..SpecFromIterNested$LT$T$C$I$GT$$GT$9from_iter17h0ebe56336b608dd8E.exit"
step user "_ZN111_$LT$alloc..vec..Vec$LT$T$GT$$u20$as$u20$alloc..vec..spec_from_iter_nested..SpecFromIterNested$LT$T$C$I$GT$$GT$9from_iter17h0ebe56336b608dd8E.exit" 7800: %this.1.i.i = load ptr, ptr %5, align 8
step user "_ZN111_$LT$alloc..vec..Vec$LT$T$GT$$u20$as$u20$alloc..vec..spec_from_iter_nested..SpecFromIterNested$LT$T$C$I$GT$$GT$9from_iter17h0ebe56336b608dd8E.exit" 7801: %_7.i.i = icmp samesign ule i64 %_4.i, %err.0.i.i
step user "_ZN111_$LT$alloc..vec..Vec$LT$T$GT$$u20$as$u20$alloc..vec..spec_from_iter_nested..SpecFromIterNested$LT$T$C$I$GT$$GT$9from_iter17h0ebe56336b608dd8E.exit" 7802: tail call void @llvm.assume(i1 %_7.i.i)
step user "_ZN111_$LT$alloc..vec..Vec$LT$T$GT$$u20$as$u20$alloc..vec..spec_from_iter_nested..SpecFromIterNested$LT$T$C$I$GT$$GT$9from_iter17h0ebe56336b608dd8E.exit" 7803: call void @llvm.lifetime.end.p0(i64 24, ptr nonnull %_4.i.i)
step user "_ZN111_$LT$alloc..vec..Vec$LT$T$GT$$u20$as$u20$alloc..vec..spec_from_iter_nested..SpecFromIterNested$LT$T$C$I$GT$$GT$9from_iter17h0ebe56336b608dd8E.exit" 7804: %6 = icmp eq i64 %_4.i, 0
step user "_ZN111_$LT$alloc..vec..Vec$LT$T$GT$$u20$as$u20$alloc..vec..spec_from_iter_nested..SpecFromIterNested$LT$T$C$I$GT$$GT$9from_iter17h0ebe56336b608dd8E.exit" 7805: br i1 %6, label %"_ZN5alloc3vec16Vec$LT$T$C$A$GT$14extend_trusted17hfe3cc4b1aa58378bE.exit", label %bb9.i.i.i
step user bb9.i.i.i 7810: %_46.i.i.i = getelementptr inbounds nuw %"knownbits::Node", ptr %_5.i, i64 %i.sroa.0.0.i.i.i
step user bb9.i.i.i 7811: call void @llvm.lifetime.start.p0(i64 24, ptr nonnull %_5.i.i2.i)
step user bb9.i.i.i 7813: call fastcc void @_ZN5check9knownbits6render17h22028b1fc539a593E(ptr noalias noundef nonnull sret([24 x i8]) align 8 captures(address) dereferenceable(24) %_5.i.i2.i, ptr noalias noundef nonnull readonly align 8 captures(address, read_provenance) dereferenceable(32) %_46.i.i.i) #40
step user start 7768: %_5.i.i2.i = alloca [24 x i8], align 8
step user start 7769: %_4.i.i = alloca [24 x i8], align 8
step user start 7770: %args = alloca [16 x i8], align 8
step user start 7771: %_12 = alloca [24 x i8], align 8
step user start 7772: %parts = alloca [24 x i8], align 8
step user start 7773: %_2 = load i64, ptr %node, align 8
step user start 7774: %0 = trunc nuw i64 %_2 to i1
step user start 7775: br i1 %0, label %bb2, label %bb3
step user bb3 7871: %a = getelementptr inbounds nuw i8, ptr %node, i64 8
step user bb3 7873: tail call void @"_ZN60_$LT$alloc..string..String$u20$as$u20$core..clone..Clone$GT$5clone17h63ce91eef5c8ab48E"(ptr noalias noundef sret([24 x i8]) align 8 captures(none) dereferenceable(24) %_0, ptr noalias noundef readonly align 8 captures(address, read_provenance) dereferenceable(24) %a) #40
step alloc 2 7895: %3 = getelementptr inbounds nuw i8, ptr %1, i64 8
step alloc 2 7896: %4 = load ptr, ptr %3, align 8
step alloc 2 7897: %5 = getelementptr inbounds nuw i8, ptr %1, i64 16
step alloc 2 7898: %6 = load i64, ptr %5, align 8
step alloc 2 7899: %7 = icmp eq i64 %6, 0
step alloc 2 7900: br i1 %7, label %14, label %8
step alloc 8 7903: tail call void @_RNvCs1Y7DaGC1cwg_7___rustc35___rust_no_alloc_shim_is_unstable_v2() #34
step alloc 8 7904: %9 = tail call noundef ptr @_RNvCs1Y7DaGC1cwg_7___rustc12___rust_alloc(i64 noundef range(i64 0, -9223372036854775808) %6, i64 noundef range(i64 1, -9223372036854775807) 1) #34
step alloc 8 7905: %10 = icmp eq ptr %9, null
step alloc 8 7906: br i1 %10, label %13, label %11
step alloc 11 7909: %12 = ptrtoint ptr %9 to i64
step alloc 11 7910: br label %14
step alloc 14 7918: %16 = inttoptr i64 %15 to ptr
step alloc 14 7919: tail call void @llvm.memcpy.p0.p0.i64(ptr align 1 %16, ptr nonnull readonly align 1 %4, i64 range(i64 0, -9223372036854775808) %6, i1 false)
step alloc 14 7920: store i64 %6, ptr %0, align 8
step alloc 14 7921: %17 = getelementptr inbounds nuw i8, ptr %0, i64 8
step alloc 14 7922: store ptr %16, ptr %17, align 8
step alloc 14 7923: %18 = getelementptr inbounds nuw i8, ptr %0, i64 16
step alloc 14 7924: store i64 %6, ptr %18, align 8
step alloc 14 7925: ret void
step user bb3 7874: br label %bb16
step user bb16 7877: ret void
step user bb9.i.i.i 7814: %_3.i.i.i.i.i = getelementptr inbounds nuw %"alloc::string::String", ptr %this.1.i.i, i64 %_5.i.sroa.5.0.i
step user bb9.i.i.i 7815: call void @llvm.memcpy.p0.p0.i64(ptr noundef nonnull align 8 dereferenceable(24) %_3.i.i.i.i.i, ptr noundef nonnull readonly align 8 dereferenceable(24) %_5.i.i2.i, i64 24, i1 false)
step user bb9.i.i.i 7816: %7 = add i64 %_5.i.sroa.5.0.i, 1
step user bb9.i.i.i 7817: call void @llvm.lifetime.end.p0(i64 24, ptr nonnull %_5.i.i2.i)
step user bb9.i.i.i 7818: %_27.i.i.i = add nuw i64 %i.sroa.0.0.i.i.i, 1
step user bb9.i.i.i 7819: %_28.i.i.i = icmp eq i64 %_27.i.i.i, %_4.i
step user bb9.i.i.i 7820: br i1 %_28.i.i.i, label %"_ZN5alloc3vec16Vec$LT$T$C$A$GT$14extend_trusted17hfe3cc4b1aa58378bE.exit", label %bb9.i.i.i
step user bb9.i.i.i 7810: %_46.i.i.i = getelementptr inbounds nuw %"knownbits::Node", ptr %_5.i, i64 %i.sroa.0.0.i.i.i
step user bb9.i.i.i 7811: call void @llvm.lifetime.start.p0(i64 24, ptr nonnull %_5.i.i2.i)
step user bb9.i.i.i 7813: call fastcc void @_ZN5check9knownbits6render17h22028b1fc539a593E(ptr noalias noundef nonnull sret([24 x i8]) align 8 captures(address) dereferenceable(24) %_5.i.i2.i, ptr noalias noundef nonnull readonly align 8 captures(address, read_provenance) dereferenceable(32) %_46.i.i.i) #40
step user start 7768: %_5.i.i2.i = alloca [24 x i8], align 8
step user start 7769: %_4.i.i = alloca [24 x i8], align 8
step user start 7770: %args = alloca [16 x i8], align 8
step user start 7771: %_12 = alloca [24 x i8], align 8
step user start 7772: %parts = alloca [24 x i8], align 8
step user start 7773: %_2 = load i64, ptr %node, align 8
step user start 7774: %0 = trunc nuw i64 %_2 to i1
step user start 7775: br i1 %0, label %bb2, label %bb3
step user bb3 7871: %a = getelementptr inbounds nuw i8, ptr %node, i64 8
step user bb3 7873: tail call void @"_ZN60_$LT$alloc..string..String$u20$as$u20$core..clone..Clone$GT$5clone17h63ce91eef5c8ab48E"(ptr noalias noundef sret([24 x i8]) align 8 captures(none) dereferenceable(24) %_0, ptr noalias noundef readonly align 8 captures(address, read_provenance) dereferenceable(24) %a) #40
step alloc 2 7895: %3 = getelementptr inbounds nuw i8, ptr %1, i64 8
step alloc 2 7896: %4 = load ptr, ptr %3, align 8
step alloc 2 7897: %5 = getelementptr inbounds nuw i8, ptr %1, i64 16
step alloc 2 7898: %6 = load i64, ptr %5, align 8
step alloc 2 7899: %7 = icmp eq i64 %6, 0
step alloc 2 7900: br i1 %7, label %14, label %8
step alloc 8 7903: tail call void @_RNvCs1Y7DaGC1cwg_7___rustc35___rust_no_alloc_shim_is_unstable_v2() #34
step alloc 8 7904: %9 = tail call noundef ptr @_RNvCs1Y7DaGC1cwg_7___rustc12___rust_alloc(i64 noundef range(i64 0, -9223372036854775808) %6, i64 noundef range(i64 1, -9223372036854775807) 1) #34
step alloc 8 7905: %10 = icmp eq ptr %9, null
step alloc 8 7906: br i1 %10, label %13, label %11
step alloc 11 7909: %12 = ptrtoint ptr %9 to i64
step alloc 11 7910: br label %14
step alloc 14 7918: %16 = inttoptr i64 %15 to ptr
step alloc 14 7919: tail call void @llvm.memcpy.p0.p0.i64(ptr align 1 %16, ptr nonnull readonly align 1 %4, i64 range(i64 0, -9223372036854775808) %6, i1 false)
step alloc 14 7920: store i64 %6, ptr %0, align 8
step alloc 14 7921: %17 = getelementptr inbounds nuw i8, ptr %0, i64 8
step alloc 14 7922: store ptr %16, ptr %17, align 8
step alloc 14 7923: %18 = getelementptr inbounds nuw i8, ptr %0, i64 16
step alloc 14 7924: store i64 %6, ptr %18, align 8
step alloc 14 7925: ret void
step user bb3 7874: br label %bb16
step user bb16 7877: ret void
step user bb9.i.i.i 7814: %_3.i.i.i.i.i = getelementptr inbounds nuw %"alloc::string::String", ptr %this.1.i.i, i64 %_5.i.sroa.5.0.i
step user bb9.i.i.i 7815: call void @llvm.memcpy.p0.p0.i64(ptr noundef nonnull align 8 dereferenceable(24) %_3.i.i.i.i.i, ptr noundef nonnull readonly align 8 dereferenceable(24) %_5.i.i2.i, i64 24, i1 false)
step user bb9.i.i.i 7816: %7 = add i64 %_5.i.sroa.5.0.i, 1
step user bb9.i.i.i 7817: call void @llvm.lifetime.end.p0(i64 24, ptr nonnull %_5.i.i2.i)
step user bb9.i.i.i 7818: %_27.i.i.i = add nuw i64 %i.sroa.0.0.i.i.i, 1
step user bb9.i.i.i 7819: %_28.i.i.i = icmp eq i64 %_27.i.i.i, %_4.i
step user bb9.i.i.i 7820: br i1 %_28.i.i.i, label %"_ZN5alloc3vec16Vec$LT$T$C$A$GT$14extend_trusted17hfe3cc4b1aa58378bE.exit", label %bb9.i.i.i
step user bb9.i.i.i 7810: %_46.i.i.i = getelementptr inbounds nuw %"knownbits::Node", ptr %_5.i, i64 %i.sroa.0.0.i.i.i
step user bb9.i.i.i 7811: call void @llvm.lifetime.start.p0(i64 24, ptr nonnull %_5.i.i2.i)
step user bb9.i.i.i 7813: call fastcc void @_ZN5check9knownbits6render17h22028b1fc539a593E(ptr noalias noundef nonnull sret([24 x i8]) align 8 captures(address) dereferenceable(24) %_5.i.i2.i, ptr noalias noundef nonnull readonly align 8 captures(address, read_provenance) dereferenceable(32) %_46.i.i.i) #40
step user start 7768: %_5.i.i2.i = alloca [24 x i8], align 8
step user start 7769: %_4.i.i = alloca [24 x i8], align 8
step user start 7770: %args = alloca [16 x i8], align 8
step user start 7771: %_12 = alloca [24 x i8], align 8
step user start 7772: %parts = alloca [24 x i8], align 8
step user start 7773: %_2 = load i64, ptr %node, align 8
step user start 7774: %0 = trunc nuw i64 %_2 to i1
step user start 7775: br i1 %0, label %bb2, label %bb3
step user bb2 7778: call void @llvm.lifetime.start.p0(i64 24, ptr nonnull %parts)
step user bb2 7779: %1 = getelementptr inbounds nuw i8, ptr %node, i64 16
step user bb2 7780: %_5.i = load ptr, ptr %1, align 8
step user bb2 7781: %2 = getelementptr inbounds nuw i8, ptr %node, i64 24
step user bb2 7782: %_4.i = load i64, ptr %2, align 8
step user bb2 7783: call void @llvm.lifetime.start.p0(i64 24, ptr nonnull %_4.i.i)
step user bb2 7785: call void @"_ZN5alloc7raw_vec20RawVecInner$LT$A$GT$15try_allocate_in17hc67d7bda7bd87c69E"(ptr noalias noundef sret([24 x i8]) align 8 captures(none) dereferenceable(24) %_4.i.i, i64 noundef %_4.i, i1 noundef zeroext false, i64 noundef 8, i64 noundef 24) #40
step gimli 5 4126: %6 = add i64 %3, -1
step gimli 5 4127: %7 = add nuw i64 %6, %4
step gimli 5 4128: %8 = sub i64 0, %3
step gimli 5 4129: %9 = and i64 %7, %8
step gimli 5 4130: %10 = tail call { i64, i1 } @llvm.umul.with.overflow.i64(i64 %9, i64 %1)
step gimli 5 4131: %11 = extractvalue { i64, i1 } %10, 0
step gimli 5 4132: %12 = extractvalue { i64, i1 } %10, 1
step gimli 5 4133: %13 = sub nuw i64 -9223372036854775808, %3
step gimli 5 4134: %14 = icmp ugt i64 %11, %13
step gimli 5 4135: %15 = select i1 %12, i1 true, i1 %14
step gimli 5 4136: br i1 %15, label %16, label %18
step gimli 18 4144: %19 = icmp eq i64 %11, 0
step gimli 18 4145: br i1 %19, label %20, label %24
step gimli 24 4156: tail call void @_RNvCs1Y7DaGC1cwg_7___rustc35___rust_no_alloc_shim_is_unstable_v2() #37
step gimli 24 4157: br i1 %2, label %27, label %29
step gimli 29 4169: %30 = tail call noundef ptr @_RNvCs1Y7DaGC1cwg_7___rustc12___rust_alloc(i64 noundef %11, i64 noundef range(i64 1, -9223372036854775807) %3) #37
step gimli 29 4170: br label %31
step gimli 31 4174: %33 = icmp eq ptr %32, null
step gimli 31 4175: br i1 %33, label %34, label %37
step gimli 37 4185: %38 = icmp sgt i64 %1, -1
step gimli 37 4186: tail call void @llvm.assume(i1 %38)
step gimli 37 4187: %39 = getelementptr inbounds nuw i8, ptr %0, i64 8
step gimli 37 4188: store i64 %1, ptr %39, align 8
step gimli 37 4189: %40 = getelementptr inbounds nuw i8, ptr %0, i64 16
step gimli 37 4190: store ptr %32, ptr %40, align 8
step gimli 37 4191: br label %25
step gimli 25 4161: store i64 %26, ptr %0, align 8
step gimli 25 4162: ret void
step user bb2 7786: %_5.i.i3 = load i64, ptr %_4.i.i, align 8
step user bb2 7787: %3 = trunc nuw i64 %_5.i.i3 to i1
step user bb2 7788: %4 = getelementptr inbounds nuw i8, ptr %_4.i.i, i64 8
step user bb2 7789: %err.0.i.i = load i64, ptr %4, align 8
step user bb2 7790: %5 = getelementptr inbounds nuw i8, ptr %_4.i.i, i64 16
step user bb2 7791: br i1 %3, label %bb3.i.i, label %"_ZN111_$LT$alloc..vec..Vec$LT$T$GT$$u20$as$u20$alloc..vec..spec_from_iter_nested..SpecFromIterNested$LT$T$C$I$GT$$GT$9from_iter17h0ebe56336b608dd8E.exit"
step user "_ZN111_$LT$alloc..vec..Vec$LT$T$GT$$u20$as$u20$alloc..vec..spec_from_iter_nested..SpecFromIterNested$LT$T$C$I$GT$$GT$9from_iter17h0ebe56336b608dd8E.exit" 7800: %this.1.i.i = load ptr, ptr %5, align 8
step user "_ZN111_$LT$alloc..vec..Vec$LT$T$GT$$u20$as$u20$alloc..vec..spec_from_iter_nested..SpecFromIterNested$LT$T$C$I$GT$$GT$9from_iter17h0ebe56336b608dd8E.exit" 7801: %_7.i.i = icmp samesign ule i64 %_4.i, %err.0.i.i
step user "_ZN111_$LT$alloc..vec..Vec$LT$T$GT$$u20$as$u20$alloc..vec..spec_from_iter_nested..SpecFromIterNested$LT$T$C$I$GT$$GT$9from_iter17h0ebe56336b608dd8E.exit" 7802: tail call void @llvm.assume(i1 %_7.i.i)
step user "_ZN111_$LT$alloc..vec..Vec$LT$T$GT$$u20$as$u20$alloc..vec..spec_from_iter_nested..SpecFromIterNested$LT$T$C$I$GT$$GT$9from_iter17h0ebe56336b608dd8E.exit" 7803: call void @llvm.lifetime.end.p0(i64 24, ptr nonnull %_4.i.i)
step user "_ZN111_$LT$alloc..vec..Vec$LT$T$GT$$u20$as$u20$alloc..vec..spec_from_iter_nested..SpecFromIterNested$LT$T$C$I$GT$$GT$9from_iter17h0ebe56336b608dd8E.exit" 7804: %6 = icmp eq i64 %_4.i, 0
step user "_ZN111_$LT$alloc..vec..Vec$LT$T$GT$$u20$as$u20$alloc..vec..spec_from_iter_nested..SpecFromIterNested$LT$T$C$I$GT$$GT$9from_iter17h0ebe56336b608dd8E.exit" 7805: br i1 %6, label %"_ZN5alloc3vec16Vec$LT$T$C$A$GT$14extend_trusted17hfe3cc4b1aa58378bE.exit", label %bb9.i.i.i
step user bb9.i.i.i 7810: %_46.i.i.i = getelementptr inbounds nuw %"knownbits::Node", ptr %_5.i, i64 %i.sroa.0.0.i.i.i
step user bb9.i.i.i 7811: call void @llvm.lifetime.start.p0(i64 24, ptr nonnull %_5.i.i2.i)
step user bb9.i.i.i 7813: call fastcc void @_ZN5check9knownbits6render17h22028b1fc539a593E(ptr noalias noundef nonnull sret([24 x i8]) align 8 captures(address) dereferenceable(24) %_5.i.i2.i, ptr noalias noundef nonnull readonly align 8 captures(address, read_provenance) dereferenceable(32) %_46.i.i.i) #40
step user start 7768: %_5.i.i2.i = alloca [24 x i8], align 8
step user start 7769: %_4.i.i = alloca [24 x i8], align 8
step user start 7770: %args = alloca [16 x i8], align 8
step user start 7771: %_12 = alloca [24 x i8], align 8
step user start 7772: %parts = alloca [24 x i8], align 8
step user start 7773: %_2 = load i64, ptr %node, align 8
step user start 7774: %0 = trunc nuw i64 %_2 to i1
step user start 7775: br i1 %0, label %bb2, label %bb3
step user bb3 7871: %a = getelementptr inbounds nuw i8, ptr %node, i64 8
step user bb3 7873: tail call void @"_ZN60_$LT$alloc..string..String$u20$as$u20$core..clone..Clone$GT$5clone17h63ce91eef5c8ab48E"(ptr noalias noundef sret([24 x i8]) align 8 captures(none) dereferenceable(24) %_0, ptr noalias noundef readonly align 8 captures(address, read_provenance) dereferenceable(24) %a) #40
step alloc 2 7895: %3 = getelementptr inbounds nuw i8, ptr %1, i64 8
step alloc 2 7896: %4 = load ptr, ptr %3, align 8
step alloc 2 7897: %5 = getelementptr inbounds nuw i8, ptr %1, i64 16
step alloc 2 7898: %6 = load i64, ptr %5, align 8
step alloc 2 7899: %7 = icmp eq i64 %6, 0
step alloc 2 7900: br i1 %7, label %14, label %8
step alloc 8 7903: tail call void @_RNvCs1Y7DaGC1cwg_7___rustc35___rust_no_alloc_shim_is_unstable_v2() #34
step alloc 8 7904: %9 = tail call noundef ptr @_RNvCs1Y7DaGC1cwg_7___rustc12___rust_alloc(i64 noundef range(i64 0, -9223372036854775808) %6, i64 noundef range(i64 1, -9223372036854775807) 1) #34
step alloc 8 7905: %10 = icmp eq ptr %9, null
step alloc 8 7906: br i1 %10, label %13, label %11
step alloc 11 7909: %12 = ptrtoint ptr %9 to i64
step alloc 11 7910: br label %14
step alloc 14 7918: %16 = inttoptr i64 %15 to ptr
step alloc 14 7919: tail call void @llvm.memcpy.p0.p0.i64(ptr align 1 %16, ptr nonnull readonly align 1 %4, i64 range(i64 0, -9223372036854775808) %6, i1 false)
step alloc 14 7920: store i64 %6, ptr %0, align 8
step alloc 14 7921: %17 = getelementptr inbounds nuw i8, ptr %0, i64 8
step alloc 14 7922: store ptr %16, ptr %17, align 8
step alloc 14 7923: %18 = getelementptr inbounds nuw i8, ptr %0, i64 16
step alloc 14 7924: store i64 %6, ptr %18, align 8
step alloc 14 7925: ret void
step user bb3 7874: br label %bb16
step user bb16 7877: ret void
step user bb9.i.i.i 7814: %_3.i.i.i.i.i = getelementptr inbounds nuw %"alloc::string::String", ptr %this.1.i.i, i64 %_5.i.sroa.5.0.i
step user bb9.i.i.i 7815: call void @llvm.memcpy.p0.p0.i64(ptr noundef nonnull align 8 dereferenceable(24) %_3.i.i.i.i.i, ptr noundef nonnull readonly align 8 dereferenceable(24) %_5.i.i2.i, i64 24, i1 false)
step user bb9.i.i.i 7816: %7 = add i64 %_5.i.sroa.5.0.i, 1
step user bb9.i.i.i 7817: call void @llvm.lifetime.end.p0(i64 24, ptr nonnull %_5.i.i2.i)
step user bb9.i.i.i 7818: %_27.i.i.i = add nuw i64 %i.sroa.0.0.i.i.i, 1
step user bb9.i.i.i 7819: %_28.i.i.i = icmp eq i64 %_27.i.i.i, %_4.i
step user bb9.i.i.i 7820: br i1 %_28.i.i.i, label %"_ZN5alloc3vec16Vec$LT$T$C$A$GT$14extend_trusted17hfe3cc4b1aa58378bE.exit", label %bb9.i.i.i
step user bb9.i.i.i 7810: %_46.i.i.i = getelementptr inbounds nuw %"knownbits::Node", ptr %_5.i, i64 %i.sroa.0.0.i.i.i
step user bb9.i.i.i 7811: call void @llvm.lifetime.start.p0(i64 24, ptr nonnull %_5.i.i2.i)
step user bb9.i.i.i 7813: call fastcc void @_ZN5check9knownbits6render17h22028b1fc539a593E(ptr noalias noundef nonnull sret([24 x i8]) align 8 captures(address) dereferenceable(24) %_5.i.i2.i, ptr noalias noundef nonnull readonly align 8 captures(address, read_provenance) dereferenceable(32) %_46.i.i.i) #40
step user start 7768: %_5.i.i2.i = alloca [24 x i8], align 8
step user start 7769: %_4.i.i = alloca [24 x i8], align 8
step user start 7770: %args = alloca [16 x i8], align 8
step user start 7771: %_12 = alloca [24 x i8], align 8
step user start 7772: %parts = alloca [24 x i8], align 8
step user start 7773: %_2 = load i64, ptr %node, align 8
step user start 7774: %0 = trunc nuw i64 %_2 to i1
step user start 7775: br i1 %0, label %bb2, label %bb3
step user bb3 7871: %a = getelementptr inbounds nuw i8, ptr %node, i64 8
step user bb3 7873: tail call void @"_ZN60_$LT$alloc..string..String$u20$as$u20$core..clone..Clone$GT$5clone17h63ce91eef5c8ab48E"(ptr noalias noundef sret([24 x i8]) align 8 captures(none) dereferenceable(24) %_0, ptr noalias noundef readonly align 8 captures(address, read_provenance) dereferenceable(24) %a) #40
step alloc 2 7895: %3 = getelementptr inbounds nuw i8, ptr %1, i64 8
step alloc 2 7896: %4 = load ptr, ptr %3, align 8
step alloc 2 7897: %5 = getelementptr inbounds nuw i8, ptr %1, i64 16
step alloc 2 7898: %6 = load i64, ptr %5, align 8
step alloc 2 7899: %7 = icmp eq i64 %6, 0
step alloc 2 7900: br i1 %7, label %14, label %8
step alloc 8 7903: tail call void @_RNvCs1Y7DaGC1cwg_7___rustc35___rust_no_alloc_shim_is_unstable_v2() #34
step alloc 8 7904: %9 = tail call noundef ptr @_RNvCs1Y7DaGC1cwg_7___rustc12___rust_alloc(i64 noundef range(i64 0, -9223372036854775808) %6, i64 noundef range(i64 1, -9223372036854775807) 1) #34
step alloc 8 7905: %10 = icmp eq ptr %9, null
step alloc 8 7906: br i1 %10, label %13, label %11
step alloc 11 7909: %12 = ptrtoint ptr %9 to i64
step alloc 11 7910: br label %14
step alloc 14 7918: %16 = inttoptr i64 %15 to ptr
step alloc 14 7919: tail call void @llvm.memcpy.p0.p0.i64(ptr align 1 %16, ptr nonnull readonly align 1 %4, i64 range(i64 0, -9223372036854775808) %6, i1 false)
step alloc 14 7920: store i64 %6, ptr %0, align 8
step alloc 14 7921: %17 = getelementptr inbounds nuw i8, ptr %0, i64 8
step alloc 14 7922: store ptr %16, ptr %17, align 8
step alloc 14 7923: %18 = getelementptr inbounds nuw i8, ptr %0, i64 16
step alloc 14 7924: store i64 %6, ptr %18, align 8
step alloc 14 7925: ret void
step user bb3 7874: br label %bb16
step user bb16 7877: ret void
step user bb9.i.i.i 7814: %_3.i.i.i.i.i = getelementptr inbounds nuw %"alloc::string::String", ptr %this.1.i.i, i64 %_5.i.sroa.5.0.i
step user bb9.i.i.i 7815: call void @llvm.memcpy.p0.p0.i64(ptr noundef nonnull align 8 dereferenceable(24) %_3.i.i.i.i.i, ptr noundef nonnull readonly align 8 dereferenceable(24) %_5.i.i2.i, i64 24, i1 false)
step user bb9.i.i.i 7816: %7 = add i64 %_5.i.sroa.5.0.i, 1
step user bb9.i.i.i 7817: call void @llvm.lifetime.end.p0(i64 24, ptr nonnull %_5.i.i2.i)
step user bb9.i.i.i 7818: %_27.i.i.i = add nuw i64 %i.sroa.0.0.i.i.i, 1
step user bb9.i.i.i 7819: %_28.i.i.i = icmp eq i64 %_27.i.i.i, %_4.i
step user bb9.i.i.i 7820: br i1 %_28.i.i.i, label %"_ZN5alloc3vec16Vec$LT$T$C$A$GT$14extend_trusted17hfe3cc4b1aa58378bE.exit", label %bb9.i.i.i
step user bb9.i.i.i 7810: %_46.i.i.i = getelementptr inbounds nuw %"knownbits::Node", ptr %_5.i, i64 %i.sroa.0.0.i.i.i
step user bb9.i.i.i 7811: call void @llvm.lifetime.start.p0(i64 24, ptr nonnull %_5.i.i2.i)
step user bb9.i.i.i 7813: call fastcc void @_ZN5check9knownbits6render17h22028b1fc539a593E(ptr noalias noundef nonnull sret([24 x i8]) align 8 captures(address) dereferenceable(24) %_5.i.i2.i, ptr noalias noundef nonnull readonly align 8 captures(address, read_provenance) dereferenceable(32) %_46.i.i.i) #40
step user start 7768: %_5.i.i2.i = alloca [24 x i8], align 8
step user start 7769: %_4.i.i = alloca [24 x i8], align 8
step user start 7770: %args = alloca [16 x i8], align 8
step user start 7771: %_12 = alloca [24 x i8], align 8
step user start 7772: %parts = alloca [24 x i8], align 8
step user start 7773: %_2 = load i64, ptr %node, align 8
step user start 7774: %0 = trunc nuw i64 %_2 to i1
step user start 7775: br i1 %0, label %bb2, label %bb3
step user bb3 7871: %a = getelementptr inbounds nuw i8, ptr %node, i64 8
step user bb3 7873: tail call void @"_ZN60_$LT$alloc..string..String$u20$as$u20$core..clone..Clone$GT$5clone17h63ce91eef5c8ab48E"(ptr noalias noundef sret([24 x i8]) align 8 captures(none) dereferenceable(24) %_0, ptr noalias noundef readonly align 8 captures(address, read_provenance) dereferenceable(24) %a) #40
step alloc 2 7895: %3 = getelementptr inbounds nuw i8, ptr %1, i64 8
step alloc 2 7896: %4 = load ptr, ptr %3, align 8
step alloc 2 7897: %5 = getelementptr inbounds nuw i8, ptr %1, i64 16
step alloc 2 7898: %6 = load i64, ptr %5, align 8
step alloc 2 7899: %7 = icmp eq i64 %6, 0
step alloc 2 7900: br i1 %7, label %14, label %8
step alloc 8 7903: tail call void @_RNvCs1Y7DaGC1cwg_7___rustc35___rust_no_alloc_shim_is_unstable_v2() #34
step alloc 8 7904: %9 = tail call noundef ptr @_RNvCs1Y7DaGC1cwg_7___rustc12___rust_alloc(i64 noundef range(i64 0, -9223372036854775808) %6, i64 noundef range(i64 1, -9223372036854775807) 1) #34
step alloc 8 7905: %10 = icmp eq ptr %9, null
step alloc 8 7906: br i1 %10, label %13, label %11
step alloc 11 7909: %12 = ptrtoint ptr %9 to i64
step alloc 11 7910: br label %14
step alloc 14 7918: %16 = inttoptr i64 %15 to ptr
step alloc 14 7919: tail call void @llvm.memcpy.p0.p0.i64(ptr align 1 %16, ptr nonnull readonly align 1 %4, i64 range(i64 0, -9223372036854775808) %6, i1 false)
step alloc 14 7920: store i64 %6, ptr %0, align 8
step alloc 14 7921: %17 = getelementptr inbounds nuw i8, ptr %0, i64 8
step alloc 14 7922: store ptr %16, ptr %17, align 8
step alloc 14 7923: %18 = getelementptr inbounds nuw i8, ptr %0, i64 16
step alloc 14 7924: store i64 %6, ptr %18, align 8
step alloc 14 7925: ret void
step user bb3 7874: br label %bb16
step user bb16 7877: ret void
step user bb9.i.i.i 7814: %_3.i.i.i.i.i = getelementptr inbounds nuw %"alloc::string::String", ptr %this.1.i.i, i64 %_5.i.sroa.5.0.i
step user bb9.i.i.i 7815: call void @llvm.memcpy.p0.p0.i64(ptr noundef nonnull align 8 dereferenceable(24) %_3.i.i.i.i.i, ptr noundef nonnull readonly align 8 dereferenceable(24) %_5.i.i2.i, i64 24, i1 false)
step user bb9.i.i.i 7816: %7 = add i64 %_5.i.sroa.5.0.i, 1
step user bb9.i.i.i 7817: call void @llvm.lifetime.end.p0(i64 24, ptr nonnull %_5.i.i2.i)
step user bb9.i.i.i 7818: %_27.i.i.i = add nuw i64 %i.sroa.0.0.i.i.i, 1
step user bb9.i.i.i 7819: %_28.i.i.i = icmp eq i64 %_27.i.i.i, %_4.i
step user bb9.i.i.i 7820: br i1 %_28.i.i.i, label %"_ZN5alloc3vec16Vec$LT$T$C$A$GT$14extend_trusted17hfe3cc4b1aa58378bE.exit", label %bb9.i.i.i
step user "_ZN5alloc3vec16Vec$LT$T$C$A$GT$14extend_trusted17hfe3cc4b1aa58378bE.exit" 7824: store i64 %err.0.i.i, ptr %parts, align 8
step user "_ZN5alloc3vec16Vec$LT$T$C$A$GT$14extend_trusted17hfe3cc4b1aa58378bE.exit" 7825: %vector.i.sroa.4.0.parts.sroa_idx = getelementptr inbounds nuw i8, ptr %parts, i64 8
step user "_ZN5alloc3vec16Vec$LT$T$C$A$GT$14extend_trusted17hfe3cc4b1aa58378bE.exit" 7826: store ptr %this.1.i.i, ptr %vector.i.sroa.4.0.parts.sroa_idx, align 8
step user "_ZN5alloc3vec16Vec$LT$T$C$A$GT$14extend_trusted17hfe3cc4b1aa58378bE.exit" 7827: %vector.i.sroa.5.0.parts.sroa_idx = getelementptr inbounds nuw i8, ptr %parts, i64 16
step user "_ZN5alloc3vec16Vec$LT$T$C$A$GT$14extend_trusted17hfe3cc4b1aa58378bE.exit" 7828: store i64 %vector.i.sroa.5.0, ptr %vector.i.sroa.5.0.parts.sroa_idx, align 8
step user "_ZN5alloc3vec16Vec$LT$T$C$A$GT$14extend_trusted17hfe3cc4b1aa58378bE.exit" 7829: call void @llvm.lifetime.start.p0(i64 24, ptr nonnull %_12)
step user "_ZN5alloc3vec16Vec$LT$T$C$A$GT$14extend_trusted17hfe3cc4b1aa58378bE.exit" 7830: %8 = getelementptr inbounds nuw i8, ptr %parts, i64 8
step user "_ZN5alloc3vec16Vec$LT$T$C$A$GT$14extend_trusted17hfe3cc4b1aa58378bE.exit" 7831: %9 = getelementptr inbounds nuw i8, ptr %parts, i64 16
step user "_ZN5alloc3vec16Vec$LT$T$C$A$GT$14extend_trusted17hfe3cc4b1aa58378bE.exit" 7833: call void @_ZN5alloc3str17join_generic_copy17h3ad4bb0367cf2eb9E(ptr noalias noundef sret([24 x i8]) align 8 captures(none) dereferenceable(24) %_12, ptr noalias noundef nonnull readonly align 8 captures(address, read_provenance) %this.1.i.i, i64 noundef range(i64 0, 384307168202282326) %vector.i.sroa.5.0, ptr noalias noundef nonnull readonly align 1 captures(address, read_provenance) @alloc_0242e8ee118de705af76c627590b82cc, i64 noundef 1) #40
step user start 2342: %_4.i99 = alloca [24 x i8], align 8
step user start 2343: %result = alloca [24 x i8], align 8
step user start 2344: %_95.idx = mul nuw nsw i64 %slice.1, 24
step user start 2345: %_95 = getelementptr inbounds nuw i8, ptr %slice.0, i64 %_95.idx
step user start 2346: %_103 = icmp eq i64 %slice.1, 0
step user start 2347: br i1 %_103, label %bb178, label %bb41
step user bb41 2350: %_113 = getelementptr inbounds nuw i8, ptr %slice.0, i64 24
step user bb41 2351: %gepdiff = add nsw i64 %_95.idx, -24
step user bb41 2352: %0 = udiv exact i64 %gepdiff, 24
step user bb41 2353: %1 = tail call { i64, i1 } @llvm.umul.with.overflow.i64(i64 %sep.1, i64 %0)
step user bb41 2354: %_124.1 = extractvalue { i64, i1 } %1, 1
step user bb41 2355: br i1 %_124.1, label %bb52, label %bb47
step user bb47 2358: %_124.0 = extractvalue { i64, i1 } %1, 0
step user bb47 2359: br label %bb1.i
step user bb1.i 2364: %_6.i.i = icmp eq ptr %_16.i4.i, %_95
step user bb1.i 2365: br i1 %_6.i.i, label %bb53, label %bb3.i
step user bb3.i 2368: %spec.select = getelementptr inbounds nuw i8, ptr %_16.i4.i, i64 24
step user bb3.i 2369: %2 = getelementptr inbounds nuw i8, ptr %_16.i4.i, i64 16
step user bb3.i 2370: %_5.i.i.i.i = load i64, ptr %2, align 8
step user bb3.i 2371: %_4.0.i.i.i.i = add i64 %_5.i.i.i.i, %accum.sroa.0.0.i
step user bb3.i 2372: %_4.1.i.i.i.i = icmp ult i64 %_4.0.i.i.i.i, %accum.sroa.0.0.i
step user bb3.i 2373: br i1 %_4.1.i.i.i.i, label %bb52, label %bb1.i
step user bb1.i 2364: %_6.i.i = icmp eq ptr %_16.i4.i, %_95
step user bb1.i 2365: br i1 %_6.i.i, label %bb53, label %bb3.i
step user bb3.i 2368: %spec.select = getelementptr inbounds nuw i8, ptr %_16.i4.i, i64 24
step user bb3.i 2369: %2 = getelementptr inbounds nuw i8, ptr %_16.i4.i, i64 16
step user bb3.i 2370: %_5.i.i.i.i = load i64, ptr %2, align 8
step user bb3.i 2371: %_4.0.i.i.i.i = add i64 %_5.i.i.i.i, %accum.sroa.0.0.i
step user bb3.i 2372: %_4.1.i.i.i.i = icmp ult i64 %_4.0.i.i.i.i, %accum.sroa.0.0.i
step user bb3.i 2373: br i1 %_4.1.i.i.i.i, label %bb52, label %bb1.i
step user bb1.i 2364: %_6.i.i = icmp eq ptr %_16.i4.i, %_95
step user bb1.i 2365: br i1 %_6.i.i, label %bb53, label %bb3.i
step user bb3.i 2368: %spec.select = getelementptr inbounds nuw i8, ptr %_16.i4.i, i64 24
step user bb3.i 2369: %2 = getelementptr inbounds nuw i8, ptr %_16.i4.i, i64 16
step user bb3.i 2370: %_5.i.i.i.i = load i64, ptr %2, align 8
step user bb3.i 2371: %_4.0.i.i.i.i = add i64 %_5.i.i.i.i, %accum.sroa.0.0.i
step user bb3.i 2372: %_4.1.i.i.i.i = icmp ult i64 %_4.0.i.i.i.i, %accum.sroa.0.0.i
step user bb3.i 2373: br i1 %_4.1.i.i.i.i, label %bb52, label %bb1.i
step user bb1.i 2364: %_6.i.i = icmp eq ptr %_16.i4.i, %_95
step user bb1.i 2365: br i1 %_6.i.i, label %bb53, label %bb3.i
step user bb53 2376: call void @llvm.lifetime.start.p0(i64 24, ptr nonnull %result)
step user bb53 2377: call void @llvm.lifetime.start.p0(i64 24, ptr nonnull %_4.i99)
step user bb53 2379: call void @"_ZN5alloc7raw_vec20RawVecInner$LT$A$GT$15try_allocate_in17hc67d7bda7bd87c69E"(ptr noalias noundef sret([24 x i8]) align 8 captures(none) dereferenceable(24) %_4.i99, i64 noundef %accum.sroa.0.0.i, i1 noundef zeroext false, i64 noundef 1, i64 noundef 1) #40
step gimli 5 4126: %6 = add i64 %3, -1
step gimli 5 4127: %7 = add nuw i64 %6, %4
step gimli 5 4128: %8 = sub i64 0, %3
step gimli 5 4129: %9 = and i64 %7, %8
step gimli 5 4130: %10 = tail call { i64, i1 } @llvm.umul.with.overflow.i64(i64 %9, i64 %1)
step gimli 5 4131: %11 = extractvalue { i64, i1 } %10, 0
step gimli 5 4132: %12 = extractvalue { i64, i1 } %10, 1
step gimli 5 4133: %13 = sub nuw i64 -9223372036854775808, %3
step gimli 5 4134: %14 = icmp ugt i64 %11, %13
step gimli 5 4135: %15 = select i1 %12, i1 true, i1 %14
step gimli 5 4136: br i1 %15, label %16, label %18
step gimli 18 4144: %19 = icmp eq i64 %11, 0
step gimli 18 4145: br i1 %19, label %20, label %24
step gimli 24 4156: tail call void @_RNvCs1Y7DaGC1cwg_7___rustc35___rust_no_alloc_shim_is_unstable_v2() #37
step gimli 24 4157: br i1 %2, label %27, label %29
step gimli 29 4169: %30 = tail call noundef ptr @_RNvCs1Y7DaGC1cwg_7___rustc12___rust_alloc(i64 noundef %11, i64 noundef range(i64 1, -9223372036854775807) %3) #37
step gimli 29 4170: br label %31
step gimli 31 4174: %33 = icmp eq ptr %32, null
step gimli 31 4175: br i1 %33, label %34, label %37
step gimli 37 4185: %38 = icmp sgt i64 %1, -1
step gimli 37 4186: tail call void @llvm.assume(i1 %38)
step gimli 37 4187: %39 = getelementptr inbounds nuw i8, ptr %0, i64 8
step gimli 37 4188: store i64 %1, ptr %39, align 8
step gimli 37 4189: %40 = getelementptr inbounds nuw i8, ptr %0, i64 16
step gimli 37 4190: store ptr %32, ptr %40, align 8
step gimli 37 4191: br label %25
step gimli 25 4161: store i64 %26, ptr %0, align 8
step gimli 25 4162: ret void
step user bb53 2380: %_5.i = load i64, ptr %_4.i99, align 8
step user bb53 2381: %3 = trunc nuw i64 %_5.i to i1
step user bb53 2382: %4 = getelementptr inbounds nuw i8, ptr %_4.i99, i64 8
step user bb53 2383: %err.0.i = load i64, ptr %4, align 8
step user bb53 2384: %5 = getelementptr inbounds nuw i8, ptr %_4.i99, i64 16
step user bb53 2385: br i1 %3, label %bb3.i100, label %"_ZN5alloc7raw_vec20RawVecInner$LT$A$GT$16with_capacity_in17he9e3370d34e3c529E.exit"
step user "_ZN5alloc7raw_vec20RawVecInner$LT$A$GT$16with_capacity_in17he9e3370d34e3c529E.exit" 2394: %this.1.i = load ptr, ptr %5, align 8
step user "_ZN5alloc7raw_vec20RawVecInner$LT$A$GT$16with_capacity_in17he9e3370d34e3c529E.exit" 2395: %_7.i = icmp ule i64 %accum.sroa.0.0.i, %err.0.i
step user "_ZN5alloc7raw_vec20RawVecInner$LT$A$GT$16with_capacity_in17he9e3370d34e3c529E.exit" 2396: tail call void @llvm.assume(i1 %_7.i)
step user "_ZN5alloc7raw_vec20RawVecInner$LT$A$GT$16with_capacity_in17he9e3370d34e3c529E.exit" 2397: call void @llvm.lifetime.end.p0(i64 24, ptr nonnull %_4.i99)
step user "_ZN5alloc7raw_vec20RawVecInner$LT$A$GT$16with_capacity_in17he9e3370d34e3c529E.exit" 2398: store i64 %err.0.i, ptr %result, align 8
step user "_ZN5alloc7raw_vec20RawVecInner$LT$A$GT$16with_capacity_in17he9e3370d34e3c529E.exit" 2399: %6 = getelementptr inbounds nuw i8, ptr %result, i64 8
step user "_ZN5alloc7raw_vec20RawVecInner$LT$A$GT$16with_capacity_in17he9e3370d34e3c529E.exit" 2400: store ptr %this.1.i, ptr %6, align 8
step user "_ZN5alloc7raw_vec20RawVecInner$LT$A$GT$16with_capacity_in17he9e3370d34e3c529E.exit" 2401: %7 = getelementptr inbounds nuw i8, ptr %result, i64 16
step user "_ZN5alloc7raw_vec20RawVecInner$LT$A$GT$16with_capacity_in17he9e3370d34e3c529E.exit" 2402: store i64 0, ptr %7, align 8
step user "_ZN5alloc7raw_vec20RawVecInner$LT$A$GT$16with_capacity_in17he9e3370d34e3c529E.exit" 2403: %8 = getelementptr inbounds nuw i8, ptr %slice.0, i64 8
step user "_ZN5alloc7raw_vec20RawVecInner$LT$A$GT$16with_capacity_in17he9e3370d34e3c529E.exit" 2404: %_6.i = load ptr, ptr %8, align 8
step user "_ZN5alloc7raw_vec20RawVecInner$LT$A$GT$16with_capacity_in17he9e3370d34e3c529E.exit" 2405: %9 = getelementptr inbounds nuw i8, ptr %slice.0, i64 16
step user "_ZN5alloc7raw_vec20RawVecInner$LT$A$GT$16with_capacity_in17he9e3370d34e3c529E.exit" 2406: %_5.i101 = load i64, ptr %9, align 8
step user "_ZN5alloc7raw_vec20RawVecInner$LT$A$GT$16with_capacity_in17he9e3370d34e3c529E.exit" 2408: call void @"_ZN5alloc3vec16Vec$LT$T$C$A$GT$7reserve17h2f692e8ba7e2c189E"(ptr noalias noundef nonnull align 8 dereferenceable(24) %result, i64 noundef %_5.i101) #40
step addr2line 2 48: %3 = getelementptr inbounds nuw i8, ptr %0, i64 16
step addr2line 2 49: %4 = load i64, ptr %3, align 8
step addr2line 2 50: %5 = load i64, ptr %0, align 8
step addr2line 2 51: %6 = sub i64 %5, %4
step addr2line 2 52: %7 = icmp ugt i64 %1, %6
step addr2line 2 53: br i1 %7, label %9, label %8
step addr2line 8 56: ret void
step user "_ZN5alloc7raw_vec20RawVecInner$LT$A$GT$16with_capacity_in17he9e3370d34e3c529E.exit" 2409: %len.i.i = load i64, ptr %7, align 8
step user "_ZN5alloc7raw_vec20RawVecInner$LT$A$GT$16with_capacity_in17he9e3370d34e3c529E.exit" 2410: %_9.i.i = icmp sgt i64 %len.i.i, -1
step user "_ZN5alloc7raw_vec20RawVecInner$LT$A$GT$16with_capacity_in17he9e3370d34e3c529E.exit" 2411: call void @llvm.assume(i1 %_9.i.i)
step user "_ZN5alloc7raw_vec20RawVecInner$LT$A$GT$16with_capacity_in17he9e3370d34e3c529E.exit" 2412: %_10.i.i = load ptr, ptr %6, align 8
step user "_ZN5alloc7raw_vec20RawVecInner$LT$A$GT$16with_capacity_in17he9e3370d34e3c529E.exit" 2413: %dst.i.i = getelementptr inbounds nuw i8, ptr %_10.i.i, i64 %len.i.i
step user "_ZN5alloc7raw_vec20RawVecInner$LT$A$GT$16with_capacity_in17he9e3370d34e3c529E.exit" 2414: call void @llvm.memcpy.p0.p0.i64(ptr nonnull align 1 %dst.i.i, ptr nonnull readonly align 1 %_6.i, i64 %_5.i101, i1 false)
step user "_ZN5alloc7raw_vec20RawVecInner$LT$A$GT$16with_capacity_in17he9e3370d34e3c529E.exit" 2415: %10 = load i64, ptr %7, align 8
step user "_ZN5alloc7raw_vec20RawVecInner$LT$A$GT$16with_capacity_in17he9e3370d34e3c529E.exit" 2416: %11 = add i64 %10, %_5.i101
step user "_ZN5alloc7raw_vec20RawVecInner$LT$A$GT$16with_capacity_in17he9e3370d34e3c529E.exit" 2417: store i64 %11, ptr %7, align 8
step user "_ZN5alloc7raw_vec20RawVecInner$LT$A$GT$16with_capacity_in17he9e3370d34e3c529E.exit" 2418: %_157 = icmp sgt i64 %11, -1
step user "_ZN5alloc7raw_vec20RawVecInner$LT$A$GT$16with_capacity_in17he9e3370d34e3c529E.exit" 2419: call void @llvm.assume(i1 %_157)
step user "_ZN5alloc7raw_vec20RawVecInner$LT$A$GT$16with_capacity_in17he9e3370d34e3c529E.exit" 2420: %_166 = load ptr, ptr %6, align 8
step user "_ZN5alloc7raw_vec20RawVecInner$LT$A$GT$16with_capacity_in17he9e3370d34e3c529E.exit" 2421: %_159 = getelementptr inbounds nuw i8, ptr %_166, i64 %11
step user "_ZN5alloc7raw_vec20RawVecInner$LT$A$GT$16with_capacity_in17he9e3370d34e3c529E.exit" 2422: %index = sub i64 %accum.sroa.0.0.i, %11
step user "_ZN5alloc7raw_vec20RawVecInner$LT$A$GT$16with_capacity_in17he9e3370d34e3c529E.exit" 2423: %_344296 = icmp eq i64 %slice.1, 1
step user "_ZN5alloc7raw_vec20RawVecInner$LT$A$GT$16with_capacity_in17he9e3370d34e3c529E.exit" 2424: switch i64 %sep.1, label %bb26.preheader [ i64 0, label %bb11.preheader i64 1, label %bb14.preheader i64 2, label %bb17.preheader i64 3, label %bb20.preheader i64 4, label %bb23.preheader ]
step user bb14.preheader 2442: br i1 %_344296, label %bb29, label %bb91
step user bb91 2503: %_230 = getelementptr inbounds nuw i8, ptr %iter_uninit.sroa.0.1289, i64 24
step user bb91 2504: %14 = getelementptr inbounds nuw i8, ptr %iter_uninit.sroa.0.1289, i64 8
step user bb91 2505: %_6.i120 = load ptr, ptr %14, align 8
step user bb91 2506: %15 = getelementptr inbounds nuw i8, ptr %iter_uninit.sroa.0.1289, i64 16
step user bb91 2507: %_5.i121 = load i64, ptr %15, align 8
step user bb91 2508: %_6.not.i122 = icmp ugt i64 %sep.1, %target.sroa.26.2288
step user bb91 2509: br i1 %_6.not.i122, label %bb3.i129, label %"_ZN4core5slice29_$LT$impl$u20$$u5b$T$u5d$$GT$12split_at_mut17ha134592e2951f866E.exit130"
step user "_ZN4core5slice29_$LT$impl$u20$$u5b$T$u5d$$GT$12split_at_mut17ha134592e2951f866E.exit130" 2517: %len.i.i125 = sub nuw nsw i64 %target.sroa.26.2288, %sep.1
step user "_ZN4core5slice29_$LT$impl$u20$$u5b$T$u5d$$GT$12split_at_mut17ha134592e2951f866E.exit130" 2518: call void @llvm.memcpy.p0.p0.i64(ptr nonnull align 1 %target.sroa.0.2287, ptr nonnull readonly align 1 %sep.0, i64 range(i64 0, -9223372036854775808) %sep.1, i1 false)
step user "_ZN4core5slice29_$LT$impl$u20$$u5b$T$u5d$$GT$12split_at_mut17ha134592e2951f866E.exit130" 2519: %_6.not.i134 = icmp ugt i64 %_5.i121, %len.i.i125
step user "_ZN4core5slice29_$LT$impl$u20$$u5b$T$u5d$$GT$12split_at_mut17ha134592e2951f866E.exit130" 2520: br i1 %_6.not.i134, label %bb3.i141, label %"_ZN4core5slice29_$LT$impl$u20$$u5b$T$u5d$$GT$12split_at_mut17ha134592e2951f866E.exit142"
step user "_ZN4core5slice29_$LT$impl$u20$$u5b$T$u5d$$GT$12split_at_mut17ha134592e2951f866E.exit142" 2528: %data.i.i124 = getelementptr inbounds nuw i8, ptr %target.sroa.0.2287, i64 %sep.1
step user "_ZN4core5slice29_$LT$impl$u20$$u5b$T$u5d$$GT$12split_at_mut17ha134592e2951f866E.exit142" 2529: %data.i.i136 = getelementptr inbounds nuw i8, ptr %data.i.i124, i64 %_5.i121
step user "_ZN4core5slice29_$LT$impl$u20$$u5b$T$u5d$$GT$12split_at_mut17ha134592e2951f866E.exit142" 2530: %len.i.i137 = sub nuw nsw i64 %len.i.i125, %_5.i121
step user "_ZN4core5slice29_$LT$impl$u20$$u5b$T$u5d$$GT$12split_at_mut17ha134592e2951f866E.exit142" 2531: call void @llvm.memcpy.p0.p0.i64(ptr nonnull align 1 %data.i.i124, ptr nonnull readonly align 1 %_6.i120, i64 range(i64 0, -9223372036854775808) %_5.i121, i1 false)
step user "_ZN4core5slice29_$LT$impl$u20$$u5b$T$u5d$$GT$12split_at_mut17ha134592e2951f866E.exit142" 2532: %_220 = icmp eq ptr %_230, %_95
step user "_ZN4core5slice29_$LT$impl$u20$$u5b$T$u5d$$GT$12split_at_mut17ha134592e2951f866E.exit142" 2533: br i1 %_220, label %bb29, label %bb91
step user bb91 2503: %_230 = getelementptr inbounds nuw i8, ptr %iter_uninit.sroa.0.1289, i64 24
step user bb91 2504: %14 = getelementptr inbounds nuw i8, ptr %iter_uninit.sroa.0.1289, i64 8
step user bb91 2505: %_6.i120 = load ptr, ptr %14, align 8
step user bb91 2506: %15 = getelementptr inbounds nuw i8, ptr %iter_uninit.sroa.0.1289, i64 16
step user bb91 2507: %_5.i121 = load i64, ptr %15, align 8
step user bb91 2508: %_6.not.i122 = icmp ugt i64 %sep.1, %target.sroa.26.2288
step user bb91 2509: br i1 %_6.not.i122, label %bb3.i129, label %"_ZN4core5slice29_$LT$impl$u20$$u5b$T$u5d$$GT$12split_at_mut17ha134592e2951f866E.exit130"
step user "_ZN4core5slice29_$LT$impl$u20$$u5b$T$u5d$$GT$12split_at_mut17ha134592e2951f866E.exit130" 2517: %len.i.i125 = sub nuw nsw i64 %target.sroa.26.2288, %sep.1
step user "_ZN4core5slice29_$LT$impl$u20$$u5b$T$u5d$$GT$12split_at_mut17ha134592e2951f866E.exit130" 2518: call void @llvm.memcpy.p0.p0.i64(ptr nonnull align 1 %target.sroa.0.2287, ptr nonnull readonly align 1 %sep.0, i64 range(i64 0, -9223372036854775808) %sep.1, i1 false)
step user "_ZN4core5slice29_$LT$impl$u20$$u5b$T$u5d$$GT$12split_at_mut17ha134592e2951f866E.exit130" 2519: %_6.not.i134 = icmp ugt i64 %_5.i121, %len.i.i125
step user "_ZN4core5slice29_$LT$impl$u20$$u5b$T$u5d$$GT$12split_at_mut17ha134592e2951f866E.exit130" 2520: br i1 %_6.not.i134, label %bb3.i141, label %"_ZN4core5slice29_$LT$impl$u20$$u5b$T$u5d$$GT$12split_at_mut17ha134592e2951f866E.exit142"
step user "_ZN4core5slice29_$LT$impl$u20$$u5b$T$u5d$$GT$12split_at_mut17ha134592e2951f866E.exit142" 2528: %data.i.i124 = getelementptr inbounds nuw i8, ptr %target.sroa.0.2287, i64 %sep.1
step user "_ZN4core5slice29_$LT$impl$u20$$u5b$T$u5d$$GT$12split_at_mut17ha134592e2951f866E.exit142" 2529: %data.i.i136 = getelementptr inbounds nuw i8, ptr %data.i.i124, i64 %_5.i121
step user "_ZN4core5slice29_$LT$impl$u20$$u5b$T$u5d$$GT$12split_at_mut17ha134592e2951f866E.exit142" 2530: %len.i.i137 = sub nuw nsw i64 %len.i.i125, %_5.i121
step user "_ZN4core5slice29_$LT$impl$u20$$u5b$T$u5d$$GT$12split_at_mut17ha134592e2951f866E.exit142" 2531: call void @llvm.memcpy.p0.p0.i64(ptr nonnull align 1 %data.i.i124, ptr nonnull readonly align 1 %_6.i120, i64 range(i64 0, -9223372036854775808) %_5.i121, i1 false)
step user "_ZN4core5slice29_$LT$impl$u20$$u5b$T$u5d$$GT$12split_at_mut17ha134592e2951f866E.exit142" 2532: %_220 = icmp eq ptr %_230, %_95
step user "_ZN4core5slice29_$LT$impl$u20$$u5b$T$u5d$$GT$12split_at_mut17ha134592e2951f866E.exit142" 2533: br i1 %_220, label %bb29, label %bb91
step user bb29 2493: %result_len = sub i64 %accum.sroa.0.0.i, %target.sroa.26.1
step user bb29 2494: store i64 %result_len, ptr %7, align 8
step user bb29 2495: call void @llvm.memcpy.p0.p0.i64(ptr noundef nonnull align 8 dereferenceable(24) %_0, ptr noundef nonnull align 8 dereferenceable(24) %result, i64 24, i1 false)
step user bb29 2496: call void @llvm.lifetime.end.p0(i64 24, ptr nonnull %result)
step user bb29 2497: br label %bb30
step user bb30 2680: ret void
step user "_ZN5alloc3vec16Vec$LT$T$C$A$GT$14extend_trusted17hfe3cc4b1aa58378bE.exit" 7834: call void @llvm.lifetime.start.p0(i64 16, ptr nonnull %args)
step user "_ZN5alloc3vec16Vec$LT$T$C$A$GT$14extend_trusted17hfe3cc4b1aa58378bE.exit" 7835: store ptr %_12, ptr %args, align 8
step user "_ZN5alloc3vec16Vec$LT$T$C$A$GT$14extend_trusted17hfe3cc4b1aa58378bE.exit" 7836: %_16.sroa.4.0.args.sroa_idx = getelementptr inbounds nuw i8, ptr %args, i64 8
step user "_ZN5alloc3vec16Vec$LT$T$C$A$GT$14extend_trusted17hfe3cc4b1aa58378bE.exit" 7837: store ptr @"_ZN60_$LT$alloc..string..String$u20$as$u20$core..fmt..Display$GT$3fmt17h533be0b37474125dE", ptr %_16.sroa.4.0.args.sroa_idx, align 8
step user "_ZN5alloc3vec16Vec$LT$T$C$A$GT$14extend_trusted17hfe3cc4b1aa58378bE.exit" 7839: call void @_ZN5alloc3fmt6format12format_inner17h655a6aa2517b043fE(ptr noalias noundef nonnull sret([24 x i8]) align 8 captures(none) dereferenceable(24) %_0, ptr noundef nonnull @alloc_ab91a472b64da6fb697bf7138f4c9ada, ptr noundef nonnull %args) #40
step alloc 3 1318: %4 = alloca [0 x i8], align 1
step alloc 3 1319: %5 = alloca [24 x i8], align 8
step alloc 3 1320: %6 = ptrtoint ptr %2 to i64
step alloc 3 1321: %7 = and i64 %6, 1
step alloc 3 1322: %8 = icmp ne i64 %7, 0
step alloc 3 1323: br i1 %8, label %9, label %11
step alloc 11 1330: %12 = load i8, ptr %1, align 1
step alloc 11 1331: %13 = icmp eq i8 %12, 0
step alloc 11 1332: br i1 %13, label %14, label %18
step alloc 18 1348: %23 = getelementptr inbounds nuw i8, ptr %19, i64 1
step alloc 18 1349: %24 = icmp sgt i8 %20, -1
step alloc 18 1350: br i1 %24, label %27, label %25
step alloc 27 1357: %28 = zext nneg i8 %20 to i64
step alloc 27 1358: %29 = add i64 %22, %28
step alloc 27 1359: %30 = getelementptr inbounds nuw i8, ptr %23, i64 %28
step alloc 27 1360: br label %54
step alloc 54 1394: %58 = load i8, ptr %57, align 1
step alloc 54 1395: %59 = icmp eq i8 %58, 0
step alloc 54 1396: br i1 %59, label %15, label %18
step alloc 18 1348: %23 = getelementptr inbounds nuw i8, ptr %19, i64 1
step alloc 18 1349: %24 = icmp sgt i8 %20, -1
step alloc 18 1350: br i1 %24, label %27, label %25
step alloc 25 1353: %26 = icmp eq i8 %20, -128
step alloc 25 1354: br i1 %26, label %31, label %37
step alloc 37 1371: %38 = icmp samesign ugt i8 %20, -65
step alloc 37 1372: tail call void @llvm.assume(i1 %38)
step alloc 37 1373: %39 = icmp eq i64 %22, 0
step alloc 37 1374: %40 = select i1 %39, i1 true, i1 %21
step alloc 37 1375: %41 = trunc i8 %20 to i3
step alloc 37 1376: %42 = and i3 %41, 3
step alloc 37 1377: %43 = tail call i3 @llvm.bitreverse.i3(i3 %42)
step alloc 37 1378: %44 = zext i3 %43 to i64
step alloc 37 1379: %45 = lshr i8 %20, 1
step alloc 37 1380: %46 = and i8 %45, 2
step alloc 37 1381: %47 = zext nneg i8 %46 to i64
step alloc 37 1382: %48 = lshr i8 %20, 2
step alloc 37 1383: %49 = and i8 %48, 2
step alloc 37 1384: %50 = zext nneg i8 %49 to i64
step alloc 37 1385: %51 = getelementptr inbounds nuw i8, ptr %23, i64 %44
step alloc 37 1386: %52 = getelementptr inbounds nuw i8, ptr %51, i64 %47
step alloc 37 1387: %53 = getelementptr inbounds nuw i8, ptr %52, i64 %50
step alloc 37 1388: br label %54
step alloc 54 1394: %58 = load i8, ptr %57, align 1
step alloc 54 1395: %59 = icmp eq i8 %58, 0
step alloc 54 1396: br i1 %59, label %15, label %18
step alloc 18 1348: %23 = getelementptr inbounds nuw i8, ptr %19, i64 1
step alloc 18 1349: %24 = icmp sgt i8 %20, -1
step alloc 18 1350: br i1 %24, label %27, label %25
step alloc 27 1357: %28 = zext nneg i8 %20 to i64
step alloc 27 1358: %29 = add i64 %22, %28
step alloc 27 1359: %30 = getelementptr inbounds nuw i8, ptr %23, i64 %28
step alloc 27 1360: br label %54
step alloc 54 1394: %58 = load i8, ptr %57, align 1
step alloc 54 1395: %59 = icmp eq i8 %58, 0
step alloc 54 1396: br i1 %59, label %15, label %18
step alloc 15 1339: %16 = icmp ult i64 %55, 16
step alloc 15 1340: %17 = select i1 %56, i1 %16, i1 false
step alloc 15 1341: br i1 %17, label %60, label %62
step alloc 62 1404: %63 = shl i64 %55, 1
step alloc 62 1405: call void @llvm.lifetime.start.p0(i64 24, ptr nonnull %5)
step alloc 62 1406: %64 = icmp slt i64 %63, 0
step alloc 62 1407: br i1 %64, label %73, label %65
step alloc 65 1411: %67 = icmp eq i64 %66, 0
step alloc 65 1412: br i1 %67, label %82, label %68
step alloc 68 1415: tail call void @_RNvCs1Y7DaGC1cwg_7___rustc35___rust_no_alloc_shim_is_unstable_v2() #34
step alloc 68 1416: %69 = tail call noundef ptr @_RNvCs1Y7DaGC1cwg_7___rustc12___rust_alloc(i64 noundef %66, i64 noundef range(i64 1, -9223372036854775807) 1) #34
step alloc 68 1417: %70 = icmp eq ptr %69, null
step alloc 68 1418: br i1 %70, label %73, label %71
step alloc 71 1421: %72 = ptrtoint ptr %69 to i64
step alloc 71 1422: br label %82
step alloc 82 1446: %85 = inttoptr i64 %84 to ptr
step alloc 82 1447: store i64 %83, ptr %5, align 8
step alloc 82 1448: %86 = getelementptr inbounds nuw i8, ptr %5, i64 8
step alloc 82 1449: store ptr %85, ptr %86, align 8
step alloc 82 1450: %87 = getelementptr inbounds nuw i8, ptr %5, i64 16
step alloc 82 1451: store i64 0, ptr %87, align 8
step alloc 82 1452: %88 = tail call i1 @llvm.is.constant.i1(i1 %8)
step alloc 82 1453: %89 = and i1 %8, %88
step alloc 82 1454: br i1 %89, label %92, label %90
step alloc 90 1457: %91 = call noundef zeroext i1 @_ZN4core3fmt5write17h469843d235cc4241E(ptr noundef nonnull align 1 %5, ptr noalias noundef readonly align 8 captures(address, read_provenance) dereferenceable(48) @anon.068515ceb440f2045f9efa1d8ab36ee9.16, ptr noundef nonnull %1, ptr noundef nonnull %2)
step core 4 833: %5 = alloca [24 x i8], align 8
step core 4 834: %6 = alloca [24 x i8], align 8
step core 4 835: %7 = ptrtoint ptr %3 to i64
step core 4 836: %8 = and i64 %7, 1
step core 4 837: %9 = icmp eq i64 %8, 0
step core 4 838: br i1 %9, label %10, label %24
step core 10 841: %11 = load i8, ptr %2, align 1
step core 10 842: %12 = icmp eq i8 %11, 0
step core 10 843: br i1 %12, label %29, label %13
step core 13 846: %14 = getelementptr inbounds nuw i8, ptr %6, i64 16
step core 13 847: %15 = getelementptr inbounds nuw i8, ptr %6, i64 20
step core 13 848: %16 = getelementptr inbounds nuw i8, ptr %6, i64 22
step core 13 849: %17 = getelementptr inbounds nuw i8, ptr %6, i64 8
step core 13 850: %18 = getelementptr inbounds nuw i8, ptr %1, i64 24
step core 13 851: %19 = load ptr, ptr %18, align 8
step core 13 852: %20 = getelementptr inbounds nuw i8, ptr %5, i64 16
step core 13 853: %21 = getelementptr inbounds nuw i8, ptr %5, i64 20
step core 13 854: %22 = getelementptr inbounds nuw i8, ptr %5, i64 22
step core 13 855: %23 = getelementptr inbounds nuw i8, ptr %5, i64 8
step core 13 856: br label %31
step core 31 873: %35 = getelementptr inbounds nuw i8, ptr %33, i64 1
step core 31 874: %36 = icmp sgt i8 %32, -1
step core 31 875: br i1 %36, label %38, label %37
step core 38 884: %39 = zext nneg i8 %32 to i64
step core 38 885: %40 = getelementptr inbounds nuw i8, ptr %35, i64 %39
step core 38 886: %41 = call noundef zeroext i1 %19(ptr noundef nonnull align 1 %0, ptr noalias noundef nonnull readonly align 1 captures(address, read_provenance) %35, i64 noundef %39) #43
step alloc 3 1541: tail call void @llvm.experimental.noalias.scope.decl(metadata !1671)
step alloc 3 1542: tail call void @llvm.experimental.noalias.scope.decl(metadata !1675)
step alloc 3 1543: %4 = getelementptr inbounds nuw i8, ptr %0, i64 16
step alloc 3 1544: %5 = load i64, ptr %4, align 8
step alloc 3 1545: %6 = load i64, ptr %0, align 8
step alloc 3 1546: %7 = sub i64 %6, %5
step alloc 3 1547: %8 = icmp ugt i64 %2, %7
step alloc 3 1548: br i1 %8, label %9, label %11
step alloc 11 1557: %13 = icmp sgt i64 %12, -1
step alloc 11 1558: tail call void @llvm.assume(i1 %13)
step alloc 11 1559: %14 = getelementptr inbounds nuw i8, ptr %0, i64 8
step alloc 11 1560: %15 = load ptr, ptr %14, align 8
step alloc 11 1561: %16 = getelementptr inbounds nuw i8, ptr %15, i64 %12
step alloc 11 1562: tail call void @llvm.memcpy.p0.p0.i64(ptr nonnull align 1 %16, ptr nonnull readonly align 1 %1, i64 %2, i1 false)
step alloc 11 1563: %17 = add i64 %12, %2
step alloc 11 1564: store i64 %17, ptr %4, align 8
step alloc 11 1565: ret i1 false
step core 38 887: br i1 %41, label %29, label %120
step core 120 1021: %123 = load i8, ptr %122, align 1
step core 120 1022: %124 = icmp eq i8 %123, 0
step core 120 1023: br i1 %124, label %29, label %31
step core 31 873: %35 = getelementptr inbounds nuw i8, ptr %33, i64 1
step core 31 874: %36 = icmp sgt i8 %32, -1
step core 31 875: br i1 %36, label %38, label %37
step core 37 878: switch i8 %32, label %54 [ i8 -128, label %42 i8 -64, label %48 ]
step core 48 898: %49 = getelementptr inbounds nuw { { ptr, [1 x i64] } }, ptr %3, i64 %34
step core 48 899: call void @llvm.lifetime.start.p0(i64 24, ptr nonnull %6)
step core 48 900: store i32 1610612768, ptr %14, align 8
step core 48 901: store i16 0, ptr %15, align 4
step core 48 902: store i16 0, ptr %16, align 2
step core 48 903: store ptr %0, ptr %6, align 8
step core 48 904: store ptr %1, ptr %17, align 8
step core 48 905: %50 = load ptr, ptr %49, align 8
step core 48 906: %51 = getelementptr inbounds nuw i8, ptr %49, i64 8
step core 48 907: %52 = load ptr, ptr %51, align 8
step core 48 908: %53 = call noundef zeroext i1 %52(ptr noundef nonnull %50, ptr noalias noundef nonnull align 8 dereferenceable(24) %6)
step user start 11549: %0 = getelementptr inbounds nuw i8, ptr %self, i64 8
step user start 11550: %_8 = load ptr, ptr %0, align 8
step user start 11551: %1 = getelementptr inbounds nuw i8, ptr %self, i64 16
step user start 11552: %_7 = load i64, ptr %1, align 8
step user start 11554: %_0 = tail call noundef zeroext i1 @"_ZN42_$LT$str$u20$as$u20$core..fmt..Display$GT$3fmt17hd9a969270df8e839E"(ptr noalias noundef nonnull readonly align 1 captures(address, read_provenance) %_8, i64 noundef %_7, ptr noalias noundef align 8 dereferenceable(24) %f) #40
step core 3 3622: %4 = tail call noundef zeroext i1 @_ZN4core3fmt9Formatter3pad17hd951768bb544c519E(ptr noalias noundef nonnull align 8 dereferenceable(24) %2, ptr noalias noundef nonnull readonly align 1 captures(address, read_provenance) %0, i64 noundef %1)
step core 3 3393: %4 = getelementptr inbounds nuw i8, ptr %0, i64 16
step core 3 3394: %5 = load i32, ptr %4, align 8
step core 3 3395: %6 = and i32 %5, 402653184
step core 3 3396: %7 = icmp eq i32 %6, 0
step core 3 3397: br i1 %7, label %8, label %15
step core 8 3400: %9 = load ptr, ptr %0, align 8
step core 8 3401: %10 = getelementptr inbounds nuw i8, ptr %0, i64 8
step core 8 3402: %11 = load ptr, ptr %10, align 8
step core 8 3403: %12 = getelementptr inbounds nuw i8, ptr %11, i64 24
step core 8 3404: %13 = load ptr, ptr %12, align 8
step core 8 3405: %14 = tail call noundef zeroext i1 %13(ptr noundef nonnull align 1 %9, ptr noalias noundef nonnull readonly align 1 captures(address, read_provenance) %1, i64 noundef %2) #43
step alloc 3 1541: tail call void @llvm.experimental.noalias.scope.decl(metadata !1671)
step alloc 3 1542: tail call void @llvm.experimental.noalias.scope.decl(metadata !1675)
step alloc 3 1543: %4 = getelementptr inbounds nuw i8, ptr %0, i64 16
step alloc 3 1544: %5 = load i64, ptr %4, align 8
step alloc 3 1545: %6 = load i64, ptr %0, align 8
step alloc 3 1546: %7 = sub i64 %6, %5
step alloc 3 1547: %8 = icmp ugt i64 %2, %7
step alloc 3 1548: br i1 %8, label %9, label %11
step alloc 9 1551: tail call fastcc void @"_ZN5alloc7raw_vec20RawVecInner$LT$A$GT$7reserve21do_reserve_and_handle17ha4ed364a5d4c85d9E"(ptr noalias noundef nonnull align 8 dereferenceable(24) %0, i64 noundef %5, i64 noundef %2)
step alloc 3 669: %4 = alloca [24 x i8], align 8
step alloc 3 670: tail call void @llvm.experimental.noalias.scope.decl(metadata !750)
step alloc 3 671: %5 = add i64 %2, %1
step alloc 3 672: %6 = icmp ult i64 %5, %1
step alloc 3 673: br i1 %6, label %21, label %7
step alloc 7 676: %8 = load i64, ptr %0, align 8
step alloc 7 677: %9 = shl nuw i64 %8, 1
step alloc 7 678: %10 = tail call noundef i64 @llvm.umax.i64(i64 %5, i64 range(i64 0, -1) %9)
step alloc 7 679: %11 = tail call noundef i64 @llvm.umax.i64(i64 %10, i64 8)
step alloc 7 680: call void @llvm.lifetime.start.p0(i64 24, ptr nonnull %4)
step alloc 7 681: %12 = getelementptr inbounds nuw i8, ptr %0, i64 8
step alloc 7 682: %13 = load ptr, ptr %12, align 8
step alloc 7 683: call fastcc void @"_ZN5alloc7raw_vec20RawVecInner$LT$A$GT$11finish_grow17hac26ebc55b283d42E"(ptr noalias noundef align 8 captures(none) dereferenceable(24) %4, i64 %8, ptr %13, i64 noundef %11)
step alloc 4 714: %5 = icmp slt i64 %3, 0
step alloc 4 715: br i1 %5, label %24, label %6
step alloc 6 718: %7 = icmp eq i64 %1, 0
step alloc 6 719: br i1 %7, label %12, label %8
step alloc 8 722: %9 = icmp ne ptr %2, null
step alloc 8 723: tail call void @llvm.assume(i1 %9)
step alloc 8 724: %10 = icmp uge i64 %3, %1
step alloc 8 725: tail call void @llvm.assume(i1 %10)
step alloc 8 726: %11 = tail call noundef ptr @_RNvCs1Y7DaGC1cwg_7___rustc14___rust_realloc(ptr noundef nonnull %2, i64 noundef %1, i64 noundef range(i64 1, -9223372036854775807) 1, i64 noundef %3) #34
step alloc 8 727: br label %16
step alloc 16 740: %18 = icmp eq ptr %17, null
step alloc 16 741: br i1 %18, label %19, label %21
step alloc 21 750: %23 = getelementptr inbounds nuw i8, ptr %0, i64 8
step alloc 21 751: store ptr %22, ptr %23, align 8
step alloc 21 752: br label %24
step alloc 24 758: %28 = getelementptr inbounds nuw i8, ptr %0, i64 %25
step alloc 24 759: store i64 %26, ptr %28, align 8
step alloc 24 760: store i64 %27, ptr %0, align 8
step alloc 24 761: ret void
step alloc 7 684: %14 = load i64, ptr %4, align 8
step alloc 7 685: %15 = trunc nuw i64 %14 to i1
step alloc 7 686: %16 = getelementptr inbounds nuw i8, ptr %4, i64 8
step alloc 7 687: br i1 %15, label %17, label %24
step alloc 24 703: %25 = load ptr, ptr %16, align 8
step alloc 24 704: call void @llvm.lifetime.end.p0(i64 24, ptr nonnull %4)
step alloc 24 705: store ptr %25, ptr %12, align 8
step alloc 24 706: %26 = icmp sgt i64 %11, -1
step alloc 24 707: tail call void @llvm.assume(i1 %26)
step alloc 24 708: store i64 %11, ptr %0, align 8
step alloc 24 709: ret void
step alloc 9 1552: %10 = load i64, ptr %4, align 8
step alloc 9 1553: br label %11
step alloc 11 1557: %13 = icmp sgt i64 %12, -1
step alloc 11 1558: tail call void @llvm.assume(i1 %13)
step alloc 11 1559: %14 = getelementptr inbounds nuw i8, ptr %0, i64 8
step alloc 11 1560: %15 = load ptr, ptr %14, align 8
step alloc 11 1561: %16 = getelementptr inbounds nuw i8, ptr %15, i64 %12
step alloc 11 1562: tail call void @llvm.memcpy.p0.p0.i64(ptr nonnull align 1 %16, ptr nonnull readonly align 1 %1, i64 %2, i1 false)
step alloc 11 1563: %17 = add i64 %12, %2
step alloc 11 1564: store i64 %17, ptr %4, align 8
step alloc 11 1565: ret i1 false
step core 8 3406: br label %18
step core 18 3415: ret i1 %19
step core 3 3623: ret i1 %4
step user start 11555: ret i1 %_0
step core 48 909: call void @llvm.lifetime.end.p0(i64 24, ptr nonnull %6)
step core 48 910: br i1 %53, label %29, label %58
step core 58 920: %59 = add i64 %34, 1
step core 58 921: br label %120
step core 120 1021: %123 = load i8, ptr %122, align 1
step core 120 1022: %124 = icmp eq i8 %123, 0
step core 120 1023: br i1 %124, label %29, label %31
step core 31 873: %35 = getelementptr inbounds nuw i8, ptr %33, i64 1
step core 31 874: %36 = icmp sgt i8 %32, -1
step core 31 875: br i1 %36, label %38, label %37
step core 38 884: %39 = zext nneg i8 %32 to i64
step core 38 885: %40 = getelementptr inbounds nuw i8, ptr %35, i64 %39
step core 38 886: %41 = call noundef zeroext i1 %19(ptr noundef nonnull align 1 %0, ptr noalias noundef nonnull readonly align 1 captures(address, read_provenance) %35, i64 noundef %39) #43
step alloc 3 1541: tail call void @llvm.experimental.noalias.scope.decl(metadata !1671)
step alloc 3 1542: tail call void @llvm.experimental.noalias.scope.decl(metadata !1675)
step alloc 3 1543: %4 = getelementptr inbounds nuw i8, ptr %0, i64 16
step alloc 3 1544: %5 = load i64, ptr %4, align 8
step alloc 3 1545: %6 = load i64, ptr %0, align 8
step alloc 3 1546: %7 = sub i64 %6, %5
step alloc 3 1547: %8 = icmp ugt i64 %2, %7
step alloc 3 1548: br i1 %8, label %9, label %11
step alloc 9 1551: tail call fastcc void @"_ZN5alloc7raw_vec20RawVecInner$LT$A$GT$7reserve21do_reserve_and_handle17ha4ed364a5d4c85d9E"(ptr noalias noundef nonnull align 8 dereferenceable(24) %0, i64 noundef %5, i64 noundef %2)
step alloc 3 669: %4 = alloca [24 x i8], align 8
step alloc 3 670: tail call void @llvm.experimental.noalias.scope.decl(metadata !750)
step alloc 3 671: %5 = add i64 %2, %1
step alloc 3 672: %6 = icmp ult i64 %5, %1
step alloc 3 673: br i1 %6, label %21, label %7
step alloc 7 676: %8 = load i64, ptr %0, align 8
step alloc 7 677: %9 = shl nuw i64 %8, 1
step alloc 7 678: %10 = tail call noundef i64 @llvm.umax.i64(i64 %5, i64 range(i64 0, -1) %9)
step alloc 7 679: %11 = tail call noundef i64 @llvm.umax.i64(i64 %10, i64 8)
step alloc 7 680: call void @llvm.lifetime.start.p0(i64 24, ptr nonnull %4)
step alloc 7 681: %12 = getelementptr inbounds nuw i8, ptr %0, i64 8
step alloc 7 682: %13 = load ptr, ptr %12, align 8
step alloc 7 683: call fastcc void @"_ZN5alloc7raw_vec20RawVecInner$LT$A$GT$11finish_grow17hac26ebc55b283d42E"(ptr noalias noundef align 8 captures(none) dereferenceable(24) %4, i64 %8, ptr %13, i64 noundef %11)
step alloc 4 714: %5 = icmp slt i64 %3, 0
step alloc 4 715: br i1 %5, label %24, label %6
step alloc 6 718: %7 = icmp eq i64 %1, 0
step alloc 6 719: br i1 %7, label %12, label %8
step alloc 8 722: %9 = icmp ne ptr %2, null
step alloc 8 723: tail call void @llvm.assume(i1 %9)
step alloc 8 724: %10 = icmp uge i64 %3, %1
step alloc 8 725: tail call void @llvm.assume(i1 %10)
step alloc 8 726: %11 = tail call noundef ptr @_RNvCs1Y7DaGC1cwg_7___rustc14___rust_realloc(ptr noundef nonnull %2, i64 noundef %1, i64 noundef range(i64 1, -9223372036854775807) 1, i64 noundef %3) #34
step alloc 8 727: br label %16
step alloc 16 740: %18 = icmp eq ptr %17, null
step alloc 16 741: br i1 %18, label %19, label %21
step alloc 21 750: %23 = getelementptr inbounds nuw i8, ptr %0, i64 8
step alloc 21 751: store ptr %22, ptr %23, align 8
step alloc 21 752: br label %24
step alloc 24 758: %28 = getelementptr inbounds nuw i8, ptr %0, i64 %25
step alloc 24 759: store i64 %26, ptr %28, align 8
step alloc 24 760: store i64 %27, ptr %0, align 8
step alloc 24 761: ret void
step alloc 7 684: %14 = load i64, ptr %4, align 8
step alloc 7 685: %15 = trunc nuw i64 %14 to i1
step alloc 7 686: %16 = getelementptr inbounds nuw i8, ptr %4, i64 8
step alloc 7 687: br i1 %15, label %17, label %24
step alloc 24 703: %25 = load ptr, ptr %16, align 8
step alloc 24 704: call void @llvm.lifetime.end.p0(i64 24, ptr nonnull %4)
step alloc 24 705: store ptr %25, ptr %12, align 8
step alloc 24 706: %26 = icmp sgt i64 %11, -1
step alloc 24 707: tail call void @llvm.assume(i1 %26)
step alloc 24 708: store i64 %11, ptr %0, align 8
step alloc 24 709: ret void
step alloc 9 1552: %10 = load i64, ptr %4, align 8
step alloc 9 1553: br label %11
step alloc 11 1557: %13 = icmp sgt i64 %12, -1
step alloc 11 1558: tail call void @llvm.assume(i1 %13)
step alloc 11 1559: %14 = getelementptr inbounds nuw i8, ptr %0, i64 8
step alloc 11 1560: %15 = load ptr, ptr %14, align 8
step alloc 11 1561: %16 = getelementptr inbounds nuw i8, ptr %15, i64 %12
step alloc 11 1562: tail call void @llvm.memcpy.p0.p0.i64(ptr nonnull align 1 %16, ptr nonnull readonly align 1 %1, i64 %2, i1 false)
step alloc 11 1563: %17 = add i64 %12, %2
step alloc 11 1564: store i64 %17, ptr %4, align 8
step alloc 11 1565: ret i1 false
step core 38 887: br i1 %41, label %29, label %120
step core 120 1021: %123 = load i8, ptr %122, align 1
step core 120 1022: %124 = icmp eq i8 %123, 0
step core 120 1023: br i1 %124, label %29, label %31
step core 29 867: ret i1 %30
step alloc 90 1457: br label %105
step alloc 105 1488: call void @llvm.lifetime.start.p0(i64 0, ptr nonnull %4)
step alloc 105 1489: br i1 %91, label %106, label %108
step alloc 108 1499: call void @llvm.lifetime.end.p0(i64 0, ptr nonnull %4)
step alloc 108 1500: call void @llvm.memcpy.p0.p0.i64(ptr noundef nonnull align 8 dereferenceable(24) %0, ptr noundef nonnull align 8 dereferenceable(24) %5, i64 24, i1 false)
step alloc 108 1501: call void @llvm.lifetime.end.p0(i64 24, ptr nonnull %5)
step alloc 108 1502: ret void
step user "_ZN5alloc3vec16Vec$LT$T$C$A$GT$14extend_trusted17hfe3cc4b1aa58378bE.exit" 7840: call void @llvm.lifetime.end.p0(i64 16, ptr nonnull %args)
step user "_ZN5alloc3vec16Vec$LT$T$C$A$GT$14extend_trusted17hfe3cc4b1aa58378bE.exit" 7842: call void @"_ZN70_$LT$alloc..vec..Vec$LT$T$C$A$GT$$u20$as$u20$core..ops..drop..Drop$GT$4drop17h14333928fc26a391E"(ptr noalias noundef nonnull align 8 dereferenceable(24) %_12) #40
step gimli 1 19190: ret void
step user "_ZN5alloc3vec16Vec$LT$T$C$A$GT$14extend_trusted17hfe3cc4b1aa58378bE.exit" 7844: call void @"_ZN77_$LT$alloc..raw_vec..RawVec$LT$T$C$A$GT$$u20$as$u20$core..ops..drop..Drop$GT$4drop17h3a64b8460906f4f4E"(ptr noalias noundef nonnull align 8 dereferenceable(24) %_12) #40
step gimli 1 19330: tail call void @"_ZN5alloc7raw_vec20RawVecInner$LT$A$GT$10deallocate17h1ab787cdb4e63fb3E"(ptr noalias noundef nonnull align 8 dereferenceable(16) %0, i64 noundef 1, i64 noundef 1)
step gimli 3 2568: %4 = alloca i64, align 8
step gimli 3 2569: %5 = alloca i64, align 8
step gimli 3 2570: call void @llvm.lifetime.start.p0(i64 8, ptr nonnull %4)
step gimli 3 2571: call void @llvm.lifetime.start.p0(i64 8, ptr nonnull %5)
step gimli 3 2572: tail call void @llvm.experimental.noalias.scope.decl(metadata !101)
step gimli 3 2573: tail call void @llvm.experimental.noalias.scope.decl(metadata !104)
step gimli 3 2574: %6 = icmp eq i64 %2, 0
step gimli 3 2575: br i1 %6, label %14, label %7
step gimli 7 2578: %8 = load i64, ptr %0, align 8
step gimli 7 2579: %9 = icmp eq i64 %8, 0
step gimli 7 2580: br i1 %9, label %14, label %10
step gimli 10 2583: %11 = mul nuw i64 %8, %2
step gimli 10 2584: %12 = getelementptr inbounds nuw i8, ptr %0, i64 8
step gimli 10 2585: %13 = load ptr, ptr %12, align 8
step gimli 10 2586: store i64 %1, ptr %4, align 8
step gimli 10 2587: br label %14
step gimli 14 2593: store i64 %17, ptr %16, align 8
step gimli 14 2594: %18 = load i64, ptr %4, align 8
step gimli 14 2595: %19 = icmp eq i64 %18, 0
step gimli 14 2596: br i1 %19, label %25, label %20
step gimli 20 2599: %21 = icmp ne ptr %15, null
step gimli 20 2600: tail call void @llvm.assume(i1 %21)
step gimli 20 2601: %22 = load i64, ptr %5, align 8
step gimli 20 2602: %23 = icmp eq i64 %22, 0
step gimli 20 2603: br i1 %23, label %25, label %24
step gimli 24 2606: tail call void @_RNvCs1Y7DaGC1cwg_7___rustc14___rust_dealloc(ptr noundef nonnull %15, i64 noundef %22, i64 noundef range(i64 1, -9223372036854775807) %18) #37
step gimli 24 2607: br label %25
step gimli 25 2610: call void @llvm.lifetime.end.p0(i64 8, ptr nonnull %4)
step gimli 25 2611: call void @llvm.lifetime.end.p0(i64 8, ptr nonnull %5)
step gimli 25 2612: ret void
step gimli 1 19331: ret void
step user "_ZN5alloc3vec16Vec$LT$T$C$A$GT$14extend_trusted17hfe3cc4b1aa58378bE.exit" 7845: call void @llvm.lifetime.end.p0(i64 24, ptr nonnull %_12)
step user "_ZN5alloc3vec16Vec$LT$T$C$A$GT$14extend_trusted17hfe3cc4b1aa58378bE.exit" 7846: call void @llvm.experimental.noalias.scope.decl(metadata !9223)
step user "_ZN5alloc3vec16Vec$LT$T$C$A$GT$14extend_trusted17hfe3cc4b1aa58378bE.exit" 7847: call void @llvm.experimental.noalias.scope.decl(metadata !9227)
step user "_ZN5alloc3vec16Vec$LT$T$C$A$GT$14extend_trusted17hfe3cc4b1aa58378bE.exit" 7848: %_5.i.i = load ptr, ptr %8, align 8
step user "_ZN5alloc3vec16Vec$LT$T$C$A$GT$14extend_trusted17hfe3cc4b1aa58378bE.exit" 7849: %len.i.i = load i64, ptr %9, align 8
step user "_ZN5alloc3vec16Vec$LT$T$C$A$GT$14extend_trusted17hfe3cc4b1aa58378bE.exit" 7850: %_73.i.i.i = icmp eq i64 %len.i.i, 0
step user "_ZN5alloc3vec16Vec$LT$T$C$A$GT$14extend_trusted17hfe3cc4b1aa58378bE.exit" 7851: br i1 %_73.i.i.i, label %"_ZN4core3ptr65drop_in_place$LT$alloc..vec..Vec$LT$alloc..string..String$GT$$GT$17hbe14ba1f77821929E.exit", label %bb2.i.i.i
step user bb2.i.i.i 7855: %_6.i.i.i = getelementptr inbounds nuw %"alloc::string::String", ptr %_5.i.i, i64 %_3.sroa.0.04.i.i.i
step user bb2.i.i.i 7856: %10 = add nuw i64 %_3.sroa.0.04.i.i.i, 1
step user bb2.i.i.i 7858: call void @"_ZN70_$LT$alloc..vec..Vec$LT$T$C$A$GT$$u20$as$u20$core..ops..drop..Drop$GT$4drop17h14333928fc26a391E"(ptr noalias noundef nonnull align 8 dereferenceable(24) %_6.i.i.i) #40
step gimli 1 19190: ret void
step user bb2.i.i.i 7860: call void @"_ZN77_$LT$alloc..raw_vec..RawVec$LT$T$C$A$GT$$u20$as$u20$core..ops..drop..Drop$GT$4drop17h3a64b8460906f4f4E"(ptr noalias noundef nonnull align 8 dereferenceable(24) %_6.i.i.i) #40
step gimli 1 19330: tail call void @"_ZN5alloc7raw_vec20RawVecInner$LT$A$GT$10deallocate17h1ab787cdb4e63fb3E"(ptr noalias noundef nonnull align 8 dereferenceable(16) %0, i64 noundef 1, i64 noundef 1)
step gimli 3 2568: %4 = alloca i64, align 8
step gimli 3 2569: %5 = alloca i64, align 8
step gimli 3 2570: call void @llvm.lifetime.start.p0(i64 8, ptr nonnull %4)
step gimli 3 2571: call void @llvm.lifetime.start.p0(i64 8, ptr nonnull %5)
step gimli 3 2572: tail call void @llvm.experimental.noalias.scope.decl(metadata !101)
step gimli 3 2573: tail call void @llvm.experimental.noalias.scope.decl(metadata !104)
step gimli 3 2574: %6 = icmp eq i64 %2, 0
step gimli 3 2575: br i1 %6, label %14, label %7
step gimli 7 2578: %8 = load i64, ptr %0, align 8
step gimli 7 2579: %9 = icmp eq i64 %8, 0
step gimli 7 2580: br i1 %9, label %14, label %10
step gimli 10 2583: %11 = mul nuw i64 %8, %2
step gimli 10 2584: %12 = getelementptr inbounds nuw i8, ptr %0, i64 8
step gimli 10 2585: %13 = load ptr, ptr %12, align 8
step gimli 10 2586: store i64 %1, ptr %4, align 8
step gimli 10 2587: br label %14
step gimli 14 2593: store i64 %17, ptr %16, align 8
step gimli 14 2594: %18 = load i64, ptr %4, align 8
step gimli 14 2595: %19 = icmp eq i64 %18, 0
step gimli 14 2596: br i1 %19, label %25, label %20
step gimli 20 2599: %21 = icmp ne ptr %15, null
step gimli 20 2600: tail call void @llvm.assume(i1 %21)
step gimli 20 2601: %22 = load i64, ptr %5, align 8
step gimli 20 2602: %23 = icmp eq i64 %22, 0
step gimli 20 2603: br i1 %23, label %25, label %24
step gimli 24 2606: tail call void @_RNvCs1Y7DaGC1cwg_7___rustc14___rust_dealloc(ptr noundef nonnull %15, i64 noundef %22, i64 noundef range(i64 1, -9223372036854775807) %18) #37
step gimli 24 2607: br label %25
step gimli 25 2610: call void @llvm.lifetime.end.p0(i64 8, ptr nonnull %4)
step gimli 25 2611: call void @llvm.lifetime.end.p0(i64 8, ptr nonnull %5)
step gimli 25 2612: ret void
step gimli 1 19331: ret void
step user bb2.i.i.i 7861: %_7.i.i.i = icmp eq i64 %10, %len.i.i
step user bb2.i.i.i 7862: br i1 %_7.i.i.i, label %"_ZN4core3ptr65drop_in_place$LT$alloc..vec..Vec$LT$alloc..string..String$GT$$GT$17hbe14ba1f77821929E.exit", label %bb2.i.i.i
step user bb2.i.i.i 7855: %_6.i.i.i = getelementptr inbounds nuw %"alloc::string::String", ptr %_5.i.i, i64 %_3.sroa.0.04.i.i.i
step user bb2.i.i.i 7856: %10 = add nuw i64 %_3.sroa.0.04.i.i.i, 1
step user bb2.i.i.i 7858: call void @"_ZN70_$LT$alloc..vec..Vec$LT$T$C$A$GT$$u20$as$u20$core..ops..drop..Drop$GT$4drop17h14333928fc26a391E"(ptr noalias noundef nonnull align 8 dereferenceable(24) %_6.i.i.i) #40
step gimli 1 19190: ret void
step user bb2.i.i.i 7860: call void @"_ZN77_$LT$alloc..raw_vec..RawVec$LT$T$C$A$GT$$u20$as$u20$core..ops..drop..Drop$GT$4drop17h3a64b8460906f4f4E"(ptr noalias noundef nonnull align 8 dereferenceable(24) %_6.i.i.i) #40
step gimli 1 19330: tail call void @"_ZN5alloc7raw_vec20RawVecInner$LT$A$GT$10deallocate17h1ab787cdb4e63fb3E"(ptr noalias noundef nonnull align 8 dereferenceable(16) %0, i64 noundef 1, i64 noundef 1)
step gimli 3 2568: %4 = alloca i64, align 8
step gimli 3 2569: %5 = alloca i64, align 8
step gimli 3 2570: call void @llvm.lifetime.start.p0(i64 8, ptr nonnull %4)
step gimli 3 2571: call void @llvm.lifetime.start.p0(i64 8, ptr nonnull %5)
step gimli 3 2572: tail call void @llvm.experimental.noalias.scope.decl(metadata !101)
step gimli 3 2573: tail call void @llvm.experimental.noalias.scope.decl(metadata !104)
step gimli 3 2574: %6 = icmp eq i64 %2, 0
step gimli 3 2575: br i1 %6, label %14, label %7
step gimli 7 2578: %8 = load i64, ptr %0, align 8
step gimli 7 2579: %9 = icmp eq i64 %8, 0
step gimli 7 2580: br i1 %9, label %14, label %10
step gimli 10 2583: %11 = mul nuw i64 %8, %2
step gimli 10 2584: %12 = getelementptr inbounds nuw i8, ptr %0, i64 8
step gimli 10 2585: %13 = load ptr, ptr %12, align 8
step gimli 10 2586: store i64 %1, ptr %4, align 8
step gimli 10 2587: br label %14
step gimli 14 2593: store i64 %17, ptr %16, align 8
step gimli 14 2594: %18 = load i64, ptr %4, align 8
step gimli 14 2595: %19 = icmp eq i64 %18, 0
step gimli 14 2596: br i1 %19, label %25, label %20
step gimli 20 2599: %21 = icmp ne ptr %15, null
step gimli 20 2600: tail call void @llvm.assume(i1 %21)
step gimli 20 2601: %22 = load i64, ptr %5, align 8
step gimli 20 2602: %23 = icmp eq i64 %22, 0
step gimli 20 2603: br i1 %23, label %25, label %24
step gimli 24 2606: tail call void @_RNvCs1Y7DaGC1cwg_7___rustc14___rust_dealloc(ptr noundef nonnull %15, i64 noundef %22, i64 noundef range(i64 1, -9223372036854775807) %18) #37
step gimli 24 2607: br label %25
step gimli 25 2610: call void @llvm.lifetime.end.p0(i64 8, ptr nonnull %4)
step gimli 25 2611: call void @llvm.lifetime.end.p0(i64 8, ptr nonnull %5)
step gimli 25 2612: ret void
step gimli 1 19331: ret void
step user bb2.i.i.i 7861: %_7.i.i.i = icmp eq i64 %10, %len.i.i
step user bb2.i.i.i 7862: br i1 %_7.i.i.i, label %"_ZN4core3ptr65drop_in_place$LT$alloc..vec..Vec$LT$alloc..string..String$GT$$GT$17hbe14ba1f77821929E.exit", label %bb2.i.i.i
step user bb2.i.i.i 7855: %_6.i.i.i = getelementptr inbounds nuw %"alloc::string::String", ptr %_5.i.i, i64 %_3.sroa.0.04.i.i.i
step user bb2.i.i.i 7856: %10 = add nuw i64 %_3.sroa.0.04.i.i.i, 1
step user bb2.i.i.i 7858: call void @"_ZN70_$LT$alloc..vec..Vec$LT$T$C$A$GT$$u20$as$u20$core..ops..drop..Drop$GT$4drop17h14333928fc26a391E"(ptr noalias noundef nonnull align 8 dereferenceable(24) %_6.i.i.i) #40
step gimli 1 19190: ret void
step user bb2.i.i.i 7860: call void @"_ZN77_$LT$alloc..raw_vec..RawVec$LT$T$C$A$GT$$u20$as$u20$core..ops..drop..Drop$GT$4drop17h3a64b8460906f4f4E"(ptr noalias noundef nonnull align 8 dereferenceable(24) %_6.i.i.i) #40
step gimli 1 19330: tail call void @"_ZN5alloc7raw_vec20RawVecInner$LT$A$GT$10deallocate17h1ab787cdb4e63fb3E"(ptr noalias noundef nonnull align 8 dereferenceable(16) %0, i64 noundef 1, i64 noundef 1)
step gimli 3 2568: %4 = alloca i64, align 8
step gimli 3 2569: %5 = alloca i64, align 8
step gimli 3 2570: call void @llvm.lifetime.start.p0(i64 8, ptr nonnull %4)
step gimli 3 2571: call void @llvm.lifetime.start.p0(i64 8, ptr nonnull %5)
step gimli 3 2572: tail call void @llvm.experimental.noalias.scope.decl(metadata !101)
step gimli 3 2573: tail call void @llvm.experimental.noalias.scope.decl(metadata !104)
step gimli 3 2574: %6 = icmp eq i64 %2, 0
step gimli 3 2575: br i1 %6, label %14, label %7
step gimli 7 2578: %8 = load i64, ptr %0, align 8
step gimli 7 2579: %9 = icmp eq i64 %8, 0
step gimli 7 2580: br i1 %9, label %14, label %10
step gimli 10 2583: %11 = mul nuw i64 %8, %2
step gimli 10 2584: %12 = getelementptr inbounds nuw i8, ptr %0, i64 8
step gimli 10 2585: %13 = load ptr, ptr %12, align 8
step gimli 10 2586: store i64 %1, ptr %4, align 8
step gimli 10 2587: br label %14
step gimli 14 2593: store i64 %17, ptr %16, align 8
step gimli 14 2594: %18 = load i64, ptr %4, align 8
step gimli 14 2595: %19 = icmp eq i64 %18, 0
step gimli 14 2596: br i1 %19, label %25, label %20
step gimli 20 2599: %21 = icmp ne ptr %15, null
step gimli 20 2600: tail call void @llvm.assume(i1 %21)
step gimli 20 2601: %22 = load i64, ptr %5, align 8
step gimli 20 2602: %23 = icmp eq i64 %22, 0
step gimli 20 2603: br i1 %23, label %25, label %24
step gimli 24 2606: tail call void @_RNvCs1Y7DaGC1cwg_7___rustc14___rust_dealloc(ptr noundef nonnull %15, i64 noundef %22, i64 noundef range(i64 1, -9223372036854775807) %18) #37
step gimli 24 2607: br label %25
step gimli 25 2610: call void @llvm.lifetime.end.p0(i64 8, ptr nonnull %4)
step gimli 25 2611: call void @llvm.lifetime.end.p0(i64 8, ptr nonnull %5)
step gimli 25 2612: ret void
step gimli 1 19331: ret void
step user bb2.i.i.i 7861: %_7.i.i.i = icmp eq i64 %10, %len.i.i
step user bb2.i.i.i 7862: br i1 %_7.i.i.i, label %"_ZN4core3ptr65drop_in_place$LT$alloc..vec..Vec$LT$alloc..string..String$GT$$GT$17hbe14ba1f77821929E.exit", label %bb2.i.i.i
step user "_ZN4core3ptr65drop_in_place$LT$alloc..vec..Vec$LT$alloc..string..String$GT$$GT$17hbe14ba1f77821929E.exit" 7866: call void @"_ZN5alloc7raw_vec20RawVecInner$LT$A$GT$10deallocate17h1ab787cdb4e63fb3E"(ptr noalias noundef nonnull align 8 dereferenceable(24) %parts, i64 noundef 8, i64 noundef 24) #40
step gimli 3 2568: %4 = alloca i64, align 8
step gimli 3 2569: %5 = alloca i64, align 8
step gimli 3 2570: call void @llvm.lifetime.start.p0(i64 8, ptr nonnull %4)
step gimli 3 2571: call void @llvm.lifetime.start.p0(i64 8, ptr nonnull %5)
step gimli 3 2572: tail call void @llvm.experimental.noalias.scope.decl(metadata !101)
step gimli 3 2573: tail call void @llvm.experimental.noalias.scope.decl(metadata !104)
step gimli 3 2574: %6 = icmp eq i64 %2, 0
step gimli 3 2575: br i1 %6, label %14, label %7
step gimli 7 2578: %8 = load i64, ptr %0, align 8
step gimli 7 2579: %9 = icmp eq i64 %8, 0
step gimli 7 2580: br i1 %9, label %14, label %10
step gimli 10 2583: %11 = mul nuw i64 %8, %2
step gimli 10 2584: %12 = getelementptr inbounds nuw i8, ptr %0, i64 8
step gimli 10 2585: %13 = load ptr, ptr %12, align 8
step gimli 10 2586: store i64 %1, ptr %4, align 8
step gimli 10 2587: br label %14
step gimli 14 2593: store i64 %17, ptr %16, align 8
step gimli 14 2594: %18 = load i64, ptr %4, align 8
step gimli 14 2595: %19 = icmp eq i64 %18, 0
step gimli 14 2596: br i1 %19, label %25, label %20
step gimli 20 2599: %21 = icmp ne ptr %15, null
step gimli 20 2600: tail call void @llvm.assume(i1 %21)
step gimli 20 2601: %22 = load i64, ptr %5, align 8
step gimli 20 2602: %23 = icmp eq i64 %22, 0
step gimli 20 2603: br i1 %23, label %25, label %24
step gimli 24 2606: tail call void @_RNvCs1Y7DaGC1cwg_7___rustc14___rust_dealloc(ptr noundef nonnull %15, i64 noundef %22, i64 noundef range(i64 1, -9223372036854775807) %18) #37
step gimli 24 2607: br label %25
step gimli 25 2610: call void @llvm.lifetime.end.p0(i64 8, ptr nonnull %4)
step gimli 25 2611: call void @llvm.lifetime.end.p0(i64 8, ptr nonnull %5)
step gimli 25 2612: ret void
step user "_ZN4core3ptr65drop_in_place$LT$alloc..vec..Vec$LT$alloc..string..String$GT$$GT$17hbe14ba1f77821929E.exit" 7867: call void @llvm.lifetime.end.p0(i64 24, ptr nonnull %parts)
step user "_ZN4core3ptr65drop_in_place$LT$alloc..vec..Vec$LT$alloc..string..String$GT$$GT$17hbe14ba1f77821929E.exit" 7868: br label %bb16
step user bb16 7877: ret void
step user bb9.i.i.i 7814: %_3.i.i.i.i.i = getelementptr inbounds nuw %"alloc::string::String", ptr %this.1.i.i, i64 %_5.i.sroa.5.0.i
step user bb9.i.i.i 7815: call void @llvm.memcpy.p0.p0.i64(ptr noundef nonnull align 8 dereferenceable(24) %_3.i.i.i.i.i, ptr noundef nonnull readonly align 8 dereferenceable(24) %_5.i.i2.i, i64 24, i1 false)
step user bb9.i.i.i 7816: %7 = add i64 %_5.i.sroa.5.0.i, 1
step user bb9.i.i.i 7817: call void @llvm.lifetime.end.p0(i64 24, ptr nonnull %_5.i.i2.i)
step user bb9.i.i.i 7818: %_27.i.i.i = add nuw i64 %i.sroa.0.0.i.i.i, 1
step user bb9.i.i.i 7819: %_28.i.i.i = icmp eq i64 %_27.i.i.i, %_4.i
step user bb9.i.i.i 7820: br i1 %_28.i.i.i, label %"_ZN5alloc3vec16Vec$LT$T$C$A$GT$14extend_trusted17hfe3cc4b1aa58378bE.exit", label %bb9.i.i.i
step user "_ZN5alloc3vec16Vec$LT$T$C$A$GT$14extend_trusted17hfe3cc4b1aa58378bE.exit" 7824: store i64 %err.0.i.i, ptr %parts, align 8
step user "_ZN5alloc3vec16Vec$LT$T$C$A$GT$14extend_trusted17hfe3cc4b1aa58378bE.exit" 7825: %vector.i.sroa.4.0.parts.sroa_idx = getelementptr inbounds nuw i8, ptr %parts, i64 8
step user "_ZN5alloc3vec16Vec$LT$T$C$A$GT$14extend_trusted17hfe3cc4b1aa58378bE.exit" 7826: store ptr %this.1.i.i, ptr %vector.i.sroa.4.0.parts.sroa_idx, align 8
step user "_ZN5alloc3vec16Vec$LT$T$C$A$GT$14extend_trusted17hfe3cc4b1aa58378bE.exit" 7827: %vector.i.sroa.5.0.parts.sroa_idx = getelementptr inbounds nuw i8, ptr %parts, i64 16
step user "_ZN5alloc3vec16Vec$LT$T$C$A$GT$14extend_trusted17hfe3cc4b1aa58378bE.exit" 7828: store i64 %vector.i.sroa.5.0, ptr %vector.i.sroa.5.0.parts.sroa_idx, align 8
step user "_ZN5alloc3vec16Vec$LT$T$C$A$GT$14extend_trusted17hfe3cc4b1aa58378bE.exit" 7829: call void @llvm.lifetime.start.p0(i64 24, ptr nonnull %_12)
step user "_ZN5alloc3vec16Vec$LT$T$C$A$GT$14extend_trusted17hfe3cc4b1aa58378bE.exit" 7830: %8 = getelementptr inbounds nuw i8, ptr %parts, i64 8
step user "_ZN5alloc3vec16Vec$LT$T$C$A$GT$14extend_trusted17hfe3cc4b1aa58378bE.exit" 7831: %9 = getelementptr inbounds nuw i8, ptr %parts, i64 16
step user "_ZN5alloc3vec16Vec$LT$T$C$A$GT$14extend_trusted17hfe3cc4b1aa58378bE.exit" 7833: call void @_ZN5alloc3str17join_generic_copy17h3ad4bb0367cf2eb9E(ptr noalias noundef sret([24 x i8]) align 8 captures(none) dereferenceable(24) %_12, ptr noalias noundef nonnull readonly align 8 captures(address, read_provenance) %this.1.i.i, i64 noundef range(i64 0, 384307168202282326) %vector.i.sroa.5.0, ptr noalias noundef nonnull readonly align 1 captures(address, read_provenance) @alloc_0242e8ee118de705af76c627590b82cc, i64 noundef 1) #40
step user start 2342: %_4.i99 = alloca [24 x i8], align 8
step user start 2343: %result = alloca [24 x i8], align 8
step user start 2344: %_95.idx = mul nuw nsw i64 %slice.1, 24
step user start 2345: %_95 = getelementptr inbounds nuw i8, ptr %slice.0, i64 %_95.idx
step user start 2346: %_103 = icmp eq i64 %slice.1, 0
step user start 2347: br i1 %_103, label %bb178, label %bb41
step user bb41 2350: %_113 = getelementptr inbounds nuw i8, ptr %slice.0, i64 24
step user bb41 2351: %gepdiff = add nsw i64 %_95.idx, -24
step user bb41 2352: %0 = udiv exact i64 %gepdiff, 24
step user bb41 2353: %1 = tail call { i64, i1 } @llvm.umul.with.overflow.i64(i64 %sep.1, i64 %0)
step user bb41 2354: %_124.1 = extractvalue { i64, i1 } %1, 1
step user bb41 2355: br i1 %_124.1, label %bb52, label %bb47
step user bb47 2358: %_124.0 = extractvalue { i64, i1 } %1, 0
step user bb47 2359: br label %bb1.i
step user bb1.i 2364: %_6.i.i = icmp eq ptr %_16.i4.i, %_95
step user bb1.i 2365: br i1 %_6.i.i, label %bb53, label %bb3.i
step user bb3.i 2368: %spec.select = getelementptr inbounds nuw i8, ptr %_16.i4.i, i64 24
step user bb3.i 2369: %2 = getelementptr inbounds nuw i8, ptr %_16.i4.i, i64 16
step user bb3.i 2370: %_5.i.i.i.i = load i64, ptr %2, align 8
step user bb3.i 2371: %_4.0.i.i.i.i = add i64 %_5.i.i.i.i, %accum.sroa.0.0.i
step user bb3.i 2372: %_4.1.i.i.i.i = icmp ult i64 %_4.0.i.i.i.i, %accum.sroa.0.0.i
step user bb3.i 2373: br i1 %_4.1.i.i.i.i, label %bb52, label %bb1.i
step user bb1.i 2364: %_6.i.i = icmp eq ptr %_16.i4.i, %_95
step user bb1.i 2365: br i1 %_6.i.i, label %bb53, label %bb3.i
step user bb3.i 2368: %spec.select = getelementptr inbounds nuw i8, ptr %_16.i4.i, i64 24
step user bb3.i 2369: %2 = getelementptr inbounds nuw i8, ptr %_16.i4.i, i64 16
step user bb3.i 2370: %_5.i.i.i.i = load i64, ptr %2, align 8
step user bb3.i 2371: %_4.0.i.i.i.i = add i64 %_5.i.i.i.i, %accum.sroa.0.0.i
step user bb3.i 2372: %_4.1.i.i.i.i = icmp ult i64 %_4.0.i.i.i.i, %accum.sroa.0.0.i
step user bb3.i 2373: br i1 %_4.1.i.i.i.i, label %bb52, label %bb1.i
step user bb1.i 2364: %_6.i.i = icmp eq ptr %_16.i4.i, %_95
step user bb1.i 2365: br i1 %_6.i.i, label %bb53, label %bb3.i
step user bb3.i 2368: %spec.select = getelementptr inbounds nuw i8, ptr %_16.i4.i, i64 24
step user bb3.i 2369: %2 = getelementptr inbounds nuw i8, ptr %_16.i4.i, i64 16
step user bb3.i 2370: %_5.i.i.i.i = load i64, ptr %2, align 8
step user bb3.i 2371: %_4.0.i.i.i.i = add i64 %_5.i.i.i.i, %accum.sroa.0.0.i
step user bb3.i 2372: %_4.1.i.i.i.i = icmp ult i64 %_4.0.i.i.i.i, %accum.sroa.0.0.i
step user bb3.i 2373: br i1 %_4.1.i.i.i.i, label %bb52, label %bb1.i
step user bb1.i 2364: %_6.i.i = icmp eq ptr %_16.i4.i, %_95
step user bb1.i 2365: br i1 %_6.i.i, label %bb53, label %bb3.i
step user bb53 2376: call void @llvm.lifetime.start.p0(i64 24, ptr nonnull %result)
step user bb53 2377: call void @llvm.lifetime.start.p0(i64 24, ptr nonnull %_4.i99)
step user bb53 2379: call void @"_ZN5alloc7raw_vec20RawVecInner$LT$A$GT$15try_allocate_in17hc67d7bda7bd87c69E"(ptr noalias noundef sret([24 x i8]) align 8 captures(none) dereferenceable(24) %_4.i99, i64 noundef %accum.sroa.0.0.i, i1 noundef zeroext false, i64 noundef 1, i64 noundef 1) #40
step gimli 5 4126: %6 = add i64 %3, -1
step gimli 5 4127: %7 = add nuw i64 %6, %4
step gimli 5 4128: %8 = sub i64 0, %3
step gimli 5 4129: %9 = and i64 %7, %8
step gimli 5 4130: %10 = tail call { i64, i1 } @llvm.umul.with.overflow.i64(i64 %9, i64 %1)
step gimli 5 4131: %11 = extractvalue { i64, i1 } %10, 0
step gimli 5 4132: %12 = extractvalue { i64, i1 } %10, 1
step gimli 5 4133: %13 = sub nuw i64 -9223372036854775808, %3
step gimli 5 4134: %14 = icmp ugt i64 %11, %13
step gimli 5 4135: %15 = select i1 %12, i1 true, i1 %14
step gimli 5 4136: br i1 %15, label %16, label %18
step gimli 18 4144: %19 = icmp eq i64 %11, 0
step gimli 18 4145: br i1 %19, label %20, label %24
step gimli 24 4156: tail call void @_RNvCs1Y7DaGC1cwg_7___rustc35___rust_no_alloc_shim_is_unstable_v2() #37
step gimli 24 4157: br i1 %2, label %27, label %29
step gimli 29 4169: %30 = tail call noundef ptr @_RNvCs1Y7DaGC1cwg_7___rustc12___rust_alloc(i64 noundef %11, i64 noundef range(i64 1, -9223372036854775807) %3) #37
step gimli 29 4170: br label %31
step gimli 31 4174: %33 = icmp eq ptr %32, null
step gimli 31 4175: br i1 %33, label %34, label %37
step gimli 37 4185: %38 = icmp sgt i64 %1, -1
step gimli 37 4186: tail call void @llvm.assume(i1 %38)
step gimli 37 4187: %39 = getelementptr inbounds nuw i8, ptr %0, i64 8
step gimli 37 4188: store i64 %1, ptr %39, align 8
step gimli 37 4189: %40 = getelementptr inbounds nuw i8, ptr %0, i64 16
step gimli 37 4190: store ptr %32, ptr %40, align 8
step gimli 37 4191: br label %25
step gimli 25 4161: store i64 %26, ptr %0, align 8
step gimli 25 4162: ret void
step user bb53 2380: %_5.i = load i64, ptr %_4.i99, align 8
step user bb53 2381: %3 = trunc nuw i64 %_5.i to i1
step user bb53 2382: %4 = getelementptr inbounds nuw i8, ptr %_4.i99, i64 8
step user bb53 2383: %err.0.i = load i64, ptr %4, align 8
step user bb53 2384: %5 = getelementptr inbounds nuw i8, ptr %_4.i99, i64 16
step user bb53 2385: br i1 %3, label %bb3.i100, label %"_ZN5alloc7raw_vec20RawVecInner$LT$A$GT$16with_capacity_in17he9e3370d34e3c529E.exit"
step user "_ZN5alloc7raw_vec20RawVecInner$LT$A$GT$16with_capacity_in17he9e3370d34e3c529E.exit" 2394: %this.1.i = load ptr, ptr %5, align 8
step user "_ZN5alloc7raw_vec20RawVecInner$LT$A$GT$16with_capacity_in17he9e3370d34e3c529E.exit" 2395: %_7.i = icmp ule i64 %accum.sroa.0.0.i, %err.0.i
step user "_ZN5alloc7raw_vec20RawVecInner$LT$A$GT$16with_capacity_in17he9e3370d34e3c529E.exit" 2396: tail call void @llvm.assume(i1 %_7.i)
step user "_ZN5alloc7raw_vec20RawVecInner$LT$A$GT$16with_capacity_in17he9e3370d34e3c529E.exit" 2397: call void @llvm.lifetime.end.p0(i64 24, ptr nonnull %_4.i99)
step user "_ZN5alloc7raw_vec20RawVecInner$LT$A$GT$16with_capacity_in17he9e3370d34e3c529E.exit" 2398: store i64 %err.0.i, ptr %result, align 8
step user "_ZN5alloc7raw_vec20RawVecInner$LT$A$GT$16with_capacity_in17he9e3370d34e3c529E.exit" 2399: %6 = getelementptr inbounds nuw i8, ptr %result, i64 8
step user "_ZN5alloc7raw_vec20RawVecInner$LT$A$GT$16with_capacity_in17he9e3370d34e3c529E.exit" 2400: store ptr %this.1.i, ptr %6, align 8
step user "_ZN5alloc7raw_vec20RawVecInner$LT$A$GT$16with_capacity_in17he9e3370d34e3c529E.exit" 2401: %7 = getelementptr inbounds nuw i8, ptr %result, i64 16
step user "_ZN5alloc7raw_vec20RawVecInner$LT$A$GT$16with_capacity_in17he9e3370d34e3c529E.exit" 2402: store i64 0, ptr %7, align 8
step user "_ZN5alloc7raw_vec20RawVecInner$LT$A$GT$16with_capacity_in17he9e3370d34e3c529E.exit" 2403: %8 = getelementptr inbounds nuw i8, ptr %slice.0, i64 8
step user "_ZN5alloc7raw_vec20RawVecInner$LT$A$GT$16with_capacity_in17he9e3370d34e3c529E.exit" 2404: %_6.i = load ptr, ptr %8, align 8
step user "_ZN5alloc7raw_vec20RawVecInner$LT$A$GT$16with_capacity_in17he9e3370d34e3c529E.exit" 2405: %9 = getelementptr inbounds nuw i8, ptr %slice.0, i64 16
step user "_ZN5alloc7raw_vec20RawVecInner$LT$A$GT$16with_capacity_in17he9e3370d34e3c529E.exit" 2406: %_5.i101 = load i64, ptr %9, align 8
step user "_ZN5alloc7raw_vec20RawVecInner$LT$A$GT$16with_capacity_in17he9e3370d34e3c529E.exit" 2408: call void @"_ZN5alloc3vec16Vec$LT$T$C$A$GT$7reserve17h2f692e8ba7e2c189E"(ptr noalias noundef nonnull align 8 dereferenceable(24) %result, i64 noundef %_5.i101) #40
step addr2line 2 48: %3 = getelementptr inbounds nuw i8, ptr %0, i64 16
step addr2line 2 49: %4 = load i64, ptr %3, align 8
step addr2line 2 50: %5 = load i64, ptr %0, align 8
step addr2line 2 51: %6 = sub i64 %5, %4
step addr2line 2 52: %7 = icmp ugt i64 %1, %6
step addr2line 2 53: br i1 %7, label %9, label %8
step addr2line 8 56: ret void
step user "_ZN5alloc7raw_vec20RawVecInner$LT$A$GT$16with_capacity_in17he9e3370d34e3c529E.exit" 2409: %len.i.i = load i64, ptr %7, align 8
step user "_ZN5alloc7raw_vec20RawVecInner$LT$A$GT$16with_capacity_in17he9e3370d34e3c529E.exit" 2410: %_9.i.i = icmp sgt i64 %len.i.i, -1
step user "_ZN5alloc7raw_vec20RawVecInner$LT$A$GT$16with_capacity_in17he9e3370d34e3c529E.exit" 2411: call void @llvm.assume(i1 %_9.i.i)
step user "_ZN5alloc7raw_vec20RawVecInner$LT$A$GT$16with_capacity_in17he9e3370d34e3c529E.exit" 2412: %_10.i.i = load ptr, ptr %6, align 8
step user "_ZN5alloc7raw_vec20RawVecInner$LT$A$GT$16with_capacity_in17he9e3370d34e3c529E.exit" 2413: %dst.i.i = getelementptr inbounds nuw i8, ptr %_10.i.i, i64 %len.i.i
step user "_ZN5alloc7raw_vec20RawVecInner$LT$A$GT$16with_capacity_in17he9e3370d34e3c529E.exit" 2414: call void @llvm.memcpy.p0.p0.i64(ptr nonnull align 1 %dst.i.i, ptr nonnull readonly align 1 %_6.i, i64 %_5.i101, i1 false)
step user "_ZN5alloc7raw_vec20RawVecInner$LT$A$GT$16with_capacity_in17he9e3370d34e3c529E.exit" 2415: %10 = load i64, ptr %7, align 8
step user "_ZN5alloc7raw_vec20RawVecInner$LT$A$GT$16with_capacity_in17he9e3370d34e3c529E.exit" 2416: %11 = add i64 %10, %_5.i101
step user "_ZN5alloc7raw_vec20RawVecInner$LT$A$GT$16with_capacity_in17he9e3370d34e3c529E.exit" 2417: store i64 %11, ptr %7, align 8
step user "_ZN5alloc7raw_vec20RawVecInner$LT$A$GT$16with_capacity_in17he9e3370d34e3c529E.exit" 2418: %_157 = icmp sgt i64 %11, -1
step user "_ZN5alloc7raw_vec20RawVecInner$LT$A$GT$16with_capacity_in17he9e3370d34e3c529E.exit" 2419: call void @llvm.assume(i1 %_157)
step user "_ZN5alloc7raw_vec20RawVecInner$LT$A$GT$16with_capacity_in17he9e3370d34e3c529E.exit" 2420: %_166 = load ptr, ptr %6, align 8
step user "_ZN5alloc7raw_vec20RawVecInner$LT$A$GT$16with_capacity_in17he9e3370d34e3c529E.exit" 2421: %_159 = getelementptr inbounds nuw i8, ptr %_166, i64 %11
step user "_ZN5alloc7raw_vec20RawVecInner$LT$A$GT$16with_capacity_in17he9e3370d34e3c529E.exit" 2422: %index = sub i64 %accum.sroa.0.0.i, %11
step user "_ZN5alloc7raw_vec20RawVecInner$LT$A$GT$16with_capacity_in17he9e3370d34e3c529E.exit" 2423: %_344296 = icmp eq i64 %slice.1, 1
step user "_ZN5alloc7raw_vec20RawVecInner$LT$A$GT$16with_capacity_in17he9e3370d34e3c529E.exit" 2424: switch i64 %sep.1, label %bb26.preheader [ i64 0, label %bb11.preheader i64 1, label %bb14.preheader i64 2, label %bb17.preheader i64 3, label %bb20.preheader i64 4, label %bb23.preheader ]
step user bb14.preheader 2442: br i1 %_344296, label %bb29, label %bb91
step user bb91 2503: %_230 = getelementptr inbounds nuw i8, ptr %iter_uninit.sroa.0.1289, i64 24
step user bb91 2504: %14 = getelementptr inbounds nuw i8, ptr %iter_uninit.sroa.0.1289, i64 8
step user bb91 2505: %_6.i120 = load ptr, ptr %14, align 8
step user bb91 2506: %15 = getelementptr inbounds nuw i8, ptr %iter_uninit.sroa.0.1289, i64 16
step user bb91 2507: %_5.i121 = load i64, ptr %15, align 8
step user bb91 2508: %_6.not.i122 = icmp ugt i64 %sep.1, %target.sroa.26.2288
step user bb91 2509: br i1 %_6.not.i122, label %bb3.i129, label %"_ZN4core5slice29_$LT$impl$u20$$u5b$T$u5d$$GT$12split_at_mut17ha134592e2951f866E.exit130"
step user "_ZN4core5slice29_$LT$impl$u20$$u5b$T$u5d$$GT$12split_at_mut17ha134592e2951f866E.exit130" 2517: %len.i.i125 = sub nuw nsw i64 %target.sroa.26.2288, %sep.1
step user "_ZN4core5slice29_$LT$impl$u20$$u5b$T$u5d$$GT$12split_at_mut17ha134592e2951f866E.exit130" 2518: call void @llvm.memcpy.p0.p0.i64(ptr nonnull align 1 %target.sroa.0.2287, ptr nonnull readonly align 1 %sep.0, i64 range(i64 0, -9223372036854775808) %sep.1, i1 false)
step user "_ZN4core5slice29_$LT$impl$u20$$u5b$T$u5d$$GT$12split_at_mut17ha134592e2951f866E.exit130" 2519: %_6.not.i134 = icmp ugt i64 %_5.i121, %len.i.i125
step user "_ZN4core5slice29_$LT$impl$u20$$u5b$T$u5d$$GT$12split_at_mut17ha134592e2951f866E.exit130" 2520: br i1 %_6.not.i134, label %bb3.i141, label %"_ZN4core5slice29_$LT$impl$u20$$u5b$T$u5d$$GT$12split_at_mut17ha134592e2951f866E.exit142"
step user "_ZN4core5slice29_$LT$impl$u20$$u5b$T$u5d$$GT$12split_at_mut17ha134592e2951f866E.exit142" 2528: %data.i.i124 = getelementptr inbounds nuw i8, ptr %target.sroa.0.2287, i64 %sep.1
step user "_ZN4core5slice29_$LT$impl$u20$$u5b$T$u5d$$GT$12split_at_mut17ha134592e2951f866E.exit142" 2529: %data.i.i136 = getelementptr inbounds nuw i8, ptr %data.i.i124, i64 %_5.i121
step user "_ZN4core5slice29_$LT$impl$u20$$u5b$T$u5d$$GT$12split_at_mut17ha134592e2951f866E.exit142" 2530: %len.i.i137 = sub nuw nsw i64 %len.i.i125, %_5.i121
step user "_ZN4core5slice29_$LT$impl$u20$$u5b$T$u5d$$GT$12split_at_mut17ha134592e2951f866E.exit142" 2531: call void @llvm.memcpy.p0.p0.i64(ptr nonnull align 1 %data.i.i124, ptr nonnull readonly align 1 %_6.i120, i64 range(i64 0, -9223372036854775808) %_5.i121, i1 false)
step user "_ZN4core5slice29_$LT$impl$u20$$u5b$T$u5d$$GT$12split_at_mut17ha134592e2951f866E.exit142" 2532: %_220 = icmp eq ptr %_230, %_95
step user "_ZN4core5slice29_$LT$impl$u20$$u5b$T$u5d$$GT$12split_at_mut17ha134592e2951f866E.exit142" 2533: br i1 %_220, label %bb29, label %bb91
step user bb91 2503: %_230 = getelementptr inbounds nuw i8, ptr %iter_uninit.sroa.0.1289, i64 24
step user bb91 2504: %14 = getelementptr inbounds nuw i8, ptr %iter_uninit.sroa.0.1289, i64 8
step user bb91 2505: %_6.i120 = load ptr, ptr %14, align 8
step user bb91 2506: %15 = getelementptr inbounds nuw i8, ptr %iter_uninit.sroa.0.1289, i64 16
step user bb91 2507: %_5.i121 = load i64, ptr %15, align 8
step user bb91 2508: %_6.not.i122 = icmp ugt i64 %sep.1, %target.sroa.26.2288
step user bb91 2509: br i1 %_6.not.i122, label %bb3.i129, label %"_ZN4core5slice29_$LT$impl$u20$$u5b$T$u5d$$GT$12split_at_mut17ha134592e2951f866E.exit130"
step user "_ZN4core5slice29_$LT$impl$u20$$u5b$T$u5d$$GT$12split_at_mut17ha134592e2951f866E.exit130" 2517: %len.i.i125 = sub nuw nsw i64 %target.sroa.26.2288, %sep.1
step user "_ZN4core5slice29_$LT$impl$u20$$u5b$T$u5d$$GT$12split_at_mut17ha134592e2951f866E.exit130" 2518: call void @llvm.memcpy.p0.p0.i64(ptr nonnull align 1 %target.sroa.0.2287, ptr nonnull readonly align 1 %sep.0, i64 range(i64 0, -9223372036854775808) %sep.1, i1 false)
step user "_ZN4core5slice29_$LT$impl$u20$$u5b$T$u5d$$GT$12split_at_mut17ha134592e2951f866E.exit130" 2519: %_6.not.i134 = icmp ugt i64 %_5.i121, %len.i.i125
step user "_ZN4core5slice29_$LT$impl$u20$$u5b$T$u5d$$GT$12split_at_mut17ha134592e2951f866E.exit130" 2520: br i1 %_6.not.i134, label %bb3.i141, label %"_ZN4core5slice29_$LT$impl$u20$$u5b$T$u5d$$GT$12split_at_mut17ha134592e2951f866E.exit142"
step user "_ZN4core5slice29_$LT$impl$u20$$u5b$T$u5d$$GT$12split_at_mut17ha134592e2951f866E.exit142" 2528: %data.i.i124 = getelementptr inbounds nuw i8, ptr %target.sroa.0.2287, i64 %sep.1
step user "_ZN4core5slice29_$LT$impl$u20$$u5b$T$u5d$$GT$12split_at_mut17ha134592e2951f866E.exit142" 2529: %data.i.i136 = getelementptr inbounds nuw i8, ptr %data.i.i124, i64 %_5.i121
step user "_ZN4core5slice29_$LT$impl$u20$$u5b$T$u5d$$GT$12split_at_mut17ha134592e2951f866E.exit142" 2530: %len.i.i137 = sub nuw nsw i64 %len.i.i125, %_5.i121
step user "_ZN4core5slice29_$LT$impl$u20$$u5b$T$u5d$$GT$12split_at_mut17ha134592e2951f866E.exit142" 2531: call void @llvm.memcpy.p0.p0.i64(ptr nonnull align 1 %data.i.i124, ptr nonnull readonly align 1 %_6.i120, i64 range(i64 0, -9223372036854775808) %_5.i121, i1 false)
step user "_ZN4core5slice29_$LT$impl$u20$$u5b$T$u5d$$GT$12split_at_mut17ha134592e2951f866E.exit142" 2532: %_220 = icmp eq ptr %_230, %_95
step user "_ZN4core5slice29_$LT$impl$u20$$u5b$T$u5d$$GT$12split_at_mut17ha134592e2951f866E.exit142" 2533: br i1 %_220, label %bb29, label %bb91
step user bb29 2493: %result_len = sub i64 %accum.sroa.0.0.i, %target.sroa.26.1
step user bb29 2494: store i64 %result_len, ptr %7, align 8
step user bb29 2495: call void @llvm.memcpy.p0.p0.i64(ptr noundef nonnull align 8 dereferenceable(24) %_0, ptr noundef nonnull align 8 dereferenceable(24) %result, i64 24, i1 false)
step user bb29 2496: call void @llvm.lifetime.end.p0(i64 24, ptr nonnull %result)
step user bb29 2497: br label %bb30
step user bb30 2680: ret void
step user "_ZN5alloc3vec16Vec$LT$T$C$A$GT$14extend_trusted17hfe3cc4b1aa58378bE.exit" 7834: call void @llvm.lifetime.start.p0(i64 16, ptr nonnull %args)
step user "_ZN5alloc3vec16Vec$LT$T$C$A$GT$14extend_trusted17hfe3cc4b1aa58378bE.exit" 7835: store ptr %_12, ptr %args, align 8
step user "_ZN5alloc3vec16Vec$LT$T$C$A$GT$14extend_trusted17hfe3cc4b1aa58378bE.exit" 7836: %_16.sroa.4.0.args.sroa_idx = getelementptr inbounds nuw i8, ptr %args, i64 8
step user "_ZN5alloc3vec16Vec$LT$T$C$A$GT$14extend_trusted17hfe3cc4b1aa58378bE.exit" 7837: store ptr @"_ZN60_$LT$alloc..string..String$u20$as$u20$core..fmt..Display$GT$3fmt17h533be0b37474125dE", ptr %_16.sroa.4.0.args.sroa_idx, align 8
step user "_ZN5alloc3vec16Vec$LT$T$C$A$GT$14extend_trusted17hfe3cc4b1aa58378bE.exit" 7839: call void @_ZN5alloc3fmt6format12format_inner17h655a6aa2517b043fE(ptr noalias noundef nonnull sret([24 x i8]) align 8 captures(none) dereferenceable(24) %_0, ptr noundef nonnull @alloc_ab91a472b64da6fb697bf7138f4c9ada, ptr noundef nonnull %args) #40
step alloc 3 1318: %4 = alloca [0 x i8], align 1
step alloc 3 1319: %5 = alloca [24 x i8], align 8
step alloc 3 1320: %6 = ptrtoint ptr %2 to i64
step alloc 3 1321: %7 = and i64 %6, 1
step alloc 3 1322: %8 = icmp ne i64 %7, 0
step alloc 3 1323: br i1 %8, label %9, label %11
step alloc 11 1330: %12 = load i8, ptr %1, align 1
step alloc 11 1331: %13 = icmp eq i8 %12, 0
step alloc 11 1332: br i1 %13, label %14, label %18
step alloc 18 1348: %23 = getelementptr inbounds nuw i8, ptr %19, i64 1
step alloc 18 1349: %24 = icmp sgt i8 %20, -1
step alloc 18 1350: br i1 %24, label %27, label %25
step alloc 27 1357: %28 = zext nneg i8 %20 to i64
step alloc 27 1358: %29 = add i64 %22, %28
step alloc 27 1359: %30 = getelementptr inbounds nuw i8, ptr %23, i64 %28
step alloc 27 1360: br label %54
step alloc 54 1394: %58 = load i8, ptr %57, align 1
step alloc 54 1395: %59 = icmp eq i8 %58, 0
step alloc 54 1396: br i1 %59, label %15, label %18
step alloc 18 1348: %23 = getelementptr inbounds nuw i8, ptr %19, i64 1
step alloc 18 1349: %24 = icmp sgt i8 %20, -1
step alloc 18 1350: br i1 %24, label %27, label %25
step alloc 25 1353: %26 = icmp eq i8 %20, -128
step alloc 25 1354: br i1 %26, label %31, label %37
step alloc 37 1371: %38 = icmp samesign ugt i8 %20, -65
step alloc 37 1372: tail call void @llvm.assume(i1 %38)
step alloc 37 1373: %39 = icmp eq i64 %22, 0
step alloc 37 1374: %40 = select i1 %39, i1 true, i1 %21
step alloc 37 1375: %41 = trunc i8 %20 to i3
step alloc 37 1376: %42 = and i3 %41, 3
step alloc 37 1377: %43 = tail call i3 @llvm.bitreverse.i3(i3 %42)
step alloc 37 1378: %44 = zext i3 %43 to i64
step alloc 37 1379: %45 = lshr i8 %20, 1
step alloc 37 1380: %46 = and i8 %45, 2
step alloc 37 1381: %47 = zext nneg i8 %46 to i64
step alloc 37 1382: %48 = lshr i8 %20, 2
step alloc 37 1383: %49 = and i8 %48, 2
step alloc 37 1384: %50 = zext nneg i8 %49 to i64
step alloc 37 1385: %51 = getelementptr inbounds nuw i8, ptr %23, i64 %44
step alloc 37 1386: %52 = getelementptr inbounds nuw i8, ptr %51, i64 %47
step alloc 37 1387: %53 = getelementptr inbounds nuw i8, ptr %52, i64 %50
step alloc 37 1388: br label %54
step alloc 54 1394: %58 = load i8, ptr %57, align 1
step alloc 54 1395: %59 = icmp eq i8 %58, 0
step alloc 54 1396: br i1 %59, label %15, label %18
step alloc 18 1348: %23 = getelementptr inbounds nuw i8, ptr %19, i64 1
step alloc 18 1349: %24 = icmp sgt i8 %20, -1
step alloc 18 1350: br i1 %24, label %27, label %25
step alloc 27 1357: %28 = zext nneg i8 %20 to i64
step alloc 27 1358: %29 = add i64 %22, %28
step alloc 27 1359: %30 = getelementptr inbounds nuw i8, ptr %23, i64 %28
step alloc 27 1360: br label %54
step alloc 54 1394: %58 = load i8, ptr %57, align 1
step alloc 54 1395: %59 = icmp eq i8 %58, 0
step alloc 54 1396: br i1 %59, label %15, label %18
step alloc 15 1339: %16 = icmp ult i64 %55, 16
step alloc 15 1340: %17 = select i1 %56, i1 %16, i1 false
step alloc 15 1341: br i1 %17, label %60, label %62
step alloc 62 1404: %63 = shl i64 %55, 1
step alloc 62 1405: call void @llvm.lifetime.start.p0(i64 24, ptr nonnull %5)
step alloc 62 1406: %64 = icmp slt i64 %63, 0
step alloc 62 1407: br i1 %64, label %73, label %65
step alloc 65 1411: %67 = icmp eq i64 %66, 0
step alloc 65 1412: br i1 %67, label %82, label %68
step alloc 68 1415: tail call void @_RNvCs1Y7DaGC1cwg_7___rustc35___rust_no_alloc_shim_is_unstable_v2() #34
step alloc 68 1416: %69 = tail call noundef ptr @_RNvCs1Y7DaGC1cwg_7___rustc12___rust_alloc(i64 noundef %66, i64 noundef range(i64 1, -9223372036854775807) 1) #34
step alloc 68 1417: %70 = icmp eq ptr %69, null
step alloc 68 1418: br i1 %70, label %73, label %71
step alloc 71 1421: %72 = ptrtoint ptr %69 to i64
step alloc 71 1422: br label %82
step alloc 82 1446: %85 = inttoptr i64 %84 to ptr
step alloc 82 1447: store i64 %83, ptr %5, align 8
step alloc 82 1448: %86 = getelementptr inbounds nuw i8, ptr %5, i64 8
step alloc 82 1449: store ptr %85, ptr %86, align 8
step alloc 82 1450: %87 = getelementptr inbounds nuw i8, ptr %5, i64 16
step alloc 82 1451: store i64 0, ptr %87, align 8
step alloc 82 1452: %88 = tail call i1 @llvm.is.constant.i1(i1 %8)
step alloc 82 1453: %89 = and i1 %8, %88
step alloc 82 1454: br i1 %89, label %92, label %90
step alloc 90 1457: %91 = call noundef zeroext i1 @_ZN4core3fmt5write17h469843d235cc4241E(ptr noundef nonnull align 1 %5, ptr noalias noundef readonly align 8 captures(address, read_provenance) dereferenceable(48) @anon.068515ceb440f2045f9efa1d8ab36ee9.16, ptr noundef nonnull %1, ptr noundef nonnull %2)
step core 4 833: %5 = alloca [24 x i8], align 8
step core 4 834: %6 = alloca [24 x i8], align 8
step core 4 835: %7 = ptrtoint ptr %3 to i64
step core 4 836: %8 = and i64 %7, 1
step core 4 837: %9 = icmp eq i64 %8, 0
step core 4 838: br i1 %9, label %10, label %24
step core 10 841: %11 = load i8, ptr %2, align 1
step core 10 842: %12 = icmp eq i8 %11, 0
step core 10 843: br i1 %12, label %29, label %13
step core 13 846: %14 = getelementptr inbounds nuw i8, ptr %6, i64 16
step core 13 847: %15 = getelementptr inbounds nuw i8, ptr %6, i64 20
step core 13 848: %16 = getelementptr inbounds nuw i8, ptr %6, i64 22
step core 13 849: %17 = getelementptr inbounds nuw i8, ptr %6, i64 8
step core 13 850: %18 = getelementptr inbounds nuw i8, ptr %1, i64 24
step core 13 851: %19 = load ptr, ptr %18, align 8
step core 13 852: %20 = getelementptr inbounds nuw i8, ptr %5, i64 16
step core 13 853: %21 = getelementptr inbounds nuw i8, ptr %5, i64 20
step core 13 854: %22 = getelementptr inbounds nuw i8, ptr %5, i64 22
step core 13 855: %23 = getelementptr inbounds nuw i8, ptr %5, i64 8
step core 13 856: br label %31
step core 31 873: %35 = getelementptr inbounds nuw i8, ptr %33, i64 1
step core 31 874: %36 = icmp sgt i8 %32, -1
step core 31 875: br i1 %36, label %38, label %37
step core 38 884: %39 = zext nneg i8 %32 to i64
step core 38 885: %40 = getelementptr inbounds nuw i8, ptr %35, i64 %39
step core 38 886: %41 = call noundef zeroext i1 %19(ptr noundef nonnull align 1 %0, ptr noalias noundef nonnull readonly align 1 captures(address, read_provenance) %35, i64 noundef %39) #43
step alloc 3 1541: tail call void @llvm.experimental.noalias.scope.decl(metadata !1671)
step alloc 3 1542: tail call void @llvm.experimental.noalias.scope.decl(metadata !1675)
step alloc 3 1543: %4 = getelementptr inbounds nuw i8, ptr %0, i64 16
step alloc 3 1544: %5 = load i64, ptr %4, align 8
step alloc 3 1545: %6 = load i64, ptr %0, align 8
step alloc 3 1546: %7 = sub i64 %6, %5
step alloc 3 1547: %8 = icmp ugt i64 %2, %7
step alloc 3 1548: br i1 %8, label %9, label %11
step alloc 11 1557: %13 = icmp sgt i64 %12, -1
step alloc 11 1558: tail call void @llvm.assume(i1 %13)
step alloc 11 1559: %14 = getelementptr inbounds nuw i8, ptr %0, i64 8
step alloc 11 1560: %15 = load ptr, ptr %14, align 8
step alloc 11 1561: %16 = getelementptr inbounds nuw i8, ptr %15, i64 %12
step alloc 11 1562: tail call void @llvm.memcpy.p0.p0.i64(ptr nonnull align 1 %16, ptr nonnull readonly align 1 %1, i64 %2, i1 false)
step alloc 11 1563: %17 = add i64 %12, %2
step alloc 11 1564: store i64 %17, ptr %4, align 8
step alloc 11 1565: ret i1 false
step core 38 887: br i1 %41, label %29, label %120
step core 120 1021: %123 = load i8, ptr %122, align 1
step core 120 1022: %124 = icmp eq i8 %123, 0
step core 120 1023: br i1 %124, label %29, label %31
step core 31 873: %35 = getelementptr inbounds nuw i8, ptr %33, i64 1
step core 31 874: %36 = icmp sgt i8 %32, -1
step core 31 875: br i1 %36, label %38, label %37
step core 37 878: switch i8 %32, label %54 [ i8 -128, label %42 i8 -64, label %48 ]
step core 48 898: %49 = getelementptr inbounds nuw { { ptr, [1 x i64] } }, ptr %3, i64 %34
step core 48 899: call void @llvm.lifetime.start.p0(i64 24, ptr nonnull %6)
step core 48 900: store i32 1610612768, ptr %14, align 8
step core 48 901: store i16 0, ptr %15, align 4
step core 48 902: store i16 0, ptr %16, align 2
step core 48 903: store ptr %0, ptr %6, align 8
step core 48 904: store ptr %1, ptr %17, align 8
step core 48 905: %50 = load ptr, ptr %49, align 8
step core 48 906: %51 = getelementptr inbounds nuw i8, ptr %49, i64 8
step core 48 907: %52 = load ptr, ptr %51, align 8
step core 48 908: %53 = call noundef zeroext i1 %52(ptr noundef nonnull %50, ptr noalias noundef nonnull align 8 dereferenceable(24) %6)
step user start 11549: %0 = getelementptr inbounds nuw i8, ptr %self, i64 8
step user start 11550: %_8 = load ptr, ptr %0, align 8
step user start 11551: %1 = getelementptr inbounds nuw i8, ptr %self, i64 16
step user start 11552: %_7 = load i64, ptr %1, align 8
step user start 11554: %_0 = tail call noundef zeroext i1 @"_ZN42_$LT$str$u20$as$u20$core..fmt..Display$GT$3fmt17hd9a969270df8e839E"(ptr noalias noundef nonnull readonly align 1 captures(address, read_provenance) %_8, i64 noundef %_7, ptr noalias noundef align 8 dereferenceable(24) %f) #40
step core 3 3622: %4 = tail call noundef zeroext i1 @_ZN4core3fmt9Formatter3pad17hd951768bb544c519E(ptr noalias noundef nonnull align 8 dereferenceable(24) %2, ptr noalias noundef nonnull readonly align 1 captures(address, read_provenance) %0, i64 noundef %1)
step core 3 3393: %4 = getelementptr inbounds nuw i8, ptr %0, i64 16
step core 3 3394: %5 = load i32, ptr %4, align 8
step core 3 3395: %6 = and i32 %5, 402653184
step core 3 3396: %7 = icmp eq i32 %6, 0
step core 3 3397: br i1 %7, label %8, label %15
step core 8 3400: %9 = load ptr, ptr %0, align 8
step core 8 3401: %10 = getelementptr inbounds nuw i8, ptr %0, i64 8
step core 8 3402: %11 = load ptr, ptr %10, align 8
step core 8 3403: %12 = getelementptr inbounds nuw i8, ptr %11, i64 24
step core 8 3404: %13 = load ptr, ptr %12, align 8
step core 8 3405: %14 = tail call noundef zeroext i1 %13(ptr noundef nonnull align 1 %9, ptr noalias noundef nonnull readonly align 1 captures(address, read_provenance) %1, i64 noundef %2) #43
step alloc 3 1541: tail call void @llvm.experimental.noalias.scope.decl(metadata !1671)
step alloc 3 1542: tail call void @llvm.experimental.noalias.scope.decl(metadata !1675)
step alloc 3 1543: %4 = getelementptr inbounds nuw i8, ptr %0, i64 16
step alloc 3 1544: %5 = load i64, ptr %4, align 8
step alloc 3 1545: %6 = load i64, ptr %0, align 8
step alloc 3 1546: %7 = sub i64 %6, %5
step alloc 3 1547: %8 = icmp ugt i64 %2, %7
step alloc 3 1548: br i1 %8, label %9, label %11
step alloc 9 1551: tail call fastcc void @"_ZN5alloc7raw_vec20RawVecInner$LT$A$GT$7reserve21do_reserve_and_handle17ha4ed364a5d4c85d9E"(ptr noalias noundef nonnull align 8 dereferenceable(24) %0, i64 noundef %5, i64 noundef %2)
step alloc 3 669: %4 = alloca [24 x i8], align 8
step alloc 3 670: tail call void @llvm.experimental.noalias.scope.decl(metadata !750)
step alloc 3 671: %5 = add i64 %2, %1
step alloc 3 672: %6 = icmp ult i64 %5, %1
step alloc 3 673: br i1 %6, label %21, label %7
step alloc 7 676: %8 = load i64, ptr %0, align 8
step alloc 7 677: %9 = shl nuw i64 %8, 1
step alloc 7 678: %10 = tail call noundef i64 @llvm.umax.i64(i64 %5, i64 range(i64 0, -1) %9)
step alloc 7 679: %11 = tail call noundef i64 @llvm.umax.i64(i64 %10, i64 8)
step alloc 7 680: call void @llvm.lifetime.start.p0(i64 24, ptr nonnull %4)
step alloc 7 681: %12 = getelementptr inbounds nuw i8, ptr %0, i64 8
step alloc 7 682: %13 = load ptr, ptr %12, align 8
step alloc 7 683: call fastcc void @"_ZN5alloc7raw_vec20RawVecInner$LT$A$GT$11finish_grow17hac26ebc55b283d42E"(ptr noalias noundef align 8 captures(none) dereferenceable(24) %4, i64 %8, ptr %13, i64 noundef %11)
step alloc 4 714: %5 = icmp slt i64 %3, 0
step alloc 4 715: br i1 %5, label %24, label %6
step alloc 6 718: %7 = icmp eq i64 %1, 0
step alloc 6 719: br i1 %7, label %12, label %8
step alloc 8 722: %9 = icmp ne ptr %2, null
step alloc 8 723: tail call void @llvm.assume(i1 %9)
step alloc 8 724: %10 = icmp uge i64 %3, %1
step alloc 8 725: tail call void @llvm.assume(i1 %10)
step alloc 8 726: %11 = tail call noundef ptr @_RNvCs1Y7DaGC1cwg_7___rustc14___rust_realloc(ptr noundef nonnull %2, i64 noundef %1, i64 noundef range(i64 1, -9223372036854775807) 1, i64 noundef %3) #34
step alloc 8 727: br label %16
step alloc 16 740: %18 = icmp eq ptr %17, null
step alloc 16 741: br i1 %18, label %19, label %21
step alloc 21 750: %23 = getelementptr inbounds nuw i8, ptr %0, i64 8
step alloc 21 751: store ptr %22, ptr %23, align 8
step alloc 21 752: br label %24
step alloc 24 758: %28 = getelementptr inbounds nuw i8, ptr %0, i64 %25
step alloc 24 759: store i64 %26, ptr %28, align 8
step alloc 24 760: store i64 %27, ptr %0, align 8
step alloc 24 761: ret void
step alloc 7 684: %14 = load i64, ptr %4, align 8
step alloc 7 685: %15 = trunc nuw i64 %14 to i1
step alloc 7 686: %16 = getelementptr inbounds nuw i8, ptr %4, i64 8
step alloc 7 687: br i1 %15, label %17, label %24
step alloc 24 703: %25 = load ptr, ptr %16, align 8
step alloc 24 704: call void @llvm.lifetime.end.p0(i64 24, ptr nonnull %4)
step alloc 24 705: store ptr %25, ptr %12, align 8
step alloc 24 706: %26 = icmp sgt i64 %11, -1
step alloc 24 707: tail call void @llvm.assume(i1 %26)
step alloc 24 708: store i64 %11, ptr %0, align 8
step alloc 24 709: ret void
step alloc 9 1552: %10 = load i64, ptr %4, align 8
step alloc 9 1553: br label %11
step alloc 11 1557: %13 = icmp sgt i64 %12, -1
step alloc 11 1558: tail call void @llvm.assume(i1 %13)
step alloc 11 1559: %14 = getelementptr inbounds nuw i8, ptr %0, i64 8
step alloc 11 1560: %15 = load ptr, ptr %14, align 8
step alloc 11 1561: %16 = getelementptr inbounds nuw i8, ptr %15, i64 %12
step alloc 11 1562: tail call void @llvm.memcpy.p0.p0.i64(ptr nonnull align 1 %16, ptr nonnull readonly align 1 %1, i64 %2, i1 false)
step alloc 11 1563: %17 = add i64 %12, %2
step alloc 11 1564: store i64 %17, ptr %4, align 8
step alloc 11 1565: ret i1 false
step core 8 3406: br label %18
step core 18 3415: ret i1 %19
step core 3 3623: ret i1 %4
step user start 11555: ret i1 %_0
step core 48 909: call void @llvm.lifetime.end.p0(i64 24, ptr nonnull %6)
step core 48 910: br i1 %53, label %29, label %58
step core 58 920: %59 = add i64 %34, 1
step core 58 921: br label %120
step core 120 1021: %123 = load i8, ptr %122, align 1
step core 120 1022: %124 = icmp eq i8 %123, 0
step core 120 1023: br i1 %124, label %29, label %31
step core 31 873: %35 = getelementptr inbounds nuw i8, ptr %33, i64 1
step core 31 874: %36 = icmp sgt i8 %32, -1
step core 31 875: br i1 %36, label %38, label %37
step core 38 884: %39 = zext nneg i8 %32 to i64
step core 38 885: %40 = getelementptr inbounds nuw i8, ptr %35, i64 %39
step core 38 886: %41 = call noundef zeroext i1 %19(ptr noundef nonnull align 1 %0, ptr noalias noundef nonnull readonly align 1 captures(address, read_provenance) %35, i64 noundef %39) #43
step alloc 3 1541: tail call void @llvm.experimental.noalias.scope.decl(metadata !1671)
step alloc 3 1542: tail call void @llvm.experimental.noalias.scope.decl(metadata !1675)
step alloc 3 1543: %4 = getelementptr inbounds nuw i8, ptr %0, i64 16
step alloc 3 1544: %5 = load i64, ptr %4, align 8
step alloc 3 1545: %6 = load i64, ptr %0, align 8
step alloc 3 1546: %7 = sub i64 %6, %5
step alloc 3 1547: %8 = icmp ugt i64 %2, %7
step alloc 3 1548: br i1 %8, label %9, label %11
step alloc 9 1551: tail call fastcc void @"_ZN5alloc7raw_vec20RawVecInner$LT$A$GT$7reserve21do_reserve_and_handle17ha4ed364a5d4c85d9E"(ptr noalias noundef nonnull align 8 dereferenceable(24) %0, i64 noundef %5, i64 noundef %2)
step alloc 3 669: %4 = alloca [24 x i8], align 8
step alloc 3 670: tail call void @llvm.experimental.noalias.scope.decl(metadata !750)
step alloc 3 671: %5 = add i64 %2, %1
step alloc 3 672: %6 = icmp ult i64 %5, %1
step alloc 3 673: br i1 %6, label %21, label %7
step alloc 7 676: %8 = load i64, ptr %0, align 8
step alloc 7 677: %9 = shl nuw i64 %8, 1
step alloc 7 678: %10 = tail call noundef i64 @llvm.umax.i64(i64 %5, i64 range(i64 0, -1) %9)
step alloc 7 679: %11 = tail call noundef i64 @llvm.umax.i64(i64 %10, i64 8)
step alloc 7 680: call void @llvm.lifetime.start.p0(i64 24, ptr nonnull %4)
step alloc 7 681: %12 = getelementptr inbounds nuw i8, ptr %0, i64 8
step alloc 7 682: %13 = load ptr, ptr %12, align 8
step alloc 7 683: call fastcc void @"_ZN5alloc7raw_vec20RawVecInner$LT$A$GT$11finish_grow17hac26ebc55b283d42E"(ptr noalias noundef align 8 captures(none) dereferenceable(24) %4, i64 %8, ptr %13, i64 noundef %11)
step alloc 4 714: %5 = icmp slt i64 %3, 0
step alloc 4 715: br i1 %5, label %24, label %6
step alloc 6 718: %7 = icmp eq i64 %1, 0
step alloc 6 719: br i1 %7, label %12, label %8
step alloc 8 722: %9 = icmp ne ptr %2, null
step alloc 8 723: tail call void @llvm.assume(i1 %9)
step alloc 8 724: %10 = icmp uge i64 %3, %1
step alloc 8 725: tail call void @llvm.assume(i1 %10)
step alloc 8 726: %11 = tail call noundef ptr @_RNvCs1Y7DaGC1cwg_7___rustc14___rust_realloc(ptr noundef nonnull %2, i64 noundef %1, i64 noundef range(i64 1, -9223372036854775807) 1, i64 noundef %3) #34
step alloc 8 727: br label %16
step alloc 16 740: %18 = icmp eq ptr %17, null
step alloc 16 741: br i1 %18, label %19, label %21
step alloc 21 750: %23 = getelementptr inbounds nuw i8, ptr %0, i64 8
step alloc 21 751: store ptr %22, ptr %23, align 8
step alloc 21 752: br label %24
step alloc 24 758: %28 = getelementptr inbounds nuw i8, ptr %0, i64 %25
step alloc 24 759: store i64 %26, ptr %28, align 8
step alloc 24 760: store i64 %27, ptr %0, align 8
step alloc 24 761: ret void
step alloc 7 684: %14 = load i64, ptr %4, align 8
step alloc 7 685: %15 = trunc nuw i64 %14 to i1
step alloc 7 686: %16 = getelementptr inbounds nuw i8, ptr %4, i64 8
step alloc 7 687: br i1 %15, label %17, label %24
step alloc 24 703: %25 = load ptr, ptr %16, align 8
step alloc 24 704: call void @llvm.lifetime.end.p0(i64 24, ptr nonnull %4)
step alloc 24 705: store ptr %25, ptr %12, align 8
step alloc 24 706: %26 = icmp sgt i64 %11, -1
step alloc 24 707: tail call void @llvm.assume(i1 %26)
step alloc 24 708: store i64 %11, ptr %0, align 8
step alloc 24 709: ret void
step alloc 9 1552: %10 = load i64, ptr %4, align 8
step alloc 9 1553: br label %11
step alloc 11 1557: %13 = icmp sgt i64 %12, -1
step alloc 11 1558: tail call void @llvm.assume(i1 %13)
step alloc 11 1559: %14 = getelementptr inbounds nuw i8, ptr %0, i64 8
step alloc 11 1560: %15 = load ptr, ptr %14, align 8
step alloc 11 1561: %16 = getelementptr inbounds nuw i8, ptr %15, i64 %12
step alloc 11 1562: tail call void @llvm.memcpy.p0.p0.i64(ptr nonnull align 1 %16, ptr nonnull readonly align 1 %1, i64 %2, i1 false)
step alloc 11 1563: %17 = add i64 %12, %2
step alloc 11 1564: store i64 %17, ptr %4, align 8
step alloc 11 1565: ret i1 false
step core 38 887: br i1 %41, label %29, label %120
step core 120 1021: %123 = load i8, ptr %122, align 1
step core 120 1022: %124 = icmp eq i8 %123, 0
step core 120 1023: br i1 %124, label %29, label %31
step core 29 867: ret i1 %30
step alloc 90 1457: br label %105
step alloc 105 1488: call void @llvm.lifetime.start.p0(i64 0, ptr nonnull %4)
step alloc 105 1489: br i1 %91, label %106, label %108
step alloc 108 1499: call void @llvm.lifetime.end.p0(i64 0, ptr nonnull %4)
step alloc 108 1500: call void @llvm.memcpy.p0.p0.i64(ptr noundef nonnull align 8 dereferenceable(24) %0, ptr noundef nonnull align 8 dereferenceable(24) %5, i64 24, i1 false)
step alloc 108 1501: call void @llvm.lifetime.end.p0(i64 24, ptr nonnull %5)
step alloc 108 1502: ret void
step user "_ZN5alloc3vec16Vec$LT$T$C$A$GT$14extend_trusted17hfe3cc4b1aa58378bE.exit" 7840: call void @llvm.lifetime.end.p0(i64 16, ptr nonnull %args)
step user "_ZN5alloc3vec16Vec$LT$T$C$A$GT$14extend_trusted17hfe3cc4b1aa58378bE.exit" 7842: call void @"_ZN70_$LT$alloc..vec..Vec$LT$T$C$A$GT$$u20$as$u20$core..ops..drop..Drop$GT$4drop17h14333928fc26a391E"(ptr noalias noundef nonnull align 8 dereferenceable(24) %_12) #40
step gimli 1 19190: ret void
step user "_ZN5alloc3vec16Vec$LT$T$C$A$GT$14extend_trusted17hfe3cc4b1aa58378bE.exit" 7844: call void @"_ZN77_$LT$alloc..raw_vec..RawVec$LT$T$C$A$GT$$u20$as$u20$core..ops..drop..Drop$GT$4drop17h3a64b8460906f4f4E"(ptr noalias noundef nonnull align 8 dereferenceable(24) %_12) #40
step gimli 1 19330: tail call void @"_ZN5alloc7raw_vec20RawVecInner$LT$A$GT$10deallocate17h1ab787cdb4e63fb3E"(ptr noalias noundef nonnull align 8 dereferenceable(16) %0, i64 noundef 1, i64 noundef 1)
step gimli 3 2568: %4 = alloca i64, align 8
step gimli 3 2569: %5 = alloca i64, align 8
step gimli 3 2570: call void @llvm.lifetime.start.p0(i64 8, ptr nonnull %4)
step gimli 3 2571: call void @llvm.lifetime.start.p0(i64 8, ptr nonnull %5)
step gimli 3 2572: tail call void @llvm.experimental.noalias.scope.decl(metadata !101)
step gimli 3 2573: tail call void @llvm.experimental.noalias.scope.decl(metadata !104)
step gimli 3 2574: %6 = icmp eq i64 %2, 0
step gimli 3 2575: br i1 %6, label %14, label %7
step gimli 7 2578: %8 = load i64, ptr %0, align 8
step gimli 7 2579: %9 = icmp eq i64 %8, 0
step gimli 7 2580: br i1 %9, label %14, label %10
step gimli 10 2583: %11 = mul nuw i64 %8, %2
step gimli 10 2584: %12 = getelementptr inbounds nuw i8, ptr %0, i64 8
step gimli 10 2585: %13 = load ptr, ptr %12, align 8
step gimli 10 2586: store i64 %1, ptr %4, align 8
step gimli 10 2587: br label %14
step gimli 14 2593: store i64 %17, ptr %16, align 8
step gimli 14 2594: %18 = load i64, ptr %4, align 8
step gimli 14 2595: %19 = icmp eq i64 %18, 0
step gimli 14 2596: br i1 %19, label %25, label %20
step gimli 20 2599: %21 = icmp ne ptr %15, null
step gimli 20 2600: tail call void @llvm.assume(i1 %21)
step gimli 20 2601: %22 = load i64, ptr %5, align 8
step gimli 20 2602: %23 = icmp eq i64 %22, 0
step gimli 20 2603: br i1 %23, label %25, label %24
step gimli 24 2606: tail call void @_RNvCs1Y7DaGC1cwg_7___rustc14___rust_dealloc(ptr noundef nonnull %15, i64 noundef %22, i64 noundef range(i64 1, -9223372036854775807) %18) #37
step gimli 24 2607: br label %25
step gimli 25 2610: call void @llvm.lifetime.end.p0(i64 8, ptr nonnull %4)
step gimli 25 2611: call void @llvm.lifetime.end.p0(i64 8, ptr nonnull %5)
step gimli 25 2612: ret void
step gimli 1 19331: ret void
step user "_ZN5alloc3vec16Vec$LT$T$C$A$GT$14extend_trusted17hfe3cc4b1aa58378bE.exit" 7845: call void @llvm.lifetime.end.p0(i64 24, ptr nonnull %_12)
step user "_ZN5alloc3vec16Vec$LT$T$C$A$GT$14extend_trusted17hfe3cc4b1aa58378bE.exit" 7846: call void @llvm.experimental.noalias.scope.decl(metadata !9223)
step user "_ZN5alloc3vec16Vec$LT$T$C$A$GT$14extend_trusted17hfe3cc4b1aa58378bE.exit" 7847: call void @llvm.experimental.noalias.scope.decl(metadata !9227)
step user "_ZN5alloc3vec16Vec$LT$T$C$A$GT$14extend_trusted17hfe3cc4b1aa58378bE.exit" 7848: %_5.i.i = load ptr, ptr %8, align 8
step user "_ZN5alloc3vec16Vec$LT$T$C$A$GT$14extend_trusted17hfe3cc4b1aa58378bE.exit" 7849: %len.i.i = load i64, ptr %9, align 8
step user "_ZN5alloc3vec16Vec$LT$T$C$A$GT$14extend_trusted17hfe3cc4b1aa58378bE.exit" 7850: %_73.i.i.i = icmp eq i64 %len.i.i, 0
step user "_ZN5alloc3vec16Vec$LT$T$C$A$GT$14extend_trusted17hfe3cc4b1aa58378bE.exit" 7851: br i1 %_73.i.i.i, label %"_ZN4core3ptr65drop_in_place$LT$alloc..vec..Vec$LT$alloc..string..String$GT$$GT$17hbe14ba1f77821929E.exit", label %bb2.i.i.i
step user bb2.i.i.i 7855: %_6.i.i.i = getelementptr inbounds nuw %"alloc::string::String", ptr %_5.i.i, i64 %_3.sroa.0.04.i.i.i
step user bb2.i.i.i 7856: %10 = add nuw i64 %_3.sroa.0.04.i.i.i, 1
step user bb2.i.i.i 7858: call void @"_ZN70_$LT$alloc..vec..Vec$LT$T$C$A$GT$$u20$as$u20$core..ops..drop..Drop$GT$4drop17h14333928fc26a391E"(ptr noalias noundef nonnull align 8 dereferenceable(24) %_6.i.i.i) #40
step gimli 1 19190: ret void
step user bb2.i.i.i 7860: call void @"_ZN77_$LT$alloc..raw_vec..RawVec$LT$T$C$A$GT$$u20$as$u20$core..ops..drop..Drop$GT$4drop17h3a64b8460906f4f4E"(ptr noalias noundef nonnull align 8 dereferenceable(24) %_6.i.i.i) #40
step gimli 1 19330: tail call void @"_ZN5alloc7raw_vec20RawVecInner$LT$A$GT$10deallocate17h1ab787cdb4e63fb3E"(ptr noalias noundef nonnull align 8 dereferenceable(16) %0, i64 noundef 1, i64 noundef 1)
step gimli 3 2568: %4 = alloca i64, align 8
step gimli 3 2569: %5 = alloca i64, align 8
step gimli 3 2570: call void @llvm.lifetime.start.p0(i64 8, ptr nonnull %4)
step gimli 3 2571: call void @llvm.lifetime.start.p0(i64 8, ptr nonnull %5)
step gimli 3 2572: tail call void @llvm.experimental.noalias.scope.decl(metadata !101)
step gimli 3 2573: tail call void @llvm.experimental.noalias.scope.decl(metadata !104)
step gimli 3 2574: %6 = icmp eq i64 %2, 0
step gimli 3 2575: br i1 %6, label %14, label %7
step gimli 7 2578: %8 = load i64, ptr %0, align 8
step gimli 7 2579: %9 = icmp eq i64 %8, 0
step gimli 7 2580: br i1 %9, label %14, label %10
step gimli 10 2583: %11 = mul nuw i64 %8, %2
step gimli 10 2584: %12 = getelementptr inbounds nuw i8, ptr %0, i64 8
step gimli 10 2585: %13 = load ptr, ptr %12, align 8
step gimli 10 2586: store i64 %1, ptr %4, align 8
step gimli 10 2587: br label %14
step gimli 14 2593: store i64 %17, ptr %16, align 8
step gimli 14 2594: %18 = load i64, ptr %4, align 8
step gimli 14 2595: %19 = icmp eq i64 %18, 0
step gimli 14 2596: br i1 %19, label %25, label %20
step gimli 20 2599: %21 = icmp ne ptr %15, null
step gimli 20 2600: tail call void @llvm.assume(i1 %21)
step gimli 20 2601: %22 = load i64, ptr %5, align 8
step gimli 20 2602: %23 = icmp eq i64 %22, 0
step gimli 20 2603: br i1 %23, label %25, label %24
step gimli 24 2606: tail call void @_RNvCs1Y7DaGC1cwg_7___rustc14___rust_dealloc(ptr noundef nonnull %15, i64 noundef %22, i64 noundef range(i64 1, -9223372036854775807) %18) #37
step gimli 24 2607: br label %25
step gimli 25 2610: call void @llvm.lifetime.end.p0(i64 8, ptr nonnull %4)
step gimli 25 2611: call void @llvm.lifetime.end.p0(i64 8, ptr nonnull %5)
step gimli 25 2612: ret void
step gimli 1 19331: ret void
step user bb2.i.i.i 7861: %_7.i.i.i = icmp eq i64 %10, %len.i.i
step user bb2.i.i.i 7862: br i1 %_7.i.i.i, label %"_ZN4core3ptr65drop_in_place$LT$alloc..vec..Vec$LT$alloc..string..String$GT$$GT$17hbe14ba1f77821929E.exit", label %bb2.i.i.i
step user bb2.i.i.i 7855: %_6.i.i.i = getelementptr inbounds nuw %"alloc::string::String", ptr %_5.i.i, i64 %_3.sroa.0.04.i.i.i
step user bb2.i.i.i 7856: %10 = add nuw i64 %_3.sroa.0.04.i.i.i, 1
step user bb2.i.i.i 7858: call void @"_ZN70_$LT$alloc..vec..Vec$LT$T$C$A$GT$$u20$as$u20$core..ops..drop..Drop$GT$4drop17h14333928fc26a391E"(ptr noalias noundef nonnull align 8 dereferenceable(24) %_6.i.i.i) #40
step gimli 1 19190: ret void
step user bb2.i.i.i 7860: call void @"_ZN77_$LT$alloc..raw_vec..RawVec$LT$T$C$A$GT$$u20$as$u20$core..ops..drop..Drop$GT$4drop17h3a64b8460906f4f4E"(ptr noalias noundef nonnull align 8 dereferenceable(24) %_6.i.i.i) #40
step gimli 1 19330: tail call void @"_ZN5alloc7raw_vec20RawVecInner$LT$A$GT$10deallocate17h1ab787cdb4e63fb3E"(ptr noalias noundef nonnull align 8 dereferenceable(16) %0, i64 noundef 1, i64 noundef 1)
step gimli 3 2568: %4 = alloca i64, align 8
step gimli 3 2569: %5 = alloca i64, align 8
step gimli 3 2570: call void @llvm.lifetime.start.p0(i64 8, ptr nonnull %4)
step gimli 3 2571: call void @llvm.lifetime.start.p0(i64 8, ptr nonnull %5)
step gimli 3 2572: tail call void @llvm.experimental.noalias.scope.decl(metadata !101)
step gimli 3 2573: tail call void @llvm.experimental.noalias.scope.decl(metadata !104)
step gimli 3 2574: %6 = icmp eq i64 %2, 0
step gimli 3 2575: br i1 %6, label %14, label %7
step gimli 7 2578: %8 = load i64, ptr %0, align 8
step gimli 7 2579: %9 = icmp eq i64 %8, 0
step gimli 7 2580: br i1 %9, label %14, label %10
step gimli 10 2583: %11 = mul nuw i64 %8, %2
step gimli 10 2584: %12 = getelementptr inbounds nuw i8, ptr %0, i64 8
step gimli 10 2585: %13 = load ptr, ptr %12, align 8
step gimli 10 2586: store i64 %1, ptr %4, align 8
step gimli 10 2587: br label %14
step gimli 14 2593: store i64 %17, ptr %16, align 8
step gimli 14 2594: %18 = load i64, ptr %4, align 8
step gimli 14 2595: %19 = icmp eq i64 %18, 0
step gimli 14 2596: br i1 %19, label %25, label %20
step gimli 20 2599: %21 = icmp ne ptr %15, null
step gimli 20 2600: tail call void @llvm.assume(i1 %21)
step gimli 20 2601: %22 = load i64, ptr %5, align 8
step gimli 20 2602: %23 = icmp eq i64 %22, 0
step gimli 20 2603: br i1 %23, label %25, label %24
step gimli 24 2606: tail call void @_RNvCs1Y7DaGC1cwg_7___rustc14___rust_dealloc(ptr noundef nonnull %15, i64 noundef %22, i64 noundef range(i64 1, -9223372036854775807) %18) #37
step gimli 24 2607: br label %25
step gimli 25 2610: call void @llvm.lifetime.end.p0(i64 8, ptr nonnull %4)
step gimli 25 2611: call void @llvm.lifetime.end.p0(i64 8, ptr nonnull %5)
step gimli 25 2612: ret void
step gimli 1 19331: ret void
step user bb2.i.i.i 7861: %_7.i.i.i = icmp eq i64 %10, %len.i.i
step user bb2.i.i.i 7862: br i1 %_7.i.i.i, label %"_ZN4core3ptr65drop_in_place$LT$alloc..vec..Vec$LT$alloc..string..String$GT$$GT$17hbe14ba1f77821929E.exit", label %bb2.i.i.i
step user bb2.i.i.i 7855: %_6.i.i.i = getelementptr inbounds nuw %"alloc::string::String", ptr %_5.i.i, i64 %_3.sroa.0.04.i.i.i
step user bb2.i.i.i 7856: %10 = add nuw i64 %_3.sroa.0.04.i.i.i, 1
step user bb2.i.i.i 7858: call void @"_ZN70_$LT$alloc..vec..Vec$LT$T$C$A$GT$$u20$as$u20$core..ops..drop..Drop$GT$4drop17h14333928fc26a391E"(ptr noalias noundef nonnull align 8 dereferenceable(24) %_6.i.i.i) #40
step gimli 1 19190: ret void
step user bb2.i.i.i 7860: call void @"_ZN77_$LT$alloc..raw_vec..RawVec$LT$T$C$A$GT$$u20$as$u20$core..ops..drop..Drop$GT$4drop17h3a64b8460906f4f4E"(ptr noalias noundef nonnull align 8 dereferenceable(24) %_6.i.i.i) #40
step gimli 1 19330: tail call void @"_ZN5alloc7raw_vec20RawVecInner$LT$A$GT$10deallocate17h1ab787cdb4e63fb3E"(ptr noalias noundef nonnull align 8 dereferenceable(16) %0, i64 noundef 1, i64 noundef 1)
step gimli 3 2568: %4 = alloca i64, align 8
step gimli 3 2569: %5 = alloca i64, align 8
step gimli 3 2570: call void @llvm.lifetime.start.p0(i64 8, ptr nonnull %4)
step gimli 3 2571: call void @llvm.lifetime.start.p0(i64 8, ptr nonnull %5)
step gimli 3 2572: tail call void @llvm.experimental.noalias.scope.decl(metadata !101)
step gimli 3 2573: tail call void @llvm.experimental.noalias.scope.decl(metadata !104)
step gimli 3 2574: %6 = icmp eq i64 %2, 0
step gimli 3 2575: br i1 %6, label %14, label %7
step gimli 7 2578: %8 = load i64, ptr %0, align 8
step gimli 7 2579: %9 = icmp eq i64 %8, 0
step gimli 7 2580: br i1 %9, label %14, label %10
step gimli 10 2583: %11 = mul nuw i64 %8, %2
step gimli 10 2584: %12 = getelementptr inbounds nuw i8, ptr %0, i64 8
step gimli 10 2585: %13 = load ptr, ptr %12, align 8
step gimli 10 2586: store i64 %1, ptr %4, align 8
step gimli 10 2587: br label %14
step gimli 14 2593: store i64 %17, ptr %16, align 8
step gimli 14 2594: %18 = load i64, ptr %4, align 8
step gimli 14 2595: %19 = icmp eq i64 %18, 0
step gimli 14 2596: br i1 %19, label %25, label %20
step gimli 20 2599: %21 = icmp ne ptr %15, null
step gimli 20 2600: tail call void @llvm.assume(i1 %21)
step gimli 20 2601: %22 = load i64, ptr %5, align 8
step gimli 20 2602: %23 = icmp eq i64 %22, 0
step gimli 20 2603: br i1 %23, label %25, label %24
step gimli 24 2606: tail call void @_RNvCs1Y7DaGC1cwg_7___rustc14___rust_dealloc(ptr noundef nonnull %15, i64 noundef %22, i64 noundef range(i64 1, -9223372036854775807) %18) #37
step gimli 24 2607: br label %25
step gimli 25 2610: call void @llvm.lifetime.end.p0(i64 8, ptr nonnull %4)
step gimli 25 2611: call void @llvm.lifetime.end.p0(i64 8, ptr nonnull %5)
step gimli 25 2612: ret void
step gimli 1 19331: ret void
step user bb2.i.i.i 7861: %_7.i.i.i = icmp eq i64 %10, %len.i.i
step user bb2.i.i.i 7862: br i1 %_7.i.i.i, label %"_ZN4core3ptr65drop_in_place$LT$alloc..vec..Vec$LT$alloc..string..String$GT$$GT$17hbe14ba1f77821929E.exit", label %bb2.i.i.i
step user "_ZN4core3ptr65drop_in_place$LT$alloc..vec..Vec$LT$alloc..string..String$GT$$GT$17hbe14ba1f77821929E.exit" 7866: call void @"_ZN5alloc7raw_vec20RawVecInner$LT$A$GT$10deallocate17h1ab787cdb4e63fb3E"(ptr noalias noundef nonnull align 8 dereferenceable(24) %parts, i64 noundef 8, i64 noundef 24) #40
step gimli 3 2568: %4 = alloca i64, align 8
step gimli 3 2569: %5 = alloca i64, align 8
step gimli 3 2570: call void @llvm.lifetime.start.p0(i64 8, ptr nonnull %4)
step gimli 3 2571: call void @llvm.lifetime.start.p0(i64 8, ptr nonnull %5)
step gimli 3 2572: tail call void @llvm.experimental.noalias.scope.decl(metadata !101)
step gimli 3 2573: tail call void @llvm.experimental.noalias.scope.decl(metadata !104)
step gimli 3 2574: %6 = icmp eq i64 %2, 0
step gimli 3 2575: br i1 %6, label %14, label %7
step gimli 7 2578: %8 = load i64, ptr %0, align 8
step gimli 7 2579: %9 = icmp eq i64 %8, 0
step gimli 7 2580: br i1 %9, label %14, label %10
step gimli 10 2583: %11 = mul nuw i64 %8, %2
step gimli 10 2584: %12 = getelementptr inbounds nuw i8, ptr %0, i64 8
step gimli 10 2585: %13 = load ptr, ptr %12, align 8
step gimli 10 2586: store i64 %1, ptr %4, align 8
step gimli 10 2587: br label %14
step gimli 14 2593: store i64 %17, ptr %16, align 8
step gimli 14 2594: %18 = load i64, ptr %4, align 8
step gimli 14 2595: %19 = icmp eq i64 %18, 0
step gimli 14 2596: br i1 %19, label %25, label %20
step gimli 20 2599: %21 = icmp ne ptr %15, null
step gimli 20 2600: tail call void @llvm.assume(i1 %21)
step gimli 20 2601: %22 = load i64, ptr %5, align 8
step gimli 20 2602: %23 = icmp eq i64 %22, 0
step gimli 20 2603: br i1 %23, label %25, label %24
step gimli 24 2606: tail call void @_RNvCs1Y7DaGC1cwg_7___rustc14___rust_dealloc(ptr noundef nonnull %15, i64 noundef %22, i64 noundef range(i64 1, -9223372036854775807) %18) #37
step gimli 24 2607: br label %25
step gimli 25 2610: call void @llvm.lifetime.end.p0(i64 8, ptr nonnull %4)
step gimli 25 2611: call void @llvm.lifetime.end.p0(i64 8, ptr nonnull %5)
step gimli 25 2612: ret void
step user "_ZN4core3ptr65drop_in_place$LT$alloc..vec..Vec$LT$alloc..string..String$GT$$GT$17hbe14ba1f77821929E.exit" 7867: call void @llvm.lifetime.end.p0(i64 24, ptr nonnull %parts)
step user "_ZN4core3ptr65drop_in_place$LT$alloc..vec..Vec$LT$alloc..string..String$GT$$GT$17hbe14ba1f77821929E.exit" 7868: br label %bb16
step user bb16 7877: ret void
step user start 3864: %6 = getelementptr inbounds nuw i8, ptr %_8, i64 8
step user start 3865: %_6.i = load ptr, ptr %6, align 8
